ID,Prompt,Label,Granular_Cause_Labels,Reason
PRM-001,What are the common adverse events for 10mg Atorvastatin oral tablets in adult populations according to the FDA label?,VALID,VALID,"Contains explicit drug, dose, route, target population, and regulatory authority."
PRM-002,Summarize the primary endpoints in Section 3.2 of Clinical Trial Protocol GLP-2024-09.,VALID,VALID,"Explicitly identifies protocol number, document section, and target metric."
PRM-003,What is the recommended storage temperature range for Pembrolizumab 100mg/4mL solution according to the EMA SmPC?,VALID,VALID,"Fully specifies product, strength, formulation, metric, and document source."
PRM-004,Extract the overall survival rates for the Pembrolizumab 200mg Q3W arm versus chemotherapy in Phase 3 Trial KEYNOTE-024.,VALID,VALID,"Clear drug, dose, schedule, comparator, phase, trial ID, and primary outcome."
PRM-005,What are the inclusion criteria for pediatric patients aged 6-12 in Phase 2 Protocol NCT04891234?,VALID,VALID,"Explicit target population, age range, trial phase, and NCT identifier."
PRM-006,Compare the Cmax and AUC of Metformin 500mg extended-release vs immediate-release formulations based on FDA bioequivalence summary.,VALID,VALID,"Clear comparative parameters, dosages, formulations, and regulatory baseline."
PRM-007,List all Grade 3 and Grade 4 neutropenia events reported in Cohort B of Clinical Study Report CSR-88301.,VALID,VALID,"Specific event grades, cohort name, and source document identifier."
PRM-008,What is the mandatory wash-out period for wash-out phase in Protocol CAN-2022-P3 prior to Randomization Visit 2?,VALID,VALID,Explicit protocol identifier and specific clinical trial visit.
PRM-009,Extract renal clearance parameters for Compound JNJ-6379 300mg oral capsule from the Investigator Brochure v4.0.,VALID,VALID,"Explicit compound ID, dosage, route, parameter, and document version."
PRM-010,What are the approved pediatric indications for Amoxicillin oral suspension in the UK MHRA database?,VALID,VALID,"Fully defined drug name, formulation, cohort, and regulatory agency."
PRM-011,What are the common side effects of this statin?,AMBIGUOUS,AMB_ENTITY_UNSPECIFIED,Uses 'this statin' without identifying the specific chemical entity or brand name.
PRM-012,Can you pull the adverse event reports associated with the newly approved diabetes injection from last quarter's filing?,AMBIGUOUS,AMB_ENTITY_UNSPECIFIED,Fails to name the specific diabetes drug or active pharmaceutical ingredient.
PRM-013,We need to evaluate the post-marketing surveillance data for our main oncology drug to prepare for our internal review meeting.,AMBIGUOUS,AMB_ENTITY_UNSPECIFIED,"References 'our main oncology drug' without a specific drug ID, code, or brand name."
PRM-014,What are the drug interaction warnings for the blockbuster cholesterol medication?,AMBIGUOUS,AMB_ENTITY_UNSPECIFIED,Refers to a generic market description rather than a specific pharmaceutical entity.
PRM-015,Extract the efficacy results for our lead immunology candidate from the latest clinical report.,AMBIGUOUS,AMB_ENTITY_UNSPECIFIED,Unspecified compound code name or molecule identifier.
PRM-016,What is the recommended maximum daily dose for the novel oral anticoagulant?,AMBIGUOUS,AMB_ENTITY_UNSPECIFIED,Does not specify which oral anticoagulant is being inquired about.
PRM-017,Summarize toxicity profile for the key hypertension drug in our portfolio.,AMBIGUOUS,AMB_ENTITY_UNSPECIFIED,Lacks product name or specific pipeline molecule identifier.
PRM-018,Check whether the GLP-1 drug requires renal dosage adjustments.,AMBIGUOUS,AMB_ENTITY_UNSPECIFIED,GLP-1 is a drug class; specific drug name is missing.
PRM-019,Summarize clinical trial results for our SGLT2 inhibitor in heart failure patients.,AMBIGUOUS,AMB_ENTITY_UNSPECIFIED,Refers to a drug class rather than a specific compound.
PRM-020,What are the stability guidelines for our Phase 3 mAb candidate?,AMBIGUOUS,AMB_ENTITY_UNSPECIFIED,Does not specify the target monoclonal antibody identifier.
PRM-021,Summarize the primary endpoints for it.,AMBIGUOUS,AMB_PRONOUN_UNRESOLVED,Uses pronoun 'it' without providing prior text context or antecedent.
PRM-022,Please cross-reference the clinical outcomes reported in this trial with the previous study we conducted.,AMBIGUOUS,AMB_PRONOUN_UNRESOLVED,Relies on relative terms 'this trial' and 'the previous study' without explicit identifiers.
PRM-023,Highlight all instances where they noted severe neutropenia and outline how they adjusted the administration schedule.,AMBIGUOUS,AMB_PRONOUN_UNRESOLVED,Unresolved pronoun 'they' referring to unspecified trial investigators or sponsor.
PRM-024,Did it show statistical significance in reducing HbA1c levels at 24 weeks?,AMBIGUOUS,AMB_PRONOUN_UNRESOLVED,Pronoun 'it' lacks reference to a specific drug or trial arm.
PRM-025,Compare its safety profile with the standard of care treatment.,AMBIGUOUS,AMB_PRONOUN_UNRESOLVED,Pronoun 'its' is completely detached from a named drug entity.
PRM-026,How many patients in that cohort experienced serious adverse events during the maintenance phase?,AMBIGUOUS,AMB_PRONOUN_UNRESOLVED,Demonstrative pronoun 'that cohort' lacks antecedent context.
PRM-027,Did they file the Investigational New Drug application for the molecule last month?,AMBIGUOUS,AMB_PRONOUN_UNRESOLVED,Ambiguous subject pronoun 'they' and unspecified 'the molecule'.
PRM-028,What were their main conclusions regarding hepatic clearance during the Phase 1 trial?,AMBIGUOUS,AMB_PRONOUN_UNRESOLVED,Possessive pronoun 'their' is undefined.
PRM-029,Can you extract all protocol deviations reported by them during Site Visit 3?,AMBIGUOUS,AMB_PRONOUN_UNRESOLVED,Pronoun 'them' does not identify the clinical site or CRO.
PRM-030,Show the dosage escalation steps recommended by him in the interim safety memo.,AMBIGUOUS,AMB_PRONOUN_UNRESOLVED,Pronoun 'him' lacks context regarding the author or medical monitor.
PRM-031,Check response rates for APC.,AMBIGUOUS,AMB_SYNONYM_POLYSEMY,"Acronym 'APC' is polysemous (Activated Protein C, Argon Plasma Coagulation, Antigen-Presenting Cell)."
PRM-032,Generate a brief summary on how MS affects treatment selection criteria when evaluating patients.,AMBIGUOUS,AMB_SYNONYM_POLYSEMY,"Acronym 'MS' could mean Multiple Sclerosis, Mitral Stenosis, or Morphine Sulfate."
PRM-033,We need a breakdown of all recent clinical literature evaluating how HIT incidence impacts patient management in ICUs.,AMBIGUOUS,AMB_SYNONYM_POLYSEMY,HIT' could refer to Heparin-Induced Thrombocytopenia or Histamine Infusion Test.
PRM-034,What are the recommended dosing parameters for ALL patients in the oncology protocol?,AMBIGUOUS,AMB_SYNONYM_POLYSEMY,ALL' is ambiguous between the English word 'all' and Acute Lymphoblastic Leukemia.
PRM-035,Summarize safety outcomes for patients with ALS.,AMBIGUOUS,AMB_SYNONYM_POLYSEMY,ALS' can mean Amyotrophic Lateral Sclerosis or Advanced Life Support.
PRM-036,Provide clinical trial guidelines for handling CEA elevations during treatment.,AMBIGUOUS,AMB_SYNONYM_POLYSEMY,CEA' could stand for Carcinoembryonic Antigen or Carotid Endarterectomy.
PRM-037,How does ACA compliance affect our clinical trial site contracting procedures?,AMBIGUOUS,AMB_SYNONYM_POLYSEMY,"ACA' could mean Affordable Care Act, Anti-Centromere Antibodies, or Anterior Cerebral Artery."
PRM-038,What are the reported adverse effects of PCA administration in post-operative care?,AMBIGUOUS,AMB_SYNONYM_POLYSEMY,PCA' could mean Patient-Controlled Analgesia or Posterior Communicating Artery.
PRM-039,Extract patient response rates for total CML clearance.,AMBIGUOUS,AMB_SYNONYM_POLYSEMY,CML' could mean Chronic Myelogenous Leukemia or Cell-Mediated Lympholysis.
PRM-040,Review clinical data regarding CMP levels across trial subjects.,AMBIGUOUS,AMB_SYNONYM_POLYSEMY,"CMP' can mean Comprehensive Metabolic Panel, Cytidine Monophosphate, or Cardiomyopathy."
PRM-041,How often should Metformin be taken?,AMBIGUOUS,"AMB_DOSAGE_STRENGTH, AMB_REGIMEN_SCHEDULE",Missing dosage strength (mg) and existing regimen details to determine frequency.
PRM-042,Provide the pharmacokinetic profile and bioequivalence metrics for oral Pembrolizumab in adult patients.,AMBIGUOUS,AMB_DOSAGE_STRENGTH,"Mentions API (Pembrolizumab) and route, but lacks dosage strength (e.g., 200mg or 2mg/kg)."
PRM-043,What is the shelf life of Compound X?,AMBIGUOUS,AMB_ROUTE_FORMULATION,"Lacks formulation details (e.g., reconstituted liquid, lyophilized powder, oral tablet)."
PRM-044,How is Keytruda administered to patients?,AMBIGUOUS,"AMB_REGIMEN_SCHEDULE, AMB_ROUTE_FORMULATION","Asks for administration but omits context on route, formulation, infusion time, or cycle interval."
PRM-045,Extract long-term stability testing guidelines for our lead monoclonal antibody stored at 2-8 degrees C.,AMBIGUOUS,"AMB_ENTITY_UNSPECIFIED, AMB_ROUTE_FORMULATION",Unspecified antibody code name and missing dosage form/formulation.
PRM-046,Can you provide the administration protocol for Docetaxel during maintenance therapy?,AMBIGUOUS,"AMB_DOSAGE_STRENGTH, AMB_REGIMEN_SCHEDULE","Missing dose per body surface area (mg/m2) and exact cycle schedule (e.g., Q3W)."
PRM-047,What are the dissolution requirements for Paracetamol batches?,AMBIGUOUS,"AMB_DOSAGE_STRENGTH, AMB_ROUTE_FORMULATION","Lacks strength (500mg, 1000mg) and dosage form (suppository, immediate-release tablet)."
PRM-048,Provide dosing guidelines for Vancomycin in patients with renal impairment.,AMBIGUOUS,"AMB_ROUTE_FORMULATION, AMB_DOSAGE_STRENGTH",Vancomycin dosing varies drastically by route (oral vs IV) and strength/trough targets.
PRM-049,What is the maximum daily dose for oral Ibuprofen in adult populations?,AMBIGUOUS,AMB_DOSAGE_STRENGTH,Asks for maximum dose without specifying baseline strength per unit or release mechanism.
PRM-050,How should Rituximab be infused for non-Hodgkin lymphoma patients?,AMBIGUOUS,"AMB_DOSAGE_STRENGTH, AMB_REGIMEN_SCHEDULE","Lacks infusion rates, dose based on BSA (mg/m2), and specific cycle timing."
PRM-051,Show efficacy results for Protocol 101.,AMBIGUOUS,"AMB_STUDY_PHASE, AMB_ENDPOINT_TYPE","Omits study phase (Phase 1 vs 3) and specific endpoint type (PFS, OS, ORR)."
PRM-052,What was the overall survival rate in the diabetes trial?,AMBIGUOUS,"AMB_ARM_POPULATION, AMB_ENTITY_UNSPECIFIED",Fails to specify trial ID/drug and does not define patient cohort or treatment arm.
PRM-053,Is Drug A significantly more effective?,AMBIGUOUS,"AMB_COMPARATOR_MISSING, AMB_ENDPOINT_TYPE",Missing comparator baseline (placebo or active drug) and metric of effectiveness.
PRM-054,Give me the trial outcomes for GLP-88.,AMBIGUOUS,"AMB_ENDPOINT_TYPE, AMB_STUDY_PHASE",Extremely vague outcome request without identifying primary/secondary endpoints or phase.
PRM-055,Summarize adverse events observed during the randomized trial for the novel anticoagulant.,AMBIGUOUS,"AMB_ENTITY_UNSPECIFIED, AMB_ARM_POPULATION",Unspecified drug name and missing specific treatment arm/dose cohort.
PRM-056,Generate a statistical comparison showing whether our anti-inflammatory agent achieved non-inferiority.,AMBIGUOUS,"AMB_COMPARATOR_MISSING, AMB_ENTITY_UNSPECIFIED","Lacks drug name, benchmark comparator control, and target endpoint metric."
PRM-057,What were the biomarker changes observed during the trial?,AMBIGUOUS,"AMB_ENTITY_UNSPECIFIED, AMB_ENDPOINT_TYPE",Fails to state trial/drug name and does not specify exploratory vs primary biomarkers.
PRM-058,Extract median progression-free survival for the oncology candidate across study cohorts.,AMBIGUOUS,"AMB_ENTITY_UNSPECIFIED, AMB_ARM_POPULATION",Missing specific drug molecule code and breakdown of distinct treatment cohorts.
PRM-059,Did the candidate drug achieve its primary endpoint in the Phase 3 trial?,AMBIGUOUS,AMB_ENTITY_UNSPECIFIED,Fails to state the name or code of the candidate drug or protocol ID.
PRM-060,Was the severe adverse event rate lower in Cohort 1?,AMBIGUOUS,"AMB_COMPARATOR_MISSING, AMB_ENTITY_UNSPECIFIED",Missing comparator cohort (e.g. vs Cohort 2 or Placebo) and trial/drug ID.
PRM-061,What are the BLA filing requirements?,AMBIGUOUS,AMB_REGULATORY_JURISDICTION,Asks for filing requirements without specifying regulatory body (FDA vs Health Canada).
PRM-062,Find the storage conditions in the file.,AMBIGUOUS,"AMB_DOCUMENT_TYPE, AMB_PRONOUN_UNRESOLVED","Lacks document type (SmPC, IB, Module 3 CMC) and uses vague reference 'the file'."
PRM-063,Show the latest protocol changes for Compound 409.,AMBIGUOUS,"AMB_VERSION_TEMPORAL, AMB_DOCUMENT_TYPE",Uses relative term 'latest' without specifying protocol amendment number or date.
PRM-064,What are the current FDA guidance recommendations for conducting decentralized clinical trials?,AMBIGUOUS,AMB_VERSION_TEMPORAL,Uses relative term 'current' instead of specifying release year or guidance document version.
PRM-065,List mandatory pediatric investigation plan requirements needed before submitting our marketing application.,AMBIGUOUS,"AMB_REGULATORY_JURISDICTION, AMB_ENTITY_UNSPECIFIED",Missing regulatory authority (EMA PIP vs FDA iPSP) and drug name.
PRM-066,Extract the section detailing risk management strategies for the anti-hypertensive compound.,AMBIGUOUS,"AMB_ENTITY_UNSPECIFIED, AMB_DOCUMENT_TYPE","Unspecified drug name and missing document type (RMP, IB, or SmPC)."
PRM-067,What are the labeling requirements for pregnancy warnings?,AMBIGUOUS,"AMB_REGULATORY_JURISDICTION, AMB_ENTITY_UNSPECIFIED",Unspecified drug name and missing regulatory region (FDA PLLR vs EMA SmPC Section 4.6).
PRM-068,Check whether the trial protocol complies with recent Good Clinical Practice guidelines.,AMBIGUOUS,"AMB_VERSION_TEMPORAL, AMB_DOCUMENT_TYPE",Uses relative term 'recent' without citing ICH GCP E6(R2) or E6(R3) version.
PRM-069,Extract safety warnings from the product label.,AMBIGUOUS,"AMB_ENTITY_UNSPECIFIED, AMB_REGULATORY_JURISDICTION",Does not state drug name or jurisdiction of product label.
PRM-070,Pull the chemistry and manufacturing control requirements for our biologic submission.,AMBIGUOUS,"AMB_REGULATORY_JURISDICTION, AMB_ENTITY_UNSPECIFIED",Unspecified drug name and missing submission authority.
PRM-071,Explain oncology Phase 3 trials.,AMBIGUOUS,AMB_SCOPE_OVERLY_BROAD,Unbounded query covering vast medical literature without specific parameter limits.
PRM-072,Show Phase 4 data for unapproved Phase 1 compound X.,AMBIGUOUS,AMB_CONTEXT_CONFLICT,Contradictory context: an unapproved Phase 1 investigational compound cannot have Phase 4 data.
PRM-073,Pediatric oncology clinical trials.,AMBIGUOUS,AMB_INTENT_UNACTIONABLE,Isolated keywords with no verb or actionable instruction.
PRM-074,Summarize the complete safety and efficacy literature for all commercialized GLP-1 receptor agonists.,AMBIGUOUS,AMB_SCOPE_OVERLY_BROAD,Extremely broad request spanning decades of clinical literature across multiple drugs.
PRM-075,Provide EMA marketing authorization approval date for our First-in-Human candidate.,AMBIGUOUS,AMB_CONTEXT_CONFLICT,Contradictory context: First-in-Human candidates are in Phase 1 and do not have EMA marketing authorization.
PRM-076,Cardiovascular risk safety signals in elderly patient cohorts with pre-existing renal disease.,AMBIGUOUS,AMB_INTENT_UNACTIONABLE,"Fragmented phrase lacking a clear task, query, or command."
PRM-077,"Provide a comprehensive analysis detailing every clinical trial result, regulatory approval history, and patent litigation strategy for all anti-TNF therapies.",AMBIGUOUS,AMB_SCOPE_OVERLY_BROAD,"Impractically vast task combining clinical, regulatory, and legal domains across an entire class."
PRM-078,Extract FDA package insert guidelines for prescribing oral Insulin approved in 1995.,AMBIGUOUS,AMB_CONTEXT_CONFLICT,Contradictory/Factually false context: FDA has not approved oral insulin in 1995.
PRM-079,Regarding ongoing Phase 2 study updates and safety monitoring committee reports.,AMBIGUOUS,AMB_INTENT_UNACTIONABLE,Incomplete introductory phrase without an executable prompt instruction.
PRM-080,Give me all data on all drugs in our pipeline.,AMBIGUOUS,AMB_SCOPE_OVERLY_BROAD,"Absurdly broad scope without filtering by clinical trial, drug, or document type."
PRM-081,Summarize adverse reactions for this drug in pediatric trials.,AMBIGUOUS,"AMB_ENTITY_UNSPECIFIED, AMB_STUDY_PHASE",Unspecified drug name ('this drug') and lacks specific trial protocol/phase identification.
PRM-082,What is the efficacy of 200mg Keytruda compared to placebo?,AMBIGUOUS,"AMB_ENDPOINT_TYPE, AMB_STUDY_PHASE","Lacks endpoint metric (e.g., OS, PFS, ORR) and specific study phase/trial ID."
PRM-083,Pull safety findings from the recent report on Compound 101.,AMBIGUOUS,"AMB_DOCUMENT_TYPE, AMB_VERSION_TEMPORAL","Relies on relative time term 'recent' and does not specify document type (CSR, DSUR, IB)."
PRM-084,What are the dosing guidelines for administering intravenous Pembrolizumab?,AMBIGUOUS,"AMB_DOSAGE_STRENGTH, AMB_REGIMEN_SCHEDULE",Missing metric dosage strength (mg or mg/kg) and cycle schedule frequency.
PRM-085,Is our lead oncology drug better than chemotherapy?,AMBIGUOUS,"AMB_ENTITY_UNSPECIFIED, AMB_COMPARATOR_MISSING, AMB_ENDPOINT_TYPE","Unspecified drug, ambiguous chemotherapy comparator, and missing outcome metric."
PRM-086,Extract all primary endpoints from the Phase 3 trial.,AMBIGUOUS,"AMB_ENTITY_UNSPECIFIED, AMB_DOCUMENT_TYPE",Fails to name the drug/trial identifier and omits source document type.
PRM-087,What are the storage requirements for Atorvastatin according to current guidelines?,AMBIGUOUS,"AMB_VERSION_TEMPORAL, AMB_REGULATORY_JURISDICTION",Uses relative term 'current guidelines' and omits regulatory agency (FDA/EMA/USP).
PRM-088,Provide the clearance rate for the 50mg dose in the patient cohort.,AMBIGUOUS,"AMB_ENTITY_UNSPECIFIED, AMB_ARM_POPULATION",Missing drug entity name and lacks demographic or arm definition for 'the patient cohort'.
PRM-089,Summarize the results from Section 2 of the protocol.,AMBIGUOUS,"AMB_ENTITY_UNSPECIFIED, AMB_ENDPOINT_TYPE",Lacks protocol identification number and target outcome/topic.
PRM-090,What is the toxicity profile of the monoclonal antibody when given once daily?,AMBIGUOUS,"AMB_ENTITY_UNSPECIFIED, AMB_DOSAGE_STRENGTH",Unspecified mAb name and missing dosage strength.
PRM-091,Compare the Phase 2 safety data of our drug with FDA standards.,AMBIGUOUS,"AMB_ENTITY_UNSPECIFIED, AMB_ENDPOINT_TYPE",Missing drug name and fails to specify safety endpoints or specific FDA guidance document.
PRM-092,What are the SAEs reported in the latest study for pediatric patients?,AMBIGUOUS,"AMB_ENTITY_UNSPECIFIED, AMB_VERSION_TEMPORAL, AMB_STUDY_PHASE","Unspecified drug name, relative term 'latest study', and missing clinical trial phase."
PRM-093,Extract pharmacokinetic parameters from the IB.,AMBIGUOUS,"AMB_ENTITY_UNSPECIFIED, AMB_VERSION_TEMPORAL",Unspecified compound name and missing Investigator Brochure version/date.
PRM-094,Is 10mg once daily the standard dose for this indication?,AMBIGUOUS,"AMB_ENTITY_UNSPECIFIED, AMB_PRONOUN_UNRESOLVED",Unspecified drug entity and unresolved demonstrative 'this indication'.
PRM-095,Provide all safety data for Compound X under EU regulations.,AMBIGUOUS,"AMB_SCOPE_OVERLY_BROAD, AMB_ENDPOINT_TYPE",Overly broad scope ('all safety data') and unspecified endpoint categories.
PRM-096,Check whether the trial met its secondary endpoints in the recent analysis.,AMBIGUOUS,"AMB_ENTITY_UNSPECIFIED, AMB_VERSION_TEMPORAL, AMB_ENDPOINT_TYPE","Missing trial ID, relative term 'recent analysis', and unspecified secondary endpoint."
PRM-097,What are the contraindications for the oral tablet formulation?,AMBIGUOUS,"AMB_ENTITY_UNSPECIFIED, AMB_REGULATORY_JURISDICTION",Unspecified drug name and missing regulatory jurisdiction.
PRM-098,Summarize clinical findings for Protocol 202.,AMBIGUOUS,"AMB_STUDY_PHASE, AMB_ENDPOINT_TYPE, AMB_DOCUMENT_TYPE","Lacks study phase, specific endpoint metrics, and source document type."
PRM-099,What is the recommended titration schedule for the cardiovascular drug?,AMBIGUOUS,"AMB_ENTITY_UNSPECIFIED, AMB_DOSAGE_STRENGTH",Unspecified cardiovascular drug entity and missing baseline dosage strength.
PRM-100,Extract adverse event rates for Cohort A in the Phase 1 trial.,AMBIGUOUS,"AMB_ENTITY_UNSPECIFIED, AMB_ENDPOINT_TYPE",Missing drug/compound identifier and specific adverse event categories.
PRM-101,What are the common adverse events associated with this cancer drug?,AMBIGUOUS,AMB_ENTITY_UNSPECIFIED,“This cancer drug” does not identify a specific drug or active ingredient.
PRM-102,Summarize the efficacy of the leading GLP-1 medicine.,AMBIGUOUS,AMB_ENTITY_UNSPECIFIED,A general market description is used instead of a specific drug name.
PRM-103,What is the recommended dose for our cardiovascular compound?,AMBIGUOUS,AMB_ENTITY_UNSPECIFIED,The compound is not identified by name or code.
PRM-104,Extract safety findings for the new oncology antibody.,AMBIGUOUS,AMB_ENTITY_UNSPECIFIED,The monoclonal antibody is not specifically identified.
PRM-105,What are the contraindications for the diabetes tablet?,AMBIGUOUS,AMB_ENTITY_UNSPECIFIED,"Multiple diabetes tablets exist, and no specific drug is named."
PRM-106,Review the pharmacokinetics of our lead compound.,AMBIGUOUS,AMB_ENTITY_UNSPECIFIED,“Our lead compound” lacks a specific compound identifier.
PRM-107,What warnings apply to the recently launched anticoagulant?,AMBIGUOUS,AMB_ENTITY_UNSPECIFIED,The anticoagulant is described generally without a specific name.
PRM-108,Summarize the safety profile of the biologic.,AMBIGUOUS,AMB_ENTITY_UNSPECIFIED,“The biologic” does not identify a particular pharmaceutical product.
PRM-109,Does the respiratory drug require dose adjustment?,AMBIGUOUS,AMB_ENTITY_UNSPECIFIED,The specific respiratory drug is not provided.
PRM-110,Extract the efficacy results for the investigational vaccine candidate.,AMBIGUOUS,AMB_ENTITY_UNSPECIFIED,The vaccine candidate is not identified by name or study code.
PRM-111,What were its primary endpoints?,AMBIGUOUS,AMB_PRONOUN_UNRESOLVED,“Its” has no identifiable antecedent in the prompt.
PRM-112,Was this drug effective in the study?,AMBIGUOUS,AMB_PRONOUN_UNRESOLVED,“This drug” does not refer to a previously identified drug.
PRM-113,What adverse events did they experience?,AMBIGUOUS,AMB_PRONOUN_UNRESOLVED,“They” does not identify a patient population.
PRM-114,Compare this with the previous trial.,AMBIGUOUS,AMB_PRONOUN_UNRESOLVED,Neither “this” nor “the previous trial” is clearly identified.
PRM-115,Did it meet the primary endpoint?,AMBIGUOUS,AMB_PRONOUN_UNRESOLVED,“It” has no clear antecedent.
PRM-116,Extract the results from that study.,AMBIGUOUS,AMB_PRONOUN_UNRESOLVED,“That study” is not identified within the prompt.
PRM-117,What was the dose used for this treatment?,AMBIGUOUS,AMB_PRONOUN_UNRESOLVED,“This treatment” has no defined antecedent.
PRM-118,Summarize their safety data from the last trial.,AMBIGUOUS,AMB_PRONOUN_UNRESOLVED,“Their” and “the last trial” are context-dependent and unresolved.
PRM-119,What does the label say about it?,AMBIGUOUS,AMB_PRONOUN_UNRESOLVED,“It” does not identify the relevant drug or product.
PRM-120,Was this formulation more stable?,AMBIGUOUS,AMB_PRONOUN_UNRESOLVED,The formulation referred to by “this” is unspecified.
PRM-121,Summarize the MS data from the clinical study.,AMBIGUOUS,AMB_SYNONYM_POLYSEMY,“MS” can have multiple medical meanings without context.
PRM-122,Extract APC-related findings from the report.,AMBIGUOUS,AMB_SYNONYM_POLYSEMY,“APC” is an ambiguous abbreviation with multiple biomedical meanings.
PRM-123,What was the impact of HIT on treatment?,AMBIGUOUS,AMB_SYNONYM_POLYSEMY,“HIT” requires contextual clarification.
PRM-124,Review the CR findings from the trial.,AMBIGUOUS,AMB_SYNONYM_POLYSEMY,“CR” can refer to multiple clinical or biomedical concepts.
PRM-125,Summarize the AE profile in the MS population.,AMBIGUOUS,AMB_SYNONYM_POLYSEMY,The abbreviation “MS” remains ambiguous despite the clinical context.
PRM-126,What is the approved dose of Atorvastatin?,AMBIGUOUS,AMB_DOSAGE_STRENGTH,The formulation and specific strength context are not provided.
PRM-127,Extract efficacy results for Metformin treatment.,AMBIGUOUS,AMB_DOSAGE_STRENGTH,No dose or strength is specified.
PRM-128,What adverse events occur with Pembrolizumab dosing?,AMBIGUOUS,AMB_DOSAGE_STRENGTH,The actual dose amount is missing.
PRM-129,Compare low-dose and high-dose Amoxicillin.,AMBIGUOUS,AMB_DOSAGE_STRENGTH,“Low-dose” and “high-dose” are not quantitatively defined.
PRM-130,What is the maximum dose of Insulin used in the study?,AMBIGUOUS,AMB_DOSAGE_STRENGTH,The insulin type and dose units are not specified.
PRM-131,What are the storage conditions for Metformin?,AMBIGUOUS,AMB_ROUTE_FORMULATION,"The formulation, such as tablet or oral solution, is unspecified."
PRM-132,Summarize the administration instructions for Amoxicillin.,AMBIGUOUS,AMB_ROUTE_FORMULATION,The product formulation is not identified.
PRM-133,What is the stability of the injectable product?,AMBIGUOUS,AMB_ROUTE_FORMULATION,The specific product and formulation are not sufficiently defined.
PRM-134,Extract the pharmacokinetic data for Methotrexate.,AMBIGUOUS,AMB_ROUTE_FORMULATION,"Pharmacokinetics may differ by oral, subcutaneous, or intravenous administration."
PRM-135,What are the adverse effects of Insulin therapy?,AMBIGUOUS,AMB_ROUTE_FORMULATION,The insulin formulation and delivery method are not specified.
PRM-136,How frequently was Drug X administered?,AMBIGUOUS,AMB_REGIMEN_SCHEDULE,The prompt requests frequency but does not identify the relevant study or regimen context.
PRM-137,Summarize outcomes after multiple treatment cycles.,AMBIGUOUS,AMB_REGIMEN_SCHEDULE,The number and timing of treatment cycles are unspecified.
PRM-138,What happened after repeated administration?,AMBIGUOUS,AMB_REGIMEN_SCHEDULE,The dosing frequency and interval are unclear.
PRM-139,Extract efficacy after long-term treatment.,AMBIGUOUS,AMB_REGIMEN_SCHEDULE,“Long-term” does not define a treatment duration.
PRM-140,What was the maintenance dosing schedule?,AMBIGUOUS,AMB_REGIMEN_SCHEDULE,The actual frequency or interval is missing.
PRM-141,What were the adverse events reported in the trial?,AMBIGUOUS,AMB_STUDY_PHASE,The clinical trial phase is not specified.
PRM-142,Summarize the PK findings from the human study.,AMBIGUOUS,AMB_STUDY_PHASE,The development stage of the study is unclear.
PRM-143,What were the efficacy results during clinical development?,AMBIGUOUS,AMB_STUDY_PHASE,“Clinical development” may include multiple phases.
PRM-144,Extract safety data from the clinical investigation.,AMBIGUOUS,AMB_STUDY_PHASE,The trial phase is not identified.
PRM-145,What outcomes were observed in the patient study?,AMBIGUOUS,AMB_STUDY_PHASE,The study phase is missing.
PRM-146,What was the response rate among patients?,AMBIGUOUS,AMB_ARM_POPULATION,The relevant patient subgroup or treatment arm is unspecified.
PRM-147,Summarize safety in high-risk patients.,AMBIGUOUS,AMB_ARM_POPULATION,“High-risk” is not operationally defined.
PRM-148,Extract results for patients receiving combination therapy.,AMBIGUOUS,AMB_ARM_POPULATION,The components of the combination and treatment arm are not identified.
PRM-149,What was the efficacy in severe cases?,AMBIGUOUS,AMB_ARM_POPULATION,Disease severity criteria and population definition are unclear.
PRM-150,Compare adverse events across the cohorts.,AMBIGUOUS,AMB_ARM_POPULATION,The specific cohorts are not identified.
PRM-151,Compare survival between Drug X and standard therapy.,AMBIGUOUS,AMB_COMPARATOR_MISSING,“Standard therapy” does not specify the comparator treatment.
PRM-152,Was the investigational drug better than the control?,AMBIGUOUS,AMB_COMPARATOR_MISSING,The control treatment is not identified.
PRM-153,Compare response rates against conventional treatment.,AMBIGUOUS,AMB_COMPARATOR_MISSING,“Conventional treatment” is not specifically defined.
PRM-154,Was Drug Y superior to existing care?,AMBIGUOUS,AMB_COMPARATOR_MISSING,The existing care regimen is not specified.
PRM-155,Compare toxicity with the baseline treatment.,AMBIGUOUS,AMB_COMPARATOR_MISSING,The baseline treatment is not named.
PRM-156,What were the main clinical outcomes?,AMBIGUOUS,AMB_ENDPOINT_TYPE,"Primary, secondary, and exploratory endpoint types are not distinguished."
PRM-157,Did the trial achieve its endpoint?,AMBIGUOUS,AMB_ENDPOINT_TYPE,The specific endpoint is not identified.
PRM-158,Extract the important efficacy measurements.,AMBIGUOUS,AMB_ENDPOINT_TYPE,“Important” does not correspond to a defined endpoint category.
PRM-159,What outcomes were statistically significant?,AMBIGUOUS,AMB_ENDPOINT_TYPE,The endpoint set being evaluated is not specified.
PRM-160,Summarize treatment success in the trial.,AMBIGUOUS,AMB_ENDPOINT_TYPE,“Treatment success” requires a defined endpoint or outcome measure.
PRM-161,Is Drug X approved for rheumatoid arthritis?,AMBIGUOUS,AMB_REGULATORY_JURISDICTION,Approval depends on the relevant regulatory authority or country.
PRM-162,What labeling warnings apply to Pembrolizumab?,AMBIGUOUS,AMB_REGULATORY_JURISDICTION,Labeling requirements differ between regulatory jurisdictions.
PRM-163,Is this vaccine licensed for pediatric use?,AMBIGUOUS,AMB_REGULATORY_JURISDICTION,The country or regulatory authority is not specified.
PRM-164,What are the regulatory requirements for this biosimilar?,AMBIGUOUS,AMB_REGULATORY_JURISDICTION,Regulatory requirements depend on the jurisdiction.
PRM-165,Can this drug be marketed for the new indication?,AMBIGUOUS,AMB_REGULATORY_JURISDICTION,The relevant regulatory region is missing.
PRM-166,Extract the contraindications from the product information.,AMBIGUOUS,AMB_DOCUMENT_TYPE,“Product information” may refer to multiple document types.
PRM-167,Summarize adverse events from the clinical report.,AMBIGUOUS,AMB_DOCUMENT_TYPE,The exact report type is not specified.
PRM-168,What dosing information is provided in the regulatory document?,AMBIGUOUS,AMB_DOCUMENT_TYPE,The source document type is unclear.
PRM-169,Extract protocol deviations from the study file.,AMBIGUOUS,AMB_DOCUMENT_TYPE,“Study file” does not identify a specific document.
PRM-170,What safety findings are described in the submission?,AMBIGUOUS,AMB_DOCUMENT_TYPE,The type of regulatory submission or document is unspecified.
PRM-171,What changed in the latest investigator brochure?,AMBIGUOUS,AMB_VERSION_TEMPORAL,“Latest” does not provide a version number or date.
PRM-172,Follow the current clinical protocol for this study.,AMBIGUOUS,AMB_VERSION_TEMPORAL,The current version or amendment is not specified.
PRM-173,Extract changes from the newest label update.,AMBIGUOUS,AMB_VERSION_TEMPORAL,“Newest” is relative and lacks a revision identifier.
PRM-174,What does the most recent guidance recommend?,AMBIGUOUS,AMB_VERSION_TEMPORAL,The guidance document and publication date are missing.
PRM-175,Compare results with the earlier protocol.,AMBIGUOUS,AMB_VERSION_TEMPORAL,The earlier protocol version is not identified.
PRM-176,Explain everything known about pharmaceutical safety.,AMBIGUOUS,AMB_SCOPE_OVERLY_BROAD,The scope covers an extremely broad domain without constraints.
PRM-177,List all clinical trials for all cancer treatments.,AMBIGUOUS,AMB_SCOPE_OVERLY_BROAD,The requested dataset is excessively broad and unbounded.
PRM-178,Summarize every FDA-approved drug.,AMBIGUOUS,AMB_SCOPE_OVERLY_BROAD,"The request lacks therapeutic, temporal, or other scope limitations."
PRM-179,Compare all medicines used worldwide for cardiovascular disease.,AMBIGUOUS,AMB_SCOPE_OVERLY_BROAD,The request spans a massive and unconstrained set of drugs.
PRM-180,Explain every adverse event in the medical literature.,AMBIGUOUS,AMB_SCOPE_OVERLY_BROAD,The literature and event scope are intractably broad.
PRM-181,Extract Phase 3 first-in-human pharmacokinetic results.,AMBIGUOUS,AMB_CONTEXT_CONFLICT,"“Phase 3” conflicts with the concept of “first-in-human,” which is generally early-stage."
PRM-182,Find adult dosing recommendations from a neonatal-only study.,AMBIGUOUS,AMB_CONTEXT_CONFLICT,The requested adult population conflicts with a neonatal-only study population.
PRM-183,Compare oral administration results for an intravenous-only product.,AMBIGUOUS,AMB_CONTEXT_CONFLICT,The requested administration route conflicts with the product description.
PRM-184,Report pediatric approval data for an indication restricted to adults.,AMBIGUOUS,AMB_CONTEXT_CONFLICT,The pediatric request conflicts with an adult-restricted indication.
PRM-185,Calculate superiority of placebo compared with the same placebo group.,AMBIGUOUS,AMB_CONTEXT_CONFLICT,The requested superiority comparison is logically invalid because both groups are identical.
PRM-186,Pembrolizumab safety endpoint FDA maybe.,AMBIGUOUS,AMB_INTENT_UNACTIONABLE,The phrase consists of disconnected terms without a clear task.
PRM-187,Diabetes drug trial efficacy extract all.,AMBIGUOUS,AMB_INTENT_UNACTIONABLE,The instruction is incomplete and the target entity is unspecified.
PRM-188,Dose adverse event protocol result.,AMBIGUOUS,AMB_INTENT_UNACTIONABLE,The input does not form a clear executable request.
PRM-189,Cancer drug compare survival something.,AMBIGUOUS,AMB_INTENT_UNACTIONABLE,The intended comparison and requested output are unclear.
PRM-190,Regulatory safety PK latest.,AMBIGUOUS,AMB_INTENT_UNACTIONABLE,The input is a collection of keywords rather than an actionable instruction.
PRM-191,"According to FDA Prescribing Information, what are the common adverse reactions associated with Atorvastatin 20 mg oral tablets in adult patients?",VALID,VALID,"Specifies drug, strength, formulation, population, source authority, and requested information."
PRM-192,Extract the primary endpoint and overall survival hazard ratio from Phase 3 Trial NCT03456789 comparing Drug X 200 mg Q3W with placebo.,VALID,VALID,"Includes trial ID, phase, treatment, dose, schedule, comparator, endpoint, and metric."
PRM-193,What Grade 3 and Grade 4 hematological adverse events were reported in patients aged 18 to 65 receiving Compound ABC 150 mg once daily in Cohort 2 of CSR-2026-018?,VALID,VALID,"Clearly specifies event grades, event category, population, treatment, dose, regimen, cohort, and document."
PRM-194,"According to EMA SmPC version 4.2 dated March 2026, what is the recommended storage temperature for Pembrolizumab 100 mg/4 mL concentrate for solution for infusion?",VALID,VALID,"Specifies authority, document version, date, product, strength, formulation, and requested storage parameter."
PRM-195,Compare Cmax and AUC0-24 of Metformin 500 mg immediate-release oral tablets with Metformin 500 mg extended-release oral tablets in healthy adult volunteers.,VALID,VALID,"Defines both formulations, strengths, route, PK parameters, and target population."
PRM-196,What were the secondary endpoints for progression-free survival and objective response rate in the Phase 2 monotherapy arm of Trial NCT06123456?,VALID,VALID,"Specifies endpoint type, outcomes, trial phase, treatment arm, and trial identifier."
PRM-197,"Based on the UK MHRA product information, is Amoxicillin 250 mg/5 mL oral suspension indicated for children aged 2 to 12 years with acute otitis media?",VALID,VALID,"Specifies jurisdiction, authority, drug, strength, formulation, population, and indication."
PRM-198,Extract the mandatory 21-day washout period before Randomization Visit 1 from Amendment 2 of Protocol ONC-2025-P2.,VALID,VALID,"Includes duration, trial event, visit, amendment number, and protocol identifier."
PRM-199,Compare the incidence of Grade 3 or higher neutropenia between the Drug X 100 mg once-daily arm and placebo arm in Phase 3 Trial NCT07894561.,VALID,VALID,"Clearly defines adverse event, severity, treatment arm, dose, schedule, comparator, phase, and trial ID."
PRM-200,"According to Investigator Brochure version 5.0, what renal clearance and terminal half-life values were reported for Compound JNJ-7821 300 mg oral capsules in healthy adult participants?",VALID,VALID,"Specifies document type, version, compound, strength, formulation, PK parameters, and study population."
PRM-201,"Based on the latest oncology safety review, summarize Grade 3 or higher immune-mediated adverse events observed with our lead PD-1 inhibitor in the maintenance population.",AMBIGUOUS,AMB_ENTITY_UNSPECIFIED; AMB_VERSION_TEMPORAL; AMB_ARM_POPULATION,"The PD-1 inhibitor, document version, and maintenance population definition are unclear."
PRM-202,"Compare progression-free survival between the experimental arm and standard of care in patients who previously failed systemic therapy, and determine whether the difference was clinically meaningful.",AMBIGUOUS,AMB_COMPARATOR_MISSING; AMB_ARM_POPULATION; AMB_ENDPOINT_TYPE,"Standard of care, subgroup criteria, and definition of clinical meaningfulness are unspecified."
PRM-203,"According to the current label, can this product be used in pediatric patients with moderate renal impairment?",AMBIGUOUS,AMB_PRONOUN_UNRESOLVED; AMB_VERSION_TEMPORAL; AMB_REGULATORY_JURISDICTION,"The product, label version, and regulatory authority are not specified."
PRM-204,Extract the primary efficacy findings for the highest tolerated dose evaluated during clinical development.,AMBIGUOUS,AMB_ENTITY_UNSPECIFIED; AMB_DOSAGE_STRENGTH; AMB_STUDY_PHASE,"The compound, actual dose, and study phase are missing."
PRM-205,Was the treatment associated with a clinically meaningful increase in hepatic toxicity compared with baseline therapy?,AMBIGUOUS,AMB_ENTITY_UNSPECIFIED; AMB_COMPARATOR_MISSING; AMB_ENDPOINT_TYPE,"Neither treatment nor baseline therapy is identified, and the toxicity threshold is undefined."
PRM-206,Summarize long-term safety outcomes for patients receiving the combination regimen after at least two prior systemic treatment lines.,AMBIGUOUS,AMB_ENTITY_UNSPECIFIED; AMB_ARM_POPULATION; AMB_REGIMEN_SCHEDULE,"The combination drugs, exact subgroup, and meaning of long-term exposure are unclear."
PRM-207,What maintenance dose was recommended after induction for patients who achieved an adequate clinical response?,AMBIGUOUS,AMB_ENTITY_UNSPECIFIED; AMB_DOSAGE_STRENGTH; AMB_ENDPOINT_TYPE,"The drug, actual dose, and definition of adequate response are missing."
PRM-208,Compare the steady-state PK profile of the oral formulation with the injectable version under the recommended dosing conditions.,AMBIGUOUS,AMB_ENTITY_UNSPECIFIED; AMB_ROUTE_FORMULATION; AMB_REGIMEN_SCHEDULE,The product and exact formulations and regimens are unspecified.
PRM-209,Did the investigational therapy meet the endpoint generally required for accelerated approval in its intended population?,AMBIGUOUS,AMB_ENDPOINT_TYPE; AMB_REGULATORY_JURISDICTION; AMB_ARM_POPULATION,"Regulatory requirements, endpoint, and intended population are not defined."
PRM-210,Extract safety data for the cohort that received the lower dose before the protocol was modified.,AMBIGUOUS,AMB_DOSAGE_STRENGTH; AMB_ARM_POPULATION; AMB_VERSION_TEMPORAL,"“Lower dose,” cohort identity, and protocol amendment are unspecified."
PRM-211,What treatment-emergent adverse events resulted in permanent discontinuation during the pivotal study?,AMBIGUOUS,AMB_ENTITY_UNSPECIFIED; AMB_DOCUMENT_TYPE,The treatment and specific pivotal study are not identified.
PRM-212,"Based on the previous version of the Investigator Brochure, identify changes in reproductive toxicity findings.",AMBIGUOUS,AMB_VERSION_TEMPORAL,The exact previous version or amendment is not specified.
PRM-213,Compare serious infection rates between monotherapy and combination therapy in the predefined high-risk subgroup.,AMBIGUOUS,AMB_ENTITY_UNSPECIFIED; AMB_ARM_POPULATION,The therapies and definition of the high-risk subgroup are not provided.
PRM-214,Did patients receiving the investigational product experience more renal adverse events than those receiving usual care?,AMBIGUOUS,AMB_ENTITY_UNSPECIFIED; AMB_COMPARATOR_MISSING,The investigational product and usual-care comparator are not specified.
PRM-215,"Summarize findings from the extension study, focusing on durability of response and cumulative safety exposure.",AMBIGUOUS,AMB_DOCUMENT_TYPE; AMB_ENDPOINT_TYPE; AMB_REGIMEN_SCHEDULE,"The extension study, response metric, and exposure period are unclear."
PRM-216,What dose adjustment should be applied when renal function falls below the threshold specified in the relevant guidance?,AMBIGUOUS,AMB_ENTITY_UNSPECIFIED; AMB_DOSAGE_STRENGTH; AMB_DOCUMENT_TYPE,"The drug, threshold, baseline dose, and guidance document are unspecified."
PRM-217,Extract the overall response rate among patients who crossed over from control to active treatment following disease progression.,AMBIGUOUS,AMB_ENTITY_UNSPECIFIED; AMB_COMPARATOR_MISSING; AMB_ARM_POPULATION,"Active treatment, control treatment, and crossover population are not identified."
PRM-218,Compare the clinically most relevant adverse events reported across all pivotal studies for this therapeutic class.,AMBIGUOUS,AMB_ENTITY_UNSPECIFIED; AMB_SCOPE_OVERLY_BROAD; AMB_ENDPOINT_TYPE,The therapeutic class is missing and the request spans multiple undefined studies.
PRM-219,Was the observed improvement statistically significant in the population intended for the primary analysis?,AMBIGUOUS,AMB_ENDPOINT_TYPE; AMB_ARM_POPULATION,The measured outcome and analysis population are not explicitly identified.
PRM-220,Determine whether the new formulation provides equivalent systemic exposure to the original product under recommended use conditions.,AMBIGUOUS,AMB_ENTITY_UNSPECIFIED; AMB_ROUTE_FORMULATION; AMB_REGIMEN_SCHEDULE,"The product, formulations, and exact use conditions are unspecified."
PRM-221,"According to the latest regulatory assessment, what concerns were raised regarding use in patients with hepatic impairment?",AMBIGUOUS,AMB_ENTITY_UNSPECIFIED; AMB_VERSION_TEMPORAL; AMB_REGULATORY_JURISDICTION,"Drug, assessment version, and regulatory authority are missing."
PRM-222,Summarize efficacy in subjects meeting the criteria for the clinically relevant subgroup.,AMBIGUOUS,AMB_ENTITY_UNSPECIFIED; AMB_ARM_POPULATION,The treatment and subgroup definition are unspecified.
PRM-223,Compare treatment-emergent adverse events before and after the dose modification implemented during the study.,AMBIGUOUS,AMB_DOSAGE_STRENGTH; AMB_VERSION_TEMPORAL,"The original dose, modified dose, and timing are unclear."
PRM-224,What was the effect of the intervention on the endpoint that determined whether the study was successful?,AMBIGUOUS,AMB_ENTITY_UNSPECIFIED; AMB_ENDPOINT_TYPE,The intervention and success-defining endpoint are not named.
PRM-225,Extract safety findings for patients who continued treatment beyond the standard duration described in the protocol.,AMBIGUOUS,AMB_ENTITY_UNSPECIFIED; AMB_REGIMEN_SCHEDULE; AMB_DOCUMENT_TYPE,"The treatment, standard duration, and protocol are unspecified."
PRM-226,Was the difference between treatment groups clinically meaningful even though the primary analysis was not statistically significant?,AMBIGUOUS,AMB_ARM_POPULATION; AMB_ENDPOINT_TYPE,Treatment groups and the exact primary analysis are not identified.
PRM-227,Compare exposure in patients with impaired renal function against the reference population used in the pharmacokinetic analysis.,AMBIGUOUS,AMB_ENTITY_UNSPECIFIED; AMB_ARM_POPULATION,The product and reference population definition are missing.
PRM-228,Identify adverse events that increased after the regimen was intensified in the later part of the trial.,AMBIGUOUS,AMB_REGIMEN_SCHEDULE; AMB_DOSAGE_STRENGTH; AMB_VERSION_TEMPORAL,The original and intensified regimens and timing are unspecified.
PRM-229,What was the recommended starting dose for patients transitioning from the previous therapy?,AMBIGUOUS,AMB_ENTITY_UNSPECIFIED; AMB_DOSAGE_STRENGTH; AMB_PRONOUN_UNRESOLVED,The new treatment and “previous therapy” are not identified.
PRM-230,Summarize the results for subjects who met the protocol-defined criteria after the amendment.,AMBIGUOUS,AMB_ARM_POPULATION; AMB_VERSION_TEMPORAL; AMB_DOCUMENT_TYPE,"The criteria, amendment number, and protocol are unspecified."
PRM-231,Compare the primary safety findings from the pivotal trial with those reported in earlier development studies.,AMBIGUOUS,AMB_ENTITY_UNSPECIFIED; AMB_STUDY_PHASE; AMB_DOCUMENT_TYPE,"The product, pivotal trial, and earlier studies are not specifically identified."
PRM-232,Did the lower exposure observed in the subgroup require a clinically relevant dose adjustment?,AMBIGUOUS,AMB_DOSAGE_STRENGTH; AMB_ARM_POPULATION; AMB_ENDPOINT_TYPE,"The dose, subgroup, and definition of clinical relevance are unclear."
PRM-233,Extract the incidence of severe toxicity among patients treated according to the modified schedule.,AMBIGUOUS,AMB_ENTITY_UNSPECIFIED; AMB_REGIMEN_SCHEDULE; AMB_ENDPOINT_TYPE,"The treatment, modified schedule, and severity definition are unspecified."
PRM-234,How did efficacy differ after patients switched from the original treatment to the alternative regimen?,AMBIGUOUS,AMB_ENTITY_UNSPECIFIED; AMB_REGIMEN_SCHEDULE; AMB_PRONOUN_UNRESOLVED,The original treatment and alternative regimen are not identified.
PRM-235,Was the product considered approvable for the proposed indication based on the available evidence?,AMBIGUOUS,AMB_ENTITY_UNSPECIFIED; AMB_REGULATORY_JURISDICTION; AMB_SCOPE_OVERLY_BROAD,"Product, jurisdiction, and evidence scope are unspecified."
PRM-236,Extract findings relevant to patients who did not respond adequately to prior treatment.,AMBIGUOUS,AMB_ENTITY_UNSPECIFIED; AMB_ARM_POPULATION; AMB_ENDPOINT_TYPE,"The current treatment, prior treatment, and response definition are missing."
PRM-237,Compare adverse event incidence before and after crossover for patients initially assigned to the control group.,AMBIGUOUS,AMB_COMPARATOR_MISSING; AMB_ENTITY_UNSPECIFIED; AMB_REGIMEN_SCHEDULE,The control treatment and crossover treatment are unspecified.
PRM-238,What were the implications of the observed PK interaction for the recommended dosing regimen?,AMBIGUOUS,AMB_ENTITY_UNSPECIFIED; AMB_REGIMEN_SCHEDULE; AMB_DOSAGE_STRENGTH,The interacting drugs and recommended dose schedule are missing.
PRM-239,Summarize the key changes introduced in the current amendment affecting eligibility criteria.,AMBIGUOUS,AMB_VERSION_TEMPORAL; AMB_DOCUMENT_TYPE,The protocol and amendment number are not specified.
PRM-240,Determine whether the response observed in the selected subgroup was consistent with the overall study population.,AMBIGUOUS,AMB_ARM_POPULATION; AMB_ENDPOINT_TYPE,The subgroup and definition of response are unspecified.
PRM-241,"According to FDA Prescribing Information dated March 2026, what dose adjustment is recommended for Metformin 500 mg immediate-release oral tablets in adults with eGFR between 30 and 45 mL/min/1.73 m²?",VALID,VALID,"Drug, strength, formulation, population, renal range, authority, and document date are specified."
PRM-242,Compare Grade 3 or higher neutropenia incidence between Pembrolizumab 200 mg Q3W plus chemotherapy and placebo plus chemotherapy in the Phase 3 KEYNOTE-189 intention-to-treat population.,VALID,VALID,"Specifies treatment arms, dose, schedule, comparator, event severity, trial, phase, and population."
PRM-243,Extract the primary and key secondary efficacy endpoints from Amendment 4 of Protocol ONC-2025-P3 for Cohort B patients aged 18 years or older.,VALID,VALID,"Specifies endpoint types, amendment, protocol, cohort, and population."
PRM-244,"According to EMA SmPC revision 6.1, what storage conditions apply to Pembrolizumab 100 mg/4 mL concentrate for solution for infusion before and after dilution?",VALID,VALID,"Regulatory authority, revision, product, strength, formulation, and comparison conditions are explicit."
PRM-245,"Compare Cmax, AUC0-inf, and Tmax between Metformin 500 mg immediate-release and extended-release oral tablets following a single dose in healthy adults.",VALID,VALID,"Specifies formulations, strength, route, dosing condition, PK parameters, and population."
PRM-246,What Grade 3 or higher hepatic adverse events led to permanent treatment discontinuation in the Drug X 150 mg once-daily monotherapy arm of Phase 2 Trial NCT06123456?,VALID,VALID,"Drug, dose, regimen, arm, phase, trial ID, event type, grade, and outcome are specified."
PRM-247,"Based on MHRA product information published in January 2026, is Amoxicillin 250 mg/5 mL oral suspension indicated for children aged 2 to 12 years with acute otitis media?",VALID,VALID,"Authority, date, product, strength, formulation, population, and indication are specified."
PRM-248,Extract the 28-day washout requirement before Randomization Visit 2 from Amendment 3 of Protocol CAN-2022-P3 and identify any exceptions for prior checkpoint inhibitor therapy.,VALID,VALID,"Duration, visit, amendment, protocol, and specific exception are defined."
PRM-249,Compare overall survival hazard ratios and median progression-free survival between Drug Y 300 mg Q4W plus standard chemotherapy and chemotherapy alone in the Phase 3 NCT07894561 ITT population.,VALID,VALID,"Treatments, dose, schedule, comparator, phase, trial, population, and outcomes are explicit."
PRM-250,"According to Investigator Brochure version 7.2 dated June 2026, summarize renal clearance, terminal half-life, and accumulation ratio for Compound ABC-123 100 mg oral capsules after multiple once-daily doses in healthy adults.",VALID,VALID,"Document version/date, compound, strength, formulation, regimen, PK parameters, and population are explicit."
PRM-251,Summarize adverse events associated with the treatment that was introduced after the protocol change.,AMBIGUOUS,AMB_PRONOUN_UNRESOLVED; AMB_VERSION_TEMPORAL; AMB_DOCUMENT_TYPE,"The treatment, protocol, and amendment are not identified."
PRM-252,Was exposure higher in patients receiving the revised regimen compared with those treated previously?,AMBIGUOUS,AMB_REGIMEN_SCHEDULE; AMB_PRONOUN_UNRESOLVED; AMB_ARM_POPULATION,Revised regimen and previously treated group are not sufficiently defined.
PRM-253,Identify the dose at which the maximum clinical benefit was observed without unacceptable toxicity.,AMBIGUOUS,AMB_ENTITY_UNSPECIFIED; AMB_DOSAGE_STRENGTH; AMB_ENDPOINT_TYPE,"Drug, dose candidates, benefit metric, and unacceptable toxicity threshold are unspecified."
PRM-254,Compare safety in patients treated before versus after the revised eligibility criteria were implemented.,AMBIGUOUS,AMB_ARM_POPULATION; AMB_VERSION_TEMPORAL; AMB_DOCUMENT_TYPE,The treatment and revised eligibility criteria version are not specified.
PRM-255,What changes were made to dosing for patients who experienced the toxicity described in the earlier report?,AMBIGUOUS,AMB_PRONOUN_UNRESOLVED; AMB_DOCUMENT_TYPE; AMB_DOSAGE_STRENGTH,"The toxicity, earlier report, and dose changes are unspecified."
PRM-256,Extract the efficacy results for the population most likely to benefit from treatment.,AMBIGUOUS,AMB_ARM_POPULATION; AMB_ENTITY_UNSPECIFIED,The treatment and criteria defining “most likely to benefit” are unclear.
PRM-257,Did the study demonstrate superiority using the endpoint considered most relevant by regulators?,AMBIGUOUS,AMB_ENDPOINT_TYPE; AMB_REGULATORY_JURISDICTION; AMB_COMPARATOR_MISSING,"Endpoint, regulatory authority, and comparator are unspecified."
PRM-258,Compare the safety profile of the approved product with that of the investigational formulation.,AMBIGUOUS,AMB_ENTITY_UNSPECIFIED; AMB_ROUTE_FORMULATION; AMB_REGULATORY_JURISDICTION,"Neither product nor formulation is identified, and approval jurisdiction is missing."
PRM-259,Summarize all clinically meaningful changes observed after the treatment schedule was adjusted.,AMBIGUOUS,AMB_SCOPE_OVERLY_BROAD; AMB_REGIMEN_SCHEDULE; AMB_ENDPOINT_TYPE,“All clinically meaningful changes” is unconstrained and the adjusted schedule is unspecified.
PRM-260,What were the primary safety concerns identified during the later stages of development?,AMBIGUOUS,AMB_STUDY_PHASE; AMB_ENDPOINT_TYPE; AMB_ENTITY_UNSPECIFIED,"Product and development stage are unspecified, and “primary safety concerns” is undefined."
PRM-261,Determine whether the exposure-response relationship differed in the subgroup with reduced organ function.,AMBIGUOUS,AMB_ARM_POPULATION; AMB_ENTITY_UNSPECIFIED; AMB_SYNONYM_POLYSEMY,"The drug, organ, and subgroup definition are unclear."
PRM-262,Extract the response data for patients receiving the regimen recommended after the latest amendment.,AMBIGUOUS,AMB_REGIMEN_SCHEDULE; AMB_VERSION_TEMPORAL; AMB_ENDPOINT_TYPE,"The regimen, amendment version, and response definition are unspecified."
PRM-263,Did patients treated with the alternative formulation require additional monitoring compared with standard administration?,AMBIGUOUS,AMB_ROUTE_FORMULATION; AMB_COMPARATOR_MISSING; AMB_ENTITY_UNSPECIFIED,"Product, formulations, and standard administration are not defined."
PRM-264,Summarize the relevant post-marketing safety findings for the newly approved product.,AMBIGUOUS,AMB_ENTITY_UNSPECIFIED; AMB_REGULATORY_JURISDICTION; AMB_VERSION_TEMPORAL,"The product, jurisdiction, and time frame are unspecified."
PRM-265,What was the incidence of the event among subjects exposed beyond the originally planned treatment period?,AMBIGUOUS,AMB_PRONOUN_UNRESOLVED; AMB_REGIMEN_SCHEDULE; AMB_ENDPOINT_TYPE,"The event, treatment, and planned duration are missing."
PRM-266,Compare outcomes from the extension phase with the results obtained during the original treatment period.,AMBIGUOUS,AMB_STUDY_PHASE; AMB_ENDPOINT_TYPE; AMB_DOCUMENT_TYPE,The study and outcomes being compared are unspecified.
PRM-267,Extract all findings relevant to use in special populations.,AMBIGUOUS,AMB_SCOPE_OVERLY_BROAD; AMB_ARM_POPULATION,“Special populations” covers multiple undefined patient groups.
PRM-268,Was the observed safety signal sufficient to require a labeling change?,AMBIGUOUS,AMB_ENTITY_UNSPECIFIED; AMB_REGULATORY_JURISDICTION; AMB_ENDPOINT_TYPE,"Product, jurisdiction, and definition of the safety signal are unspecified."
PRM-269,Compare the PK parameters before and after coadministration with the interacting medication.,AMBIGUOUS,AMB_ENTITY_UNSPECIFIED; AMB_COMPARATOR_MISSING,Neither the primary drug nor interacting medication is identified.
PRM-270,Identify patients who should receive the reduced regimen according to the most recent guidance.,AMBIGUOUS,AMB_ENTITY_UNSPECIFIED; AMB_REGIMEN_SCHEDULE; AMB_VERSION_TEMPORAL,"The product, reduced regimen, and guidance version are missing."
PRM-271,"According to Protocol GLP-2026-04 Amendment 2, what are the inclusion criteria for adults aged 18 to 75 years with type 2 diabetes and HbA1c between 7.0% and 10.0%?",VALID,VALID,"Protocol, amendment, age range, disease, and laboratory criteria are specified."
PRM-272,"In Phase 2 Trial NCT07123456, compare objective response rate and duration of response between the Compound Z 250 mg BID monotherapy arm and Compound Z 250 mg BID plus Drug A arm in biomarker-positive adults.",VALID,VALID,"Trial, phase, treatments, dose, schedule, arms, population, and endpoints are explicit."
PRM-273,Extract treatment-emergent Grade 4 thrombocytopenia events from Cohort C of CSR-2026-077 for patients receiving Compound LMN-88 75 mg orally twice daily.,VALID,VALID,"Source, cohort, drug, strength, route, schedule, event, and severity are specified."
PRM-274,"According to FDA Prescribing Information revised February 2026, what is the maximum daily dose of Atorvastatin 20 mg oral tablets for adults with primary hyperlipidemia?",VALID,VALID,"Regulatory source, revision date, drug, formulation, population, indication, and metric are specified."
PRM-275,Compare renal clearance and AUC0-24 between patients with normal renal function and moderate renal impairment receiving Compound QRS-19 100 mg IV every two weeks.,VALID,VALID,"Drug, dose, route, regimen, PK parameters, and comparator populations are specified."
PRM-276,Extract the primary safety endpoint and secondary immunogenicity endpoint from Phase 3 Protocol VAC-2026-P3 Amendment 1 for participants aged 12 to 17 years.,VALID,VALID,"Phase, protocol, amendment, endpoint types, and population are explicit."
PRM-277,"According to EMA EPAR published in April 2026, what post-marketing risk minimization measures are required for Drug B 50 mg subcutaneous injection?",VALID,VALID,"Authority, document, date, drug, strength, formulation, and requested regulatory information are specified."
PRM-278,Compare median overall survival and Grade 3 or higher treatment-emergent adverse events between Arm A and Arm B of Phase 3 Trial NCT08234567 as defined in the intention-to-treat population.,VALID,VALID,"Arms, phase, trial, population, outcomes, and safety criteria are explicit."
PRM-279,Extract the required 14-day washout period for prior anti-PD-1 therapy before Cycle 1 Day 1 from Protocol IMM-2026-12 version 3.0.,VALID,VALID,"Therapy, duration, event, protocol, and version are specified."
PRM-280,"According to the Investigator Brochure version 3.4, compare single-dose Cmax and AUC0-inf for Compound BIO-77 10 mg/kg IV infusion and 300 mg subcutaneous injection in healthy volunteers.",VALID,VALID,"Source, version, compound, doses, routes, PK metrics, and population are explicit."
PRM-281,What were the efficacy findings for the subgroup that remained on treatment after the crossover amendment?,AMBIGUOUS,AMB_ARM_POPULATION; AMB_VERSION_TEMPORAL; AMB_ENDPOINT_TYPE,"The subgroup, amendment number, and efficacy endpoint are unspecified."
PRM-282,Compare the updated safety findings with those from the earlier analysis and identify any new clinically important risks.,AMBIGUOUS,AMB_VERSION_TEMPORAL; AMB_DOCUMENT_TYPE; AMB_ENDPOINT_TYPE,"Neither analysis version is specified, and “clinically important risks” is undefined."
PRM-283,Did the treatment retain efficacy when administered according to the modified schedule?,AMBIGUOUS,AMB_ENTITY_UNSPECIFIED; AMB_REGIMEN_SCHEDULE; AMB_ENDPOINT_TYPE,"Treatment, schedule, and efficacy measure are unspecified."
PRM-284,Extract the PK data supporting the dose selected for the confirmatory trial.,AMBIGUOUS,AMB_DOSAGE_STRENGTH; AMB_STUDY_PHASE; AMB_ENTITY_UNSPECIFIED,"Drug, selected dose, and exact confirmatory trial are not identified."
PRM-285,Was there a meaningful difference in safety between patients receiving early versus delayed treatment?,AMBIGUOUS,AMB_REGIMEN_SCHEDULE; AMB_ARM_POPULATION; AMB_ENDPOINT_TYPE,Treatment timing and definition of meaningful safety difference are unclear.
PRM-286,Summarize findings related to the subgroup excluded from the primary analysis after the protocol update.,AMBIGUOUS,AMB_ARM_POPULATION; AMB_VERSION_TEMPORAL; AMB_DOCUMENT_TYPE,"The subgroup, update version, and protocol are unspecified."
PRM-287,Determine whether the revised formulation improved exposure without increasing clinically relevant toxicity.,AMBIGUOUS,AMB_ENTITY_UNSPECIFIED; AMB_ROUTE_FORMULATION; AMB_ENDPOINT_TYPE,"Product, formulation details, and toxicity threshold are missing."
PRM-288,What additional monitoring is required when the treatment is combined with the interacting agent?,AMBIGUOUS,AMB_ENTITY_UNSPECIFIED; AMB_COMPARATOR_MISSING,Neither treatment nor interacting agent is identified.
PRM-289,Compare response outcomes in patients who met the eligibility criteria before and after the amendment.,AMBIGUOUS,AMB_ARM_POPULATION; AMB_VERSION_TEMPORAL; AMB_ENDPOINT_TYPE,"Eligibility criteria, amendment, and response outcome are unspecified."
PRM-290,Extract all regulatory restrictions applicable to the product across major global markets.,AMBIGUOUS,AMB_ENTITY_UNSPECIFIED; AMB_SCOPE_OVERLY_BROAD; AMB_REGULATORY_JURISDICTION,Product is unspecified and “major global markets” is not clearly bounded.
PRM-291,"According to FDA Guidance for Industry published in May 2026, summarize the recommended assessment of immunogenicity for therapeutic monoclonal antibodies during Phase 3 development.",VALID,VALID,"Authority, document type, date, product class, development phase, and requested topic are specified."
PRM-292,"In CSR-2026-144, extract all Grade 3 or higher treatment-emergent hepatic adverse events occurring in patients aged 65 years or older receiving Drug C 400 mg orally once daily in Arm 2.",VALID,VALID,"CSR, event criteria, age subgroup, drug, dose, route, schedule, and arm are explicit."
PRM-293,"Compare objective response rate, progression-free survival, and median duration of response between the Drug D 150 mg BID arm and placebo arm in Phase 3 Trial NCT09123456 among biomarker-positive adults.",VALID,VALID,"Treatments, dose, schedule, comparator, phase, trial, population, and endpoints are specified."
PRM-294,"According to EMA SmPC revision 2.3 dated July 2026, what dose reduction is recommended for Drug E 100 mg oral capsules in adults experiencing Grade 3 neutropenia?",VALID,VALID,"Authority, document version/date, drug, strength, formulation, population, adverse event, and grade are specified."
PRM-295,"Extract Cmax, Tmax, AUC0-last, and terminal half-life for Compound F-101 5 mg/kg IV infusion after the first and fourth doses administered every 21 days in healthy adults.",VALID,VALID,"Compound, dose, route, dose numbers, schedule, PK parameters, and population are explicit."
PRM-296,"From Protocol ONC-2026-18 Amendment 5, identify exclusion criteria related specifically to prior CAR-T therapy for adults enrolling in Cohort D.",VALID,VALID,"Protocol, amendment, treatment history, population, and cohort are specified."
PRM-297,"According to MHRA product information revised June 2026, determine whether Drug G 25 mg/0.5 mL subcutaneous solution is approved for adolescents aged 12 to 17 years with moderate-to-severe disease.",VALID,VALID,"Authority, revision date, drug, strength, formulation, age group, and indication are specified."
PRM-298,Compare the incidence of serious adverse events and adverse events leading to discontinuation between the Drug H 200 mg Q4W arm and active comparator arm in the Phase 3 NCT09567812 safety population.,VALID,VALID,"Treatment, dose, schedule, comparator, trial phase/ID, population, and outcomes are explicit."
PRM-299,Extract the required 30-day washout period for prior systemic corticosteroid use before Screening Visit 2 from Protocol IMM-2026-31 version 1.2.,VALID,VALID,"Duration, prior therapy, visit, protocol, and version are specified."
PRM-300,"According to the Clinical Study Report CSR-2026-301, compare renal clearance, Cmax, and AUC0-24 between Compound JKL-55 250 mg oral tablets administered once daily and the 500 mg twice-daily regimen in adults with moderate renal impairment.",VALID,VALID,"Document, compound, strengths, formulation, regimens, PK parameters, and population are fully specified."
PRM-301,What are the common adverse events for 10mg Atorvastatin oral tablets in adult populations according to the FDA label?,VALID,VALID,"Contains explicit drug, dose, route, target population, and regulatory authority."
PRM-302,Summarize the primary endpoints in Section 3.2 of Clinical Trial Protocol GLP-2024-09.,VALID,VALID,"Explicitly identifies protocol number, document section, and target metric."
PRM-303,What is the recommended storage temperature range for Pembrolizumab 100mg/4mL solution according to the EMA SmPC?,VALID,VALID,"Fully specifies product, strength, formulation, metric, and document source."
PRM-304,Extract the overall survival rates for the Pembrolizumab 200mg Q3W arm versus chemotherapy in Phase 3 Trial KEYNOTE-024.,VALID,VALID,"Clear drug, dose, schedule, comparator, phase, trial ID, and primary outcome."
PRM-305,What are the inclusion criteria for pediatric patients aged 6-12 in Phase 2 Protocol NCT04891234?,VALID,VALID,"Explicit target population, age range, trial phase, and NCT identifier."
PRM-306,Compare the Cmax and AUC of Metformin 500mg extended-release vs immediate-release formulations based on FDA bioequivalence summary.,VALID,VALID,"Clear comparative parameters, dosages, formulations, and regulatory baseline."
PRM-307,List all Grade 3 and Grade 4 neutropenia events reported in Cohort B of Clinical Study Report CSR-88301.,VALID,VALID,"Specific event grades, cohort name, and source document identifier."
PRM-308,What is the mandatory wash-out period for wash-out phase in Protocol CAN-2022-P3 prior to Randomization Visit 2?,VALID,VALID,Explicit protocol identifier and specific clinical trial visit.
PRM-309,Extract renal clearance parameters for Compound JNJ-6379 300mg oral capsule from the Investigator Brochure v4.0.,VALID,VALID,"Explicit compound ID, dosage, route, parameter, and document version."
PRM-310,What are the approved pediatric indications for Amoxicillin oral suspension in the UK MHRA database?,VALID,VALID,"Fully defined drug name, formulation, cohort, and regulatory agency."
PRM-311,Provide the median progression-free survival for Nivolumab 3mg/kg plus Ipilimumab 1mg/kg in Phase 3 trial CheckMate-067.,VALID,VALID,"Specifies drug combination, exact dosages, trial phase, trial ID, and efficacy endpoint."
PRM-312,What is the recommended dose reduction for Renal Impairment (eGFR < 30 mL/min) for Apixaban 5mg tablets per FDA package insert?,VALID,VALID,"Clear condition, eGFR threshold, drug name, strength, formulation, and regulatory label."
PRM-313,What are the common side effects of this statin?,AMBIGUOUS,AMB_ENTITY_UNSPECIFIED,Uses 'this statin' without identifying the specific chemical entity or brand name.
PRM-314,Can you pull the adverse event reports associated with the newly approved diabetes injection from last quarter's filing?,AMBIGUOUS,AMB_ENTITY_UNSPECIFIED,Fails to name the specific diabetes drug or active pharmaceutical ingredient.
PRM-315,We need to evaluate the post-marketing surveillance data for our main oncology drug to prepare for our internal review meeting.,AMBIGUOUS,AMB_ENTITY_UNSPECIFIED,"References 'our main oncology drug' without a specific drug ID, code, or brand name."
PRM-316,What are the drug interaction warnings for the blockbuster cholesterol medication?,AMBIGUOUS,AMB_ENTITY_UNSPECIFIED,Refers to a generic market description rather than a specific pharmaceutical entity.
PRM-317,Extract the efficacy results for our lead immunology candidate from the latest clinical report.,AMBIGUOUS,AMB_ENTITY_UNSPECIFIED,Unspecified compound code name or molecule identifier.
PRM-318,What is the recommended maximum daily dose for the novel oral anticoagulant?,AMBIGUOUS,AMB_ENTITY_UNSPECIFIED,Does not specify which oral anticoagulant is being inquired about.
PRM-319,Summarize toxicity profile for the key hypertension drug in our portfolio.,AMBIGUOUS,AMB_ENTITY_UNSPECIFIED,Lacks product name or specific pipeline molecule identifier.
PRM-320,Check whether the GLP-1 drug requires renal dosage adjustments.,AMBIGUOUS,AMB_ENTITY_UNSPECIFIED,GLP-1 is a drug class; specific drug name is missing.
PRM-321,Summarize the primary endpoints for it.,AMBIGUOUS,AMB_PRONOUN_UNRESOLVED,Uses pronoun 'it' without providing prior text context or antecedent.
PRM-322,Please cross-reference the clinical outcomes reported in this trial with the previous study we conducted.,AMBIGUOUS,AMB_PRONOUN_UNRESOLVED,Relies on relative terms 'this trial' and 'the previous study' without explicit identifiers.
PRM-323,Highlight all instances where they noted severe neutropenia and outline how they adjusted the administration schedule.,AMBIGUOUS,AMB_PRONOUN_UNRESOLVED,Unresolved pronoun 'they' referring to unspecified trial investigators or sponsor.
PRM-324,Did it show statistical significance in reducing HbA1c levels at 24 weeks?,AMBIGUOUS,AMB_PRONOUN_UNRESOLVED,Pronoun 'it' lacks reference to a specific drug or trial arm.
PRM-325,Compare its safety profile with the standard of care treatment.,AMBIGUOUS,AMB_PRONOUN_UNRESOLVED,Pronoun 'its' is completely detached from a named drug entity.
PRM-326,How many patients in that cohort experienced serious adverse events during the maintenance phase?,AMBIGUOUS,AMB_PRONOUN_UNRESOLVED,Demonstrative pronoun 'that cohort' lacks antecedent context.
PRM-327,Did they file the Investigational New Drug application for the molecule last month?,AMBIGUOUS,AMB_PRONOUN_UNRESOLVED,Ambiguous subject pronoun 'they' and unspecified 'the molecule'.
PRM-328,What were their main conclusions regarding hepatic clearance during the Phase 1 trial?,AMBIGUOUS,AMB_PRONOUN_UNRESOLVED,Possessive pronoun 'their' is undefined.
PRM-329,Check response rates for APC.,AMBIGUOUS,AMB_SYNONYM_POLYSEMY,"Acronym 'APC' is polysemous (Activated Protein C, Argon Plasma Coagulation, Antigen-Presenting Cell)."
PRM-330,Generate a brief summary on how MS affects treatment selection criteria when evaluating patients.,AMBIGUOUS,AMB_SYNONYM_POLYSEMY,"Acronym 'MS' could mean Multiple Sclerosis, Mitral Stenosis, or Morphine Sulfate."
PRM-331,We need a breakdown of all recent clinical literature evaluating how HIT incidence impacts patient management in ICUs.,AMBIGUOUS,AMB_SYNONYM_POLYSEMY,HIT' could refer to Heparin-Induced Thrombocytopenia or Histamine Infusion Test.
PRM-332,What are the recommended dosing parameters for ALL patients in the oncology protocol?,AMBIGUOUS,AMB_SYNONYM_POLYSEMY,ALL' is ambiguous between the English word 'all' and Acute Lymphoblastic Leukemia.
PRM-333,Summarize safety outcomes for patients with ALS.,AMBIGUOUS,AMB_SYNONYM_POLYSEMY,ALS' can mean Amyotrophic Lateral Sclerosis or Advanced Life Support.
PRM-334,Provide clinical trial guidelines for handling CEA elevations during treatment.,AMBIGUOUS,AMB_SYNONYM_POLYSEMY,CEA' could stand for Carcinoembryonic Antigen or Carotid Endarterectomy.
PRM-335,What are the reported adverse effects of PCA administration in post-operative care?,AMBIGUOUS,AMB_SYNONYM_POLYSEMY,PCA' could mean Patient-Controlled Analgesia or Posterior Communicating Artery.
PRM-336,Provide the pharmacokinetic profile and bioequivalence metrics for oral Pembrolizumab in adult patients.,AMBIGUOUS,AMB_DOSAGE_STRENGTH,"Mentions API (Pembrolizumab) and route, but lacks dosage strength (e.g., 200mg or 2mg/kg)."
PRM-337,What is the shelf life of Compound X?,AMBIGUOUS,AMB_ROUTE_FORMULATION,"Lacks formulation details (e.g., reconstituted liquid, lyophilized powder, oral tablet)."
PRM-338,What are the dissolution requirements for Paracetamol batches?,AMBIGUOUS,"AMB_DOSAGE_STRENGTH, AMB_ROUTE_FORMULATION","Lacks strength (500mg, 1000mg) and dosage form (suppository, immediate-release tablet)."
PRM-339,Provide dosing guidelines for Vancomycin in patients with renal impairment.,AMBIGUOUS,"AMB_ROUTE_FORMULATION, AMB_DOSAGE_STRENGTH",Vancomycin dosing varies drastically by route (oral vs IV) and strength/trough targets.
PRM-340,What is the maximum daily dose for oral Ibuprofen in adult populations?,AMBIGUOUS,AMB_DOSAGE_STRENGTH,Asks for maximum dose without specifying baseline strength per unit or release mechanism.
PRM-341,Extract bioavailability figures for Metoprolol tablets.,AMBIGUOUS,AMB_DOSAGE_STRENGTH,"Mentions formulation (tablets) but omits dose strength (25mg, 50mg, 100mg) or release type (succinate ER vs tartrate IR)."
PRM-342,What is the reconstituting volume needed for Ceftriaxone powder?,AMBIGUOUS,"AMB_DOSAGE_STRENGTH, AMB_ROUTE_FORMULATION","Lacks vial strength (250mg, 1g, 2g) and intended delivery route (IM vs IV)."
PRM-343,How often should Metformin be taken?,AMBIGUOUS,"AMB_DOSAGE_STRENGTH, AMB_REGIMEN_SCHEDULE",Missing dosage strength (mg) and existing regimen details to determine frequency.
PRM-344,How is Keytruda administered to patients?,AMBIGUOUS,"AMB_REGIMEN_SCHEDULE, AMB_ROUTE_FORMULATION","Asks for administration but omits context on route, formulation, infusion time, or cycle interval."
PRM-345,Can you provide the administration protocol for Docetaxel during maintenance therapy?,AMBIGUOUS,"AMB_DOSAGE_STRENGTH, AMB_REGIMEN_SCHEDULE","Missing dose per body surface area (mg/m2) and exact cycle schedule (e.g., Q3W)."
PRM-346,How should Rituximab be infused for non-Hodgkin lymphoma patients?,AMBIGUOUS,"AMB_DOSAGE_STRENGTH, AMB_REGIMEN_SCHEDULE","Lacks infusion rates, dose based on BSA (mg/m2), and specific cycle timing."
PRM-347,Show efficacy results for Protocol 101.,AMBIGUOUS,"AMB_STUDY_PHASE, AMB_ENDPOINT_TYPE","Omits study phase (Phase 1 vs 3) and specific endpoint type (PFS, OS, ORR)."
PRM-348,Extract all serious adverse event rates reported during the clinical evaluation of investigational drug ARX-204.,AMBIGUOUS,"AMB_STUDY_PHASE, AMB_ARM_POPULATION",Lacks study phase (Phase 1/2/3) and specific treatment arm or patient population.
PRM-349,What were the safety findings in the recent clinical study for Adalimumab?,AMBIGUOUS,"AMB_STUDY_PHASE, AMB_VERSION_TEMPORAL",Missing clinical study phase/ID and uses vague term 'recent clinical study'.
PRM-350,What was the overall survival rate in the diabetes trial?,AMBIGUOUS,"AMB_ARM_POPULATION, AMB_ENTITY_UNSPECIFIED",Fails to specify trial ID/drug and does not define patient cohort or treatment arm.
PRM-351,Is Drug A significantly more effective?,AMBIGUOUS,"AMB_COMPARATOR_MISSING, AMB_ENDPOINT_TYPE",Missing comparator baseline (placebo or active drug) and metric of effectiveness.
PRM-352,Give me the trial outcomes for GLP-88.,AMBIGUOUS,"AMB_ENDPOINT_TYPE, AMB_STUDY_PHASE",Extremely vague outcome request without identifying primary/secondary endpoints or phase.
PRM-353,Summarize adverse events observed during the randomized trial for the novel anticoagulant.,AMBIGUOUS,"AMB_ENTITY_UNSPECIFIED, AMB_ARM_POPULATION",Unspecified drug name and missing specific treatment arm/dose cohort.
PRM-354,Generate a statistical comparison showing whether our anti-inflammatory agent achieved non-inferiority.,AMBIGUOUS,"AMB_COMPARATOR_MISSING, AMB_ENTITY_UNSPECIFIED","Lacks drug name, benchmark comparator control, and target endpoint metric."
PRM-355,What were the biomarker changes observed during the trial?,AMBIGUOUS,"AMB_ENTITY_UNSPECIFIED, AMB_ENDPOINT_TYPE",Fails to state trial/drug name and does not specify exploratory vs primary biomarkers.
PRM-356,Extract median progression-free survival for the oncology candidate across study cohorts.,AMBIGUOUS,"AMB_ENTITY_UNSPECIFIED, AMB_ARM_POPULATION",Missing specific drug molecule code and breakdown of distinct treatment cohorts.
PRM-357,Was the severe adverse event rate lower in Cohort 1?,AMBIGUOUS,"AMB_COMPARATOR_MISSING, AMB_ENTITY_UNSPECIFIED",Missing comparator cohort (e.g. vs Cohort 2 or Placebo) and trial/drug ID.
PRM-358,What are the BLA filing requirements?,AMBIGUOUS,AMB_REGULATORY_JURISDICTION,Asks for filing requirements without specifying regulatory body (FDA vs Health Canada).
PRM-359,Find the storage conditions in the file.,AMBIGUOUS,"AMB_DOCUMENT_TYPE, AMB_PRONOUN_UNRESOLVED","Lacks document type (SmPC, IB, Module 3 CMC) and uses vague reference 'the file'."
PRM-360,Show the latest protocol changes for Compound 409.,AMBIGUOUS,"AMB_VERSION_TEMPORAL, AMB_DOCUMENT_TYPE",Uses relative term 'latest' without specifying protocol amendment number or date.
PRM-361,What are the current FDA guidance recommendations for conducting decentralized clinical trials?,AMBIGUOUS,AMB_VERSION_TEMPORAL,Uses relative term 'current' instead of specifying release year or guidance document version.
PRM-362,List mandatory pediatric investigation plan requirements needed before submitting our marketing application.,AMBIGUOUS,"AMB_REGULATORY_JURISDICTION, AMB_ENTITY_UNSPECIFIED",Missing regulatory authority (EMA PIP vs FDA iPSP) and drug name.
PRM-363,Extract the section detailing risk management strategies for the anti-hypertensive compound.,AMBIGUOUS,"AMB_ENTITY_UNSPECIFIED, AMB_DOCUMENT_TYPE","Unspecified drug name and missing document type (RMP, IB, or SmPC)."
PRM-364,What are the labeling requirements for pregnancy warnings?,AMBIGUOUS,"AMB_REGULATORY_JURISDICTION, AMB_ENTITY_UNSPECIFIED",Unspecified drug name and missing regulatory region (FDA PLLR vs EMA SmPC Section 4.6).
PRM-365,Check whether the trial protocol complies with recent Good Clinical Practice guidelines.,AMBIGUOUS,"AMB_VERSION_TEMPORAL, AMB_DOCUMENT_TYPE",Uses relative term 'recent' without citing ICH GCP E6(R2) or E6(R3) version.
PRM-366,Explain oncology Phase 3 trials.,AMBIGUOUS,AMB_SCOPE_OVERLY_BROAD,Unbounded query covering vast medical literature without specific parameter limits.
PRM-367,Show Phase 4 data for unapproved Phase 1 compound X.,AMBIGUOUS,AMB_CONTEXT_CONFLICT,Contradictory context: an unapproved Phase 1 investigational compound cannot have Phase 4 post-market data.
PRM-368,Pediatric oncology clinical trials.,AMBIGUOUS,AMB_INTENT_UNACTIONABLE,Isolated keywords with no verb or actionable instruction.
PRM-369,Summarize the complete safety and efficacy literature for all commercialized GLP-1 receptor agonists.,AMBIGUOUS,AMB_SCOPE_OVERLY_BROAD,Extremely broad request spanning decades of clinical literature across multiple drugs.
PRM-370,Provide EMA marketing authorization approval date for our First-in-Human candidate.,AMBIGUOUS,AMB_CONTEXT_CONFLICT,Contradictory context: First-in-Human candidates are in Phase 1 and do not have EMA marketing authorization.
PRM-371,Cardiovascular risk safety signals in elderly patient cohorts with pre-existing renal disease.,AMBIGUOUS,AMB_INTENT_UNACTIONABLE,"Fragmented phrase lacking a clear task, query, or command."
PRM-372,"Provide a comprehensive analysis detailing every clinical trial result, regulatory approval history, and patent litigation strategy for all anti-TNF therapies.",AMBIGUOUS,AMB_SCOPE_OVERLY_BROAD,"Impractically vast task combining clinical, regulatory, and legal domains across an entire class."
PRM-373,Extract FDA package insert guidelines for prescribing oral Insulin approved in 1995.,AMBIGUOUS,AMB_CONTEXT_CONFLICT,Contradictory/Factually false context: FDA has not approved oral insulin in 1995.
PRM-374,Regarding ongoing Phase 2 study updates and safety monitoring committee reports.,AMBIGUOUS,AMB_INTENT_UNACTIONABLE,Incomplete introductory phrase without an executable prompt instruction.
PRM-375,Give me all data on all drugs in our pipeline.,AMBIGUOUS,AMB_SCOPE_OVERLY_BROAD,"Absurdly broad scope without filtering by clinical trial, drug, or document type."
PRM-376,Summarize adverse reactions for this drug in pediatric trials.,AMBIGUOUS,"AMB_ENTITY_UNSPECIFIED, AMB_STUDY_PHASE",Unspecified drug name ('this drug') and lacks specific trial protocol/phase identification.
PRM-377,What is the efficacy of 200mg Keytruda compared to placebo?,AMBIGUOUS,"AMB_ENDPOINT_TYPE, AMB_STUDY_PHASE","Lacks endpoint metric (e.g., OS, PFS, ORR) and specific study phase/trial ID."
PRM-378,Pull safety findings from the recent report on Compound 101.,AMBIGUOUS,"AMB_DOCUMENT_TYPE, AMB_VERSION_TEMPORAL","Relies on relative time term 'recent' and does not specify document type (CSR, DSUR, IB)."
PRM-379,What are the dosing guidelines for administering intravenous Pembrolizumab?,AMBIGUOUS,"AMB_DOSAGE_STRENGTH, AMB_REGIMEN_SCHEDULE",Missing metric dosage strength (mg or mg/kg) and cycle schedule frequency.
PRM-380,Is our lead oncology drug better than chemotherapy?,AMBIGUOUS,"AMB_ENTITY_UNSPECIFIED, AMB_COMPARATOR_MISSING, AMB_ENDPOINT_TYPE","Unspecified drug, ambiguous chemotherapy comparator, and missing outcome metric."
PRM-381,Extract all primary endpoints from the Phase 3 trial.,AMBIGUOUS,"AMB_ENTITY_UNSPECIFIED, AMB_DOCUMENT_TYPE",Fails to name the drug/trial identifier and omits source document type.
PRM-382,What are the storage requirements for Atorvastatin according to current guidelines?,AMBIGUOUS,"AMB_VERSION_TEMPORAL, AMB_REGULATORY_JURISDICTION",Uses relative term 'current guidelines' and omits regulatory agency (FDA/EMA/USP).
PRM-383,Provide the clearance rate for the 50mg dose in the patient cohort.,AMBIGUOUS,"AMB_ENTITY_UNSPECIFIED, AMB_ARM_POPULATION",Missing drug entity name and lacks demographic or arm definition for 'the patient cohort'.
PRM-384,Summarize the results from Section 2 of the protocol.,AMBIGUOUS,"AMB_ENTITY_UNSPECIFIED, AMB_ENDPOINT_TYPE",Lacks protocol identification number and target outcome/topic.
PRM-385,What is the toxicity profile of the monoclonal antibody when given once daily?,AMBIGUOUS,"AMB_ENTITY_UNSPECIFIED, AMB_DOSAGE_STRENGTH",Unspecified mAb name and missing dosage strength.
PRM-386,Compare the Phase 2 safety data of our drug with FDA standards.,AMBIGUOUS,"AMB_ENTITY_UNSPECIFIED, AMB_ENDPOINT_TYPE",Missing drug name and fails to specify safety endpoints or specific FDA guidance document.
PRM-387,What are the SAEs reported in the latest study for pediatric patients?,AMBIGUOUS,"AMB_ENTITY_UNSPECIFIED, AMB_VERSION_TEMPORAL, AMB_STUDY_PHASE","Unspecified drug name, relative term 'latest study', and missing clinical trial phase."
PRM-388,Extract pharmacokinetic parameters from the IB.,AMBIGUOUS,"AMB_ENTITY_UNSPECIFIED, AMB_VERSION_TEMPORAL",Unspecified compound name and missing Investigator Brochure version/date.
PRM-389,Is 10mg once daily the standard dose for this indication?,AMBIGUOUS,"AMB_ENTITY_UNSPECIFIED, AMB_PRONOUN_UNRESOLVED",Unspecified drug entity and unresolved demonstrative 'this indication'.
PRM-390,Provide all safety data for Compound X under EU regulations.,AMBIGUOUS,"AMB_SCOPE_OVERLY_BROAD, AMB_ENDPOINT_TYPE",Overly broad scope ('all safety data') and unspecified endpoint categories.
PRM-391,Check whether the trial met its secondary endpoints in the recent analysis.,AMBIGUOUS,"AMB_ENTITY_UNSPECIFIED, AMB_VERSION_TEMPORAL, AMB_ENDPOINT_TYPE","Missing trial ID, relative term 'recent analysis', and unspecified secondary endpoint."
PRM-392,What are the contraindications for the oral tablet formulation?,AMBIGUOUS,"AMB_ENTITY_UNSPECIFIED, AMB_REGULATORY_JURISDICTION",Unspecified drug name and missing regulatory jurisdiction.
PRM-393,Summarize clinical findings for Protocol 202.,AMBIGUOUS,"AMB_STUDY_PHASE, AMB_ENDPOINT_TYPE, AMB_DOCUMENT_TYPE","Lacks study phase, specific endpoint metrics, and source document type."
PRM-394,What is the recommended titration schedule for the cardiovascular drug?,AMBIGUOUS,"AMB_ENTITY_UNSPECIFIED, AMB_DOSAGE_STRENGTH",Unspecified cardiovascular drug entity and missing baseline dosage strength.
PRM-395,Extract adverse event rates for Cohort A in the Phase 1 trial.,AMBIGUOUS,"AMB_ENTITY_UNSPECIFIED, AMB_ENDPOINT_TYPE",Missing drug/compound identifier and specific adverse event categories.
PRM-396,Check if the drug passed Phase 3 trials in Europe.,AMBIGUOUS,"AMB_ENTITY_UNSPECIFIED, AMB_REGULATORY_JURISDICTION",Missing specific drug name and exact European agency (EMA/national authority).
PRM-397,What are the recommended lab monitoring guidelines for the therapy?,AMBIGUOUS,"AMB_ENTITY_UNSPECIFIED, AMB_DOSAGE_STRENGTH",Lacks drug identity and dosage/schedule context.
PRM-398,Pull the primary analysis results from the investigator brochure.,AMBIGUOUS,"AMB_ENTITY_UNSPECIFIED, AMB_VERSION_TEMPORAL",Lacks drug name/code and Investigator Brochure version date or edition.
PRM-399,How does the study design compare to past trials?,AMBIGUOUS,"AMB_PRONOUN_UNRESOLVED, AMB_COMPARATOR_MISSING",Uses unresolved 'the study' and lacks reference to specific past trial IDs.
PRM-400,Summarize safety alerts for the monoclonal antibody released last month.,AMBIGUOUS,"AMB_ENTITY_UNSPECIFIED, AMB_VERSION_TEMPORAL",Unspecified mAb name and uses relative temporal term 'last month'.
PRM-401,"Using FDA Prescribing Information revision 7.2, compare the recommended dose adjustments for Drug AX 80 mg oral tablets in adults with moderate and severe renal impairment, using the renal-function definitions specified in the same label.",VALID,VALID,"Drug, strength, formulation, authority, version, population, impairment categories, and comparison basis are explicit."
PRM-402,"In Phase 3 Trial NCT10458231, compare overall survival and Grade 3+ treatment-emergent adverse events between Drug BX 200 mg Q3W plus chemotherapy and chemotherapy alone in the intention-to-treat population.",VALID,VALID,"Treatment, dose, schedule, comparator, trial, phase, population, and endpoints are specified."
PRM-403,"According to EMA SmPC revision 5.1, determine whether Drug CX 40 mg/1 mL solution for injection requires dose modification in adults with Child-Pugh B hepatic impairment.",VALID,VALID,"Product, strength, formulation, route, authority, revision, population, and impairment classification are explicit."
PRM-404,"Extract Cmax, AUC0-24, Tmax, and terminal half-life following administration of Drug DX 150 mg extended-release oral tablets once daily for 14 days in healthy adults from Investigator Brochure version 8.0.",VALID,VALID,"PK parameters, product, strength, formulation, regimen, duration, population, and source version are explicit."
PRM-405,Compare objective response rate and duration of response between the 300 mg Q2W monotherapy and 300 mg Q2W plus Drug EX combination arms in biomarker-positive adults enrolled in Phase 2 Trial NCT10567842.,VALID,VALID,"Both regimens, comparator, population, biomarker status, phase, trial ID, and endpoints are explicit."
PRM-406,"From CSR-2026-118, identify all Grade 3 or higher hepatobiliary adverse events leading to permanent discontinuation among participants aged ≥65 years receiving Drug FX 75 mg once daily in Cohort C.",VALID,VALID,"CSR, event category, grade, outcome, age subgroup, drug, dose, regimen, and cohort are specified."
PRM-407,"According to MHRA product information revised July 2026, determine whether Drug GX 100 mg/5 mL oral suspension is indicated for children aged 2–11 years with community-acquired pneumonia.",VALID,VALID,"Authority, document revision, drug, formulation, strength, age range, and indication are explicit."
PRM-408,Extract the exclusion criteria related to previous anti-CD20 therapy from Amendment 4 of Protocol IMM-2026-72 for Cohort B participants aged 18–75 years.,VALID,VALID,"Protocol, amendment, cohort, age range, and prior treatment are explicit."
PRM-409,Compare AUC0-inf and renal clearance between Drug HX 500 mg IV Q4W and Drug HX 500 mg IV Q2W in adults with moderate renal impairment enrolled in the Phase 1b PK substudy.,VALID,VALID,"Product, dose, route, schedules, PK parameters, population, and study stage are specified."
PRM-410,"According to FDA Guidance for Industry dated June 2026, summarize the recommended approach to exposure-response analysis for dose selection in confirmatory oncology trials.",VALID,VALID,"Authority, document date, domain, analysis type, purpose, and study stage are explicit."
PRM-411,"The final CSR reports a lower incidence of severe toxicity than the interim analysis, but the treatment duration was also shortened between analyses. Determine whether the apparent improvement should be interpreted as a treatment-related safety benefit.",AMBIGUOUS,AMB_DOCUMENT_TYPE; AMB_VERSION_TEMPORAL; AMB_REGIMEN_SCHEDULE; AMB_ENDPOINT_TYPE,"The treatment, exact analyses, durations, and definition of treatment-related safety benefit are unspecified."
PRM-412,Compare the exposure-adjusted incidence of serious adverse events between patients who remained on the recommended regimen and those whose treatment was interrupted after the protocol amendment.,AMBIGUOUS,AMB_ENTITY_UNSPECIFIED; AMB_VERSION_TEMPORAL; AMB_REGIMEN_SCHEDULE; AMB_ARM_POPULATION,"Product, amendment, exact regimen, interruption criteria, and populations are unresolved."
PRM-413,"According to the current regulatory position, determine whether the observed efficacy signal is sufficient to support the indication originally proposed for the program.",AMBIGUOUS,AMB_ENTITY_UNSPECIFIED; AMB_VERSION_TEMPORAL; AMB_REGULATORY_JURISDICTION; AMB_ENDPOINT_TYPE,"Product, regulator, current position, indication, and efficacy endpoint are unspecified."
PRM-414,The subgroup analysis suggests that patients with impaired clearance experienced greater exposure but no corresponding increase in efficacy. Should the dose therefore be reduced in this population?,AMBIGUOUS,AMB_ENTITY_UNSPECIFIED; AMB_DOSAGE_STRENGTH; AMB_ARM_POPULATION; AMB_ENDPOINT_TYPE,"Drug, impairment definition, dose, and efficacy criterion are missing."
PRM-415,Compare the safety findings in the population used for the original approval with those observed after implementation of the revised dosing recommendations.,AMBIGUOUS,AMB_ENTITY_UNSPECIFIED; AMB_REGULATORY_JURISDICTION; AMB_VERSION_TEMPORAL; AMB_REGIMEN_SCHEDULE,"Product, approval jurisdiction, revision, and exact dosing recommendations are unspecified."
PRM-416,Determine whether the newly identified adverse event changes the interpretation of the primary efficacy result reported in the pivotal analysis.,AMBIGUOUS,AMB_ENTITY_UNSPECIFIED; AMB_ENDPOINT_TYPE; AMB_DOCUMENT_TYPE,"Product, adverse event, pivotal analysis, and exact endpoint are unspecified."
PRM-417,"The treatment produced a statistically significant improvement in the prespecified endpoint, but the effect was smaller in patients receiving background therapy. Determine whether the overall result remains clinically meaningful.",AMBIGUOUS,AMB_ENTITY_UNSPECIFIED; AMB_ENDPOINT_TYPE; AMB_ARM_POPULATION,"Treatment, endpoint, background therapy, and clinical-meaning threshold are unspecified."
PRM-418,"Compare the results obtained before and after the eligibility amendment, restricting the analysis to subjects who would have satisfied both versions of the criteria.",AMBIGUOUS,AMB_VERSION_TEMPORAL; AMB_ARM_POPULATION; AMB_ENDPOINT_TYPE,Amendment versions and outcome being compared are unspecified.
PRM-419,Identify whether the revised formulation achieved equivalent exposure while preserving the safety advantage observed with the original product.,AMBIGUOUS,AMB_ENTITY_UNSPECIFIED; AMB_ROUTE_FORMULATION; AMB_COMPARATOR_MISSING; AMB_ENDPOINT_TYPE,"Product, formulation, equivalence criterion, and comparator safety advantage are unclear."
PRM-420,Was the increase in overall response rate sufficient to compensate for the higher incidence of serious toxicity in the treatment population?,AMBIGUOUS,AMB_ENTITY_UNSPECIFIED; AMB_COMPARATOR_MISSING; AMB_ENDPOINT_TYPE,"Drug, comparator, response endpoint, toxicity definition, and benefit-risk threshold are unspecified."
PRM-421,Extract the dose that produced the exposure considered sufficient for efficacy without exceeding the safety threshold identified during escalation.,AMBIGUOUS,AMB_ENTITY_UNSPECIFIED; AMB_DOSAGE_STRENGTH; AMB_ENDPOINT_TYPE,"Drug, dose levels, efficacy exposure threshold, and safety threshold are missing."
PRM-422,Compare the post-marketing safety signal with the corresponding signal observed during clinical development and determine whether the difference is attributable to broader patient exposure.,AMBIGUOUS,AMB_ENTITY_UNSPECIFIED; AMB_VERSION_TEMPORAL; AMB_ARM_POPULATION; AMB_ENDPOINT_TYPE,"Product, time periods, populations, and attribution criteria are unspecified."
PRM-423,Determine whether patients who crossed over after progression should be included in the primary safety analysis of the active treatment.,AMBIGUOUS,AMB_ENTITY_UNSPECIFIED; AMB_COMPARATOR_MISSING; AMB_ARM_POPULATION; AMB_ENDPOINT_TYPE,"Active treatment, crossover rules, and primary safety analysis definition are missing."
PRM-424,The protocol permits dose interruption for toxicity and later reintroduction at a reduced dose. Quantify the impact of this strategy on efficacy and safety.,AMBIGUOUS,AMB_ENTITY_UNSPECIFIED; AMB_DOSAGE_STRENGTH; AMB_ENDPOINT_TYPE; AMB_DOCUMENT_TYPE,"Drug, actual dose levels, endpoints, and protocol identity are absent."
PRM-425,"Compare the benefit-risk profile of the approved regimen with the regimen that generated the pivotal efficacy evidence, accounting for differences in exposure and treatment duration.",AMBIGUOUS,AMB_ENTITY_UNSPECIFIED; AMB_REGULATORY_JURISDICTION; AMB_REGIMEN_SCHEDULE; AMB_DOCUMENT_TYPE,"Product, approved regimen, pivotal study, and regulatory basis are unspecified."
PRM-426,"The current label recommends one dose for adults, while the development program evaluated another. Determine whether the difference can be justified by the available PK evidence.",AMBIGUOUS,AMB_ENTITY_UNSPECIFIED; AMB_DOSAGE_STRENGTH; AMB_REGULATORY_JURISDICTION; AMB_DOCUMENT_TYPE,"Product, doses, label, and development evidence are not identified."
PRM-427,Identify the patients for whom the dose reduction introduced in the latest update is applicable and summarize the supporting evidence.,AMBIGUOUS,AMB_ENTITY_UNSPECIFIED; AMB_VERSION_TEMPORAL; AMB_DOSAGE_STRENGTH; AMB_REGULATORY_JURISDICTION,"Product, update version, dose, and regulatory source are missing."
PRM-428,Compare efficacy between patients with and without the biomarker when treatment exposure was approximately equivalent.,AMBIGUOUS,AMB_ENTITY_UNSPECIFIED; AMB_ARM_POPULATION; AMB_ENDPOINT_TYPE,"Drug, biomarker definition, exposure equivalence, and efficacy endpoint are unspecified."
PRM-429,"Determine whether the safety signal observed at higher exposure remains after adjusting for differences in age, disease severity, and treatment duration.",AMBIGUOUS,AMB_ENTITY_UNSPECIFIED; AMB_DOSAGE_STRENGTH; AMB_ARM_POPULATION; AMB_ENDPOINT_TYPE,"Product, exposure threshold, populations, and safety endpoint are unspecified."
PRM-430,"According to the assessment supporting approval, explain why the endpoint was considered adequate despite the absence of a statistically significant secondary outcome.",AMBIGUOUS,AMB_ENTITY_UNSPECIFIED; AMB_REGULATORY_JURISDICTION; AMB_ENDPOINT_TYPE; AMB_DOCUMENT_TYPE,"Product, regulator, primary/secondary endpoint definitions, and assessment document are missing."
PRM-431,Extract all treatment-related fatal events reported after the latest database lock and determine whether they changed the overall benefit-risk conclusion.,AMBIGUOUS,AMB_ENTITY_UNSPECIFIED; AMB_VERSION_TEMPORAL; AMB_ENDPOINT_TYPE,"Product, database-lock version, and benefit-risk criteria are unspecified."
PRM-432,Compare the exposure achieved with the approved regimen against that associated with the maximum tolerated dose in the first-in-human study.,AMBIGUOUS,AMB_ENTITY_UNSPECIFIED; AMB_DOSAGE_STRENGTH; AMB_STUDY_PHASE,"Product, approved dose, MTD, and first-in-human study are unspecified."
PRM-433,The subgroup with reduced renal function had approximately two-fold higher exposure. Determine whether the existing dosing recommendation remains appropriate.,AMBIGUOUS,AMB_ENTITY_UNSPECIFIED; AMB_DOSAGE_STRENGTH; AMB_ARM_POPULATION,"Drug, renal-function category, dose, and appropriateness criterion are missing."
PRM-434,Was the reduction in toxicity after dose modification accompanied by a clinically acceptable loss of efficacy?,AMBIGUOUS,AMB_ENTITY_UNSPECIFIED; AMB_DOSAGE_STRENGTH; AMB_ENDPOINT_TYPE,"Product, original/reduced dose, and definition of acceptable efficacy loss are unspecified."
PRM-435,"Compare the final analysis with the analysis used for the regulatory submission, focusing on changes that could affect the interpretation of the primary endpoint.",AMBIGUOUS,AMB_VERSION_TEMPORAL; AMB_REGULATORY_JURISDICTION; AMB_ENDPOINT_TYPE; AMB_DOCUMENT_TYPE,"Analysis versions, regulator, endpoint, and submission document are unspecified."
PRM-436,Determine whether the treatment remains appropriate for patients who develop moderate hepatic impairment during long-term therapy.,AMBIGUOUS,AMB_ENTITY_UNSPECIFIED; AMB_REGIMEN_SCHEDULE; AMB_ENDPOINT_TYPE,"Product, long-term duration, dose modification rules, and appropriateness criteria are missing."
PRM-437,Summarize the evidence supporting continued treatment after progression when the patient has not experienced unacceptable toxicity.,AMBIGUOUS,AMB_ENTITY_UNSPECIFIED; AMB_ENDPOINT_TYPE; AMB_REGIMEN_SCHEDULE,"Drug, definition of progression, and unacceptable toxicity are unspecified."
PRM-438,Compare the incidence of serious adverse events in patients receiving the higher exposure with the corresponding incidence expected from the disease background.,AMBIGUOUS,AMB_ENTITY_UNSPECIFIED; AMB_DOSAGE_STRENGTH; AMB_COMPARATOR_MISSING,"Drug, exposure category, and disease-background source are unspecified."
PRM-439,Determine whether the revised safety analysis resolves the discrepancy between the interim and final efficacy conclusions.,AMBIGUOUS,AMB_VERSION_TEMPORAL; AMB_ENDPOINT_TYPE; AMB_DOCUMENT_TYPE,"Analysis versions, efficacy endpoints, and discrepancy are not defined."
PRM-440,What evidence would be required to conclude that the observed subgroup effect is predictive rather than merely prognostic?,AMBIGUOUS,AMB_ENTITY_UNSPECIFIED; AMB_ARM_POPULATION; AMB_ENDPOINT_TYPE,"Product, biomarker/subgroup, and statistical criteria for predictive effect are unspecified."
PRM-441,"According to FDA Prescribing Information revision 9.1 dated August 2026, compare the recommended starting and maximum daily doses of Drug NN 25 mg oral tablets for adults with moderate renal impairment versus normal renal function.",VALID,VALID,"All drug, strength, formulation, authority, version, population, comparator, and dose parameters are explicit."
PRM-442,"In Phase 3 Trial NCT10678923, compare median overall survival, hazard ratio for death, and Grade 3+ treatment-emergent adverse events between Drug OO 400 mg Q4W plus chemotherapy and placebo plus chemotherapy in the modified intention-to-treat population.",VALID,VALID,"Treatment, comparator, dose, schedule, trial, phase, population, and outcomes are explicit."
PRM-443,"According to EMA SmPC revision 3.8, determine the recommended dose interruption and restart criteria for Drug PP 150 mg oral tablets following Grade 3 thrombocytopenia.",VALID,VALID,"Product, strength, formulation, authority, revision, adverse event grade, and action are explicit."
PRM-444,"Extract single-dose and steady-state AUC0-24, Cmax, Tmax, and accumulation ratio for Drug QQ 75 mg extended-release capsules administered once daily for 28 days in healthy adults from IB version 10.1.",VALID,VALID,"Product, strength, formulation, regimen, duration, PK metrics, population, and source are explicit."
PRM-445,Compare objective response rate and complete response rate between Drug RR 200 mg BID monotherapy and Drug RR 200 mg BID plus Drug SS in Phase 2 Trial NCT10765432 among biomarker-negative adults.,VALID,VALID,"Treatment arms, doses, schedules, phase, trial, biomarker population, and endpoints are explicit."
PRM-446,"From CSR-2026-612, identify all treatment-emergent Grade 4 renal adverse events occurring during the first 12 weeks in patients receiving Drug TT 50 mg Q2W in Cohort A.",VALID,VALID,"CSR, drug, dose, schedule, cohort, time period, population, organ system, and grade are specified."
PRM-447,"According to MHRA product information revision August 2026, determine whether Drug UU 10 mg/mL oral solution is licensed for children aged 1–5 years with severe disease.",VALID,VALID,"Authority, revision, product, concentration, formulation, age, and indication are specified."
PRM-448,"From Protocol HEM-2026-88 Amendment 6, extract the inclusion criteria requiring hemoglobin between 8.0 and 11.0 g/dL for adults aged 18–80 years in Cohort C.",VALID,VALID,"Protocol, amendment, laboratory range, age range, and cohort are explicit."
PRM-449,"Compare Cmax, AUC0-inf, and terminal half-life of Drug VV 20 mg/kg IV Q4W between patients with normal hepatic function and Child-Pugh B impairment in the dedicated hepatic impairment study.",VALID,VALID,"Drug, dose, route, schedule, PK parameters, populations, classification, and study type are explicit."
PRM-450,"According to FDA Guidance for Industry dated August 2026, summarize the recommended statistical considerations for handling intercurrent events in confirmatory clinical trials.",VALID,VALID,"Authority, date, document type, topic, statistical context, and study stage are explicit."
PRM-451,"The treatment achieved the prespecified primary endpoint, but the magnitude of benefit was smaller in the subgroup subsequently added by amendment. Determine whether the overall efficacy conclusion remains valid.",AMBIGUOUS,AMB_ENTITY_UNSPECIFIED; AMB_VERSION_TEMPORAL; AMB_ARM_POPULATION; AMB_ENDPOINT_TYPE,"Treatment, amendment, subgroup, endpoint magnitude, and validity criterion are unspecified."
PRM-452,"Compare the safety profile under the originally approved dosing regimen with that observed after the post-approval dose reduction, using exposure-adjusted incidence rates.",AMBIGUOUS,AMB_ENTITY_UNSPECIFIED; AMB_REGULATORY_JURISDICTION; AMB_VERSION_TEMPORAL; AMB_DOSAGE_STRENGTH,"Product, approval jurisdiction, exact doses, and reduction date are unspecified."
PRM-453,Determine whether the treatment effect observed after crossover can still be interpreted as evidence of superiority over control.,AMBIGUOUS,AMB_ENTITY_UNSPECIFIED; AMB_COMPARATOR_MISSING; AMB_ENDPOINT_TYPE,"Treatment, control, crossover timing, and superiority endpoint are unspecified."
PRM-454,Extract the evidence used to justify continuing treatment beyond progression in patients with stable disease and acceptable tolerability.,AMBIGUOUS,AMB_ENTITY_UNSPECIFIED; AMB_ENDPOINT_TYPE; AMB_REGIMEN_SCHEDULE,"Product, progression definition, stable disease criteria, and treatment duration are unspecified."
PRM-455,Was the lower exposure observed following the formulation change clinically relevant given the absence of an apparent efficacy difference?,AMBIGUOUS,AMB_ENTITY_UNSPECIFIED; AMB_ROUTE_FORMULATION; AMB_ENDPOINT_TYPE,"Product, formulations, exposure threshold, and efficacy endpoint are missing."
PRM-456,Compare adverse events attributed to treatment with those attributed to the underlying condition in the final safety population.,AMBIGUOUS,AMB_ENTITY_UNSPECIFIED; AMB_COMPARATOR_MISSING; AMB_ARM_POPULATION,"Drug, attribution rules, disease, and safety population are unspecified."
PRM-457,Determine whether the revised indication is adequately supported by the subgroup that demonstrated the largest treatment effect.,AMBIGUOUS,AMB_REGULATORY_JURISDICTION; AMB_ARM_POPULATION; AMB_ENDPOINT_TYPE,"Indication, authority, subgroup definition, and endpoint are unspecified."
PRM-458,The current regimen produces adequate exposure in most patients but excessive exposure in a clinically important subgroup. What dosing strategy should be adopted?,AMBIGUOUS,AMB_ENTITY_UNSPECIFIED; AMB_DOSAGE_STRENGTH; AMB_ARM_POPULATION; AMB_REGIMEN_SCHEDULE,"Product, dose, subgroup definition, and acceptable exposure threshold are missing."
PRM-459,Compare the final benefit-risk assessment with the assessment available when the initial indication was granted.,AMBIGUOUS,AMB_ENTITY_UNSPECIFIED; AMB_REGULATORY_JURISDICTION; AMB_VERSION_TEMPORAL; AMB_DOCUMENT_TYPE,"Product, authority, dates, and assessment documents are unspecified."
PRM-460,Determine whether the observed increase in treatment discontinuation is attributable to the revised dosing schedule rather than to differences in patient selection.,AMBIGUOUS,AMB_ENTITY_UNSPECIFIED; AMB_REGIMEN_SCHEDULE; AMB_ARM_POPULATION; AMB_ENDPOINT_TYPE,"Drug, schedule, populations, and causal analysis framework are unspecified."
PRM-461,Extract the subgroup in which the treatment effect was statistically heterogeneous and explain the clinical implications.,AMBIGUOUS,AMB_ENTITY_UNSPECIFIED; AMB_ARM_POPULATION; AMB_ENDPOINT_TYPE,"Product, subgroup, endpoint, and heterogeneity criterion are missing."
PRM-462,Was the safety margin sufficient to support the exposure required to achieve the observed response?,AMBIGUOUS,AMB_ENTITY_UNSPECIFIED; AMB_DOSAGE_STRENGTH; AMB_ENDPOINT_TYPE,"Drug, exposure, response threshold, and safety-margin definition are unspecified."
PRM-463,Compare treatment-emergent adverse events between patients exposed before and after implementation of the risk-minimization measure.,AMBIGUOUS,AMB_ENTITY_UNSPECIFIED; AMB_VERSION_TEMPORAL; AMB_ENDPOINT_TYPE,"Product, implementation date/version, and safety population are unspecified."
PRM-464,Determine whether the difference in efficacy between the two regimens remains after controlling for treatment duration.,AMBIGUOUS,AMB_ENTITY_UNSPECIFIED; AMB_REGIMEN_SCHEDULE; AMB_ENDPOINT_TYPE,"Drugs, regimens, duration, and efficacy endpoint are not defined."
PRM-465,Extract the evidence supporting the decision to retain the higher dose despite the observed increase in toxicity.,AMBIGUOUS,AMB_ENTITY_UNSPECIFIED; AMB_DOSAGE_STRENGTH; AMB_ENDPOINT_TYPE,"Drug, higher dose, toxicity threshold, and decision evidence are unspecified."
PRM-466,Compare the efficacy signal in the overall population with that observed after restricting the analysis to patients meeting the amended biomarker criterion.,AMBIGUOUS,AMB_ENTITY_UNSPECIFIED; AMB_VERSION_TEMPORAL; AMB_ARM_POPULATION; AMB_ENDPOINT_TYPE,"Drug, amendment, biomarker definition, and efficacy endpoint are unspecified."
PRM-467,Determine whether the new safety findings should alter the current treatment duration in patients who respond early.,AMBIGUOUS,AMB_ENTITY_UNSPECIFIED; AMB_REGIMEN_SCHEDULE; AMB_ENDPOINT_TYPE,"Drug, safety findings, duration, and definition of early response are missing."
PRM-468,Was the observed PK variability sufficiently characterized to justify the fixed-dose regimen used in later development?,AMBIGUOUS,AMB_ENTITY_UNSPECIFIED; AMB_DOSAGE_STRENGTH; AMB_STUDY_PHASE; AMB_ENDPOINT_TYPE,"Product, fixed dose, later development stage, and characterization criteria are unspecified."
PRM-469,Compare outcomes after treatment interruption and dose reduction to determine which toxicity-management strategy better preserves efficacy.,AMBIGUOUS,AMB_ENTITY_UNSPECIFIED; AMB_DOSAGE_STRENGTH; AMB_ENDPOINT_TYPE; AMB_REGIMEN_SCHEDULE,"Product, doses, endpoints, and management protocols are unspecified."
PRM-470,Identify whether the safety findings justify a change in the approved population rather than a change in dose.,AMBIGUOUS,AMB_ENTITY_UNSPECIFIED; AMB_REGULATORY_JURISDICTION; AMB_ARM_POPULATION; AMB_DOSAGE_STRENGTH,"Product, regulator, population, and dose are not specified."
PRM-471,"According to FDA Prescribing Information revision 10.0 dated August 2026, compare the recommended dose, maximum dose, and dose-adjustment criteria for Drug WW 5 mg oral tablets in adults with normal renal function and eGFR 30–59 mL/min/1.73 m².",VALID,VALID,"Product, strength, formulation, authority, version, date, populations, and requested dose information are explicit."
PRM-472,"In Phase 3 Trial NCT10876543, compare hazard ratios for progression and death and Grade 3+ adverse-event incidence between Drug XX 120 mg Q3W plus Drug YY and Drug YY alone in the modified ITT population.",VALID,VALID,"Drugs, dose, schedule, comparator, trial, phase, population, and endpoints are explicit."
PRM-473,"According to EMA SmPC revision 6.0, extract the dose interruption, dose reduction, and treatment discontinuation criteria for Drug ZZ 200 mg IV Q4W following Grade 3 hepatotoxicity.",VALID,VALID,"Product, dose, route, regimen, document revision, adverse event, grade, and management actions are explicit."
PRM-474,Extract single-dose Cmax and AUC0-inf and steady-state accumulation ratio for Drug AAA 25 mg delayed-release capsules administered BID for 21 days in healthy adults from IB version 11.3.,VALID,VALID,"Formulation, dose, schedule, duration, PK parameters, population, and document version are specified."
PRM-475,Compare confirmed objective response rate and median duration of response between Drug BBB 100 mg Q2W monotherapy and Drug BBB 100 mg Q2W plus Drug CCC in Phase 2 Trial NCT10987654 among adults with biomarker-positive disease.,VALID,VALID,"Treatment arms, dose, schedule, phase, trial, biomarker status, and endpoints are explicit."
PRM-476,"From CSR-2026-719, identify Grade 4 treatment-emergent cardiac adverse events occurring during treatment cycles 1–8 in patients receiving Drug DDD 50 mg once daily in the safety-analysis population.",VALID,VALID,"CSR, drug, dose, schedule, cycle range, population, organ system, and grade are explicit."
PRM-477,"According to MHRA product information revision August 2026, determine whether Drug EEE 2 mg/mL intravenous solution is authorized for adults aged 18 years or older with severe refractory disease.",VALID,VALID,"Authority, revision, drug, concentration, route, age, and disease condition are explicit."
PRM-478,"From Protocol ONC-2026-101 Amendment 2, extract inclusion and exclusion criteria related to prior platinum-based chemotherapy for Cohort D participants aged 18–80 years.",VALID,VALID,"Protocol, amendment, treatment history, cohort, and age range are explicit."
PRM-479,"Compare AUC0-24, Cmax, and renal clearance between Drug FFF 300 mg oral solution once daily and Drug FFF 300 mg oral tablets once daily in adults with moderate renal impairment.",VALID,VALID,"Product, strength, formulations, route, schedule, population, and PK endpoints are explicit."
PRM-480,"According to FDA Guidance for Industry dated August 2026, summarize recommendations for estimands addressing treatment discontinuation and rescue medication in confirmatory trials.",VALID,VALID,"Authority, document date, statistical concept, intercurrent events, and trial context are explicit."
PRM-481,"The final analysis reports improved survival after excluding early discontinuations, while the regulatory submission uses the intention-to-treat population. Determine which estimate should be considered the principal evidence of efficacy.",AMBIGUOUS,AMB_ENTITY_UNSPECIFIED; AMB_ENDPOINT_TYPE; AMB_REGULATORY_JURISDICTION,"Product, exact survival endpoint, and regulatory framework are unspecified."
PRM-482,Determine whether the exposure increase observed after formulation conversion is sufficient to explain the difference in toxicity between the two formulations.,AMBIGUOUS,AMB_ENTITY_UNSPECIFIED; AMB_ROUTE_FORMULATION; AMB_ENDPOINT_TYPE,"Product, formulations, exposure threshold, and toxicity definition are unspecified."
PRM-483,"Compare the response observed in patients treated continuously with that observed after treatment interruptions, accounting for the fact that interruptions were more common in the higher-risk population.",AMBIGUOUS,AMB_ENTITY_UNSPECIFIED; AMB_ARM_POPULATION; AMB_REGIMEN_SCHEDULE; AMB_ENDPOINT_TYPE,"Product, risk definition, interruption criteria, and response endpoint are missing."
PRM-484,"According to the latest amendment, determine whether patients previously exposed to the class should receive the same starting regimen as treatment-naive patients.",AMBIGUOUS,AMB_SYNONYM_POLYSEMY; AMB_VERSION_TEMPORAL; AMB_REGIMEN_SCHEDULE; AMB_ARM_POPULATION,“The class” and starting regimen are unspecified; amendment version is missing.
PRM-485,Identify whether the observed efficacy advantage remains after harmonizing endpoint definitions across the original and amended protocols.,AMBIGUOUS,AMB_VERSION_TEMPORAL; AMB_ENDPOINT_TYPE; AMB_DOCUMENT_TYPE,"Protocols, endpoint definitions, and exact amendments are unspecified."
PRM-486,Compare the regulatory conclusions reached by the two agencies regarding the same safety signal and determine whether the discrepancy reflects different evidentiary standards.,AMBIGUOUS,AMB_ENTITY_UNSPECIFIED; AMB_REGULATORY_JURISDICTION; AMB_ENDPOINT_TYPE,"Agencies, product, safety signal, and standards are unspecified."
PRM-487,The dose selected for Phase 3 was lower than the dose associated with maximal response in Phase 2. Determine whether the lower dose can still be considered adequately justified.,AMBIGUOUS,AMB_ENTITY_UNSPECIFIED; AMB_DOSAGE_STRENGTH; AMB_STUDY_PHASE; AMB_ENDPOINT_TYPE,"Drug, doses, endpoint, and justification criteria are unspecified."
PRM-488,Determine whether the apparent reduction in serious adverse events is attributable to the intervention or to the narrower population enrolled after the amendment.,AMBIGUOUS,AMB_ENTITY_UNSPECIFIED; AMB_VERSION_TEMPORAL; AMB_ARM_POPULATION; AMB_ENDPOINT_TYPE,"Intervention, amendment, population differences, and SAE analysis are unspecified."
PRM-489,Extract the evidence that the approved dosing interval remains appropriate despite the accumulation observed after repeated administration.,AMBIGUOUS,AMB_ENTITY_UNSPECIFIED; AMB_REGIMEN_SCHEDULE; AMB_DOSAGE_STRENGTH; AMB_ENDPOINT_TYPE,"Product, dosing interval, dose, accumulation threshold, and appropriateness criterion are missing."
PRM-490,Compare the observed efficacy at the exposure associated with the recommended dose with the exposure-response relationship established during development.,AMBIGUOUS,AMB_ENTITY_UNSPECIFIED; AMB_DOSAGE_STRENGTH; AMB_ENDPOINT_TYPE; AMB_STUDY_PHASE,"Drug, recommended dose, endpoint, and development study are unspecified."
PRM-491,Was the safety signal sufficiently characterized to support continued use in the population for which the product is currently recommended?,AMBIGUOUS,AMB_ENTITY_UNSPECIFIED; AMB_REGULATORY_JURISDICTION; AMB_ARM_POPULATION; AMB_ENDPOINT_TYPE,"Product, regulatory source, population, and characterization threshold are unspecified."
PRM-492,Determine whether the treatment effect remains statistically and clinically meaningful after adjusting for baseline disease severity and prior treatment exposure.,AMBIGUOUS,AMB_ENTITY_UNSPECIFIED; AMB_ENDPOINT_TYPE; AMB_ARM_POPULATION,"Product, endpoint, analysis population, and clinical meaningfulness threshold are unspecified."
PRM-493,"Compare the safety conclusions from the current label with those from the original clinical development package, focusing on events that were initially considered uncommon.",AMBIGUOUS,AMB_ENTITY_UNSPECIFIED; AMB_REGULATORY_JURISDICTION; AMB_VERSION_TEMPORAL; AMB_ENDPOINT_TYPE,"Product, label jurisdiction/version, development package, and “uncommon” definition are unspecified."
PRM-494,What evidence would distinguish a true treatment-by-biomarker interaction from an apparent subgroup difference caused by sample-size imbalance?,AMBIGUOUS,AMB_ENTITY_UNSPECIFIED; AMB_ARM_POPULATION; AMB_ENDPOINT_TYPE,"Product, biomarker, endpoint, and subgroup definitions are absent."
PRM-495,Determine whether the observed accumulation at steady state creates a clinically relevant difference between the recommended and alternative dosing intervals.,AMBIGUOUS,AMB_ENTITY_UNSPECIFIED; AMB_REGIMEN_SCHEDULE; AMB_ENDPOINT_TYPE,"Product, intervals, dose, and clinical-relevance threshold are unspecified."
PRM-496,"Compare post-approval adverse-event rates with those observed in the pivotal safety population, accounting for differences in treatment duration, age distribution, and concomitant medications.",AMBIGUOUS,AMB_ENTITY_UNSPECIFIED; AMB_ARM_POPULATION; AMB_VERSION_TEMPORAL; AMB_ENDPOINT_TYPE,"Product, post-approval period, pivotal study, and analysis definitions are unspecified."
PRM-497,Determine whether the revised indication can be supported by the evidence from the subgroup that demonstrated the most favorable benefit-risk balance.,AMBIGUOUS,AMB_ENTITY_UNSPECIFIED; AMB_REGULATORY_JURISDICTION; AMB_ARM_POPULATION; AMB_ENDPOINT_TYPE,"Product, indication, regulator, subgroup, and benefit-risk criteria are unspecified."
PRM-498,"The approved regimen differs from the regimen used to establish efficacy, and the two regimens produce different exposures. Determine whether efficacy can reasonably be extrapolated from one to the other.",AMBIGUOUS,AMB_ENTITY_UNSPECIFIED; AMB_REGULATORY_JURISDICTION; AMB_REGIMEN_SCHEDULE; AMB_ENDPOINT_TYPE,"Product, approved/development doses, regulatory context, and extrapolation criteria are unspecified."
PRM-499,Compare the interpretation of the primary endpoint before and after incorporation of the additional follow-up data and determine whether the conclusion should be revised.,AMBIGUOUS,AMB_VERSION_TEMPORAL; AMB_ENDPOINT_TYPE; AMB_DOCUMENT_TYPE,"Exact analyses, endpoint, follow-up cutoff, and source document are unspecified."
PRM-500,"Using the final evidence package, determine whether the treatment's efficacy, exposure-response relationship, long-term safety profile, subgroup consistency, and regulatory benefit-risk assessment collectively justify maintaining the current indication and dosing recommendations.",AMBIGUOUS,AMB_ENTITY_UNSPECIFIED; AMB_REGULATORY_JURISDICTION; AMB_VERSION_TEMPORAL; AMB_ENDPOINT_TYPE; AMB_SCOPE_OVERLY_BROAD,"The product, evidence package/version, regulator, indication, dosing recommendation, and exact decision criteria are unspecified; the request also combines multiple broad analyses."
PRM-501,"Using the most recent approved labeling, determine whether the recommended dose for the elderly population remains unchanged after moderate renal impairment is taken into account.",AMBIGUOUS,AMB_ENTITY_UNSPECIFIED; AMB_VERSION_TEMPORAL; AMB_REGULATORY_JURISDICTION; AMB_DOSAGE_STRENGTH,"The product, labeling authority/version, and actual dose are unspecified."
PRM-502,Compare the incidence of Grade 3+ immune-related adverse events between the combination arm and the corresponding control population after adjusting for treatment exposure.,AMBIGUOUS,AMB_ENTITY_UNSPECIFIED; AMB_COMPARATOR_MISSING; AMB_ARM_POPULATION,"Drugs, comparator, and exact exposure-adjustment method are not identified."
PRM-503,Extract the primary efficacy result supporting continuation of the program following the interim analysis.,AMBIGUOUS,AMB_ENTITY_UNSPECIFIED; AMB_ENDPOINT_TYPE; AMB_DOCUMENT_TYPE,"The product, exact endpoint, and interim analysis source are unspecified."
PRM-504,What was the observed difference in response between patients who received the recommended regimen and those who received the alternative schedule?,AMBIGUOUS,AMB_ENTITY_UNSPECIFIED; AMB_REGIMEN_SCHEDULE; AMB_ENDPOINT_TYPE,Neither regimen nor the response definition is specified.
PRM-505,"According to the applicable regulatory assessment, was the benefit-risk profile considered favorable for the proposed indication?",AMBIGUOUS,AMB_ENTITY_UNSPECIFIED; AMB_REGULATORY_JURISDICTION; AMB_DOCUMENT_TYPE,"Product, jurisdiction, document, and indication are missing."
PRM-506,Determine whether the exposure observed in patients with impaired renal function justified the dose modification introduced later in development.,AMBIGUOUS,AMB_ENTITY_UNSPECIFIED; AMB_DOSAGE_STRENGTH; AMB_VERSION_TEMPORAL,"Drug, dose modification, and timing/version are unspecified."
PRM-507,Summarize the safety signal that prompted the protocol amendment and explain whether it persisted after implementation of the revised regimen.,AMBIGUOUS,AMB_ENTITY_UNSPECIFIED; AMB_VERSION_TEMPORAL; AMB_REGIMEN_SCHEDULE; AMB_ENDPOINT_TYPE,"Product, amendment, revised regimen, and definition of the safety signal are missing."
PRM-508,Compare the subgroup excluded from the primary analysis with the population used for the final efficacy assessment.,AMBIGUOUS,AMB_ARM_POPULATION; AMB_ENDPOINT_TYPE,The excluded subgroup and final efficacy endpoint are not defined.
PRM-509,Was the apparent improvement maintained in the population that remained evaluable after the treatment switch?,AMBIGUOUS,AMB_PRONOUN_UNRESOLVED; AMB_ARM_POPULATION; AMB_ENDPOINT_TYPE,“Improvement” and the post-switch population are unspecified.
PRM-510,Identify any clinically meaningful differences between the exposure levels observed before and after the formulation change.,AMBIGUOUS,AMB_ENTITY_UNSPECIFIED; AMB_ROUTE_FORMULATION; AMB_ENDPOINT_TYPE,"Drug, formulations, and definition of clinical meaningfulness are missing."
PRM-511,"Based on the current safety database, which adverse events should be considered treatment-related in the target population?",AMBIGUOUS,AMB_ENTITY_UNSPECIFIED; AMB_VERSION_TEMPORAL; AMB_ARM_POPULATION,"Product, database cutoff/version, and target population are unspecified."
PRM-512,Extract all dose-limiting toxicities observed at the recommended dose and compare them with findings from earlier cohorts.,AMBIGUOUS,AMB_ENTITY_UNSPECIFIED; AMB_DOSAGE_STRENGTH; AMB_ARM_POPULATION,"Drug, recommended dose, and earlier cohorts are not identified."
PRM-513,What was the rationale for selecting the dose that was subsequently carried into confirmatory development?,AMBIGUOUS,AMB_ENTITY_UNSPECIFIED; AMB_DOSAGE_STRENGTH; AMB_STUDY_PHASE,"Product, actual dose, and development stages are unspecified."
PRM-514,Determine whether the pharmacokinetic findings support the dosing interval currently used in the pivotal study.,AMBIGUOUS,AMB_ENTITY_UNSPECIFIED; AMB_REGIMEN_SCHEDULE; AMB_STUDY_PHASE,"Drug, dosing interval, and pivotal study are unspecified."
PRM-515,Compare the renal safety profile of the investigational regimen with that observed under standard management in the same population.,AMBIGUOUS,AMB_ENTITY_UNSPECIFIED; AMB_COMPARATOR_MISSING; AMB_ARM_POPULATION,"Investigational regimen, standard management, and population are unclear."
PRM-516,Summarize evidence that the treatment effect was consistent across clinically relevant subgroups.,AMBIGUOUS,AMB_ENTITY_UNSPECIFIED; AMB_ARM_POPULATION; AMB_ENDPOINT_TYPE,"Treatment, subgroup definitions, and endpoint are not specified."
PRM-517,What were the findings in patients who received prior therapy but were still eligible under the amended criteria?,AMBIGUOUS,AMB_ARM_POPULATION; AMB_VERSION_TEMPORAL,Prior therapy and amendment version are unspecified.
PRM-518,Compare the results obtained before dose escalation with those obtained after the maximum tolerated regimen had been established.,AMBIGUOUS,AMB_DOSAGE_STRENGTH; AMB_ARM_POPULATION; AMB_ENDPOINT_TYPE,"Doses, cohorts, and outcomes being compared are unclear."
PRM-519,Extract the evidence used to support the conclusion that the treatment was adequately tolerated.,AMBIGUOUS,AMB_ENTITY_UNSPECIFIED; AMB_ENDPOINT_TYPE; AMB_DOCUMENT_TYPE,"Treatment, tolerability criteria, and evidence source are unspecified."
PRM-520,Did the observed adverse event profile differ meaningfully from that expected for the underlying disease?,AMBIGUOUS,AMB_ENTITY_UNSPECIFIED; AMB_COMPARATOR_MISSING; AMB_ENDPOINT_TYPE,Treatment and comparator disease-event baseline are not defined.
PRM-521,"According to the latest submission, what changes were made to the warnings and precautions section following the new safety findings?",AMBIGUOUS,AMB_ENTITY_UNSPECIFIED; AMB_VERSION_TEMPORAL; AMB_DOCUMENT_TYPE,"Product, submission version, and document type are missing."
PRM-522,Determine whether the additional cases identified after database lock altered the overall safety conclusion.,AMBIGUOUS,AMB_ENTITY_UNSPECIFIED; AMB_VERSION_TEMPORAL; AMB_ENDPOINT_TYPE,"Product, database-lock versions, and safety conclusion criteria are unspecified."
PRM-523,Compare the observed exposure with the level associated with efficacy in the earlier study.,AMBIGUOUS,AMB_ENTITY_UNSPECIFIED; AMB_STUDY_PHASE; AMB_ENDPOINT_TYPE,"Drug and studies are not identified, and efficacy exposure threshold is unclear."
PRM-524,Was the treatment effect preserved after accounting for patients who discontinued because of toxicity?,AMBIGUOUS,AMB_ENTITY_UNSPECIFIED; AMB_ARM_POPULATION; AMB_ENDPOINT_TYPE,Treatment and exact analysis population/method are unspecified.
PRM-525,Extract the subgroup analysis that was considered most informative for the regulatory decision.,AMBIGUOUS,AMB_REGULATORY_JURISDICTION; AMB_ARM_POPULATION; AMB_ENDPOINT_TYPE,Regulatory authority and definition of “most informative” are unspecified.
PRM-526,Summarize changes in the benefit-risk assessment between the original and revised analysis.,AMBIGUOUS,AMB_VERSION_TEMPORAL; AMB_DOCUMENT_TYPE; AMB_ENDPOINT_TYPE,Analysis versions and source document are not specified.
PRM-527,What was the impact of the revised eligibility criteria on the observed response rate?,AMBIGUOUS,AMB_VERSION_TEMPORAL; AMB_ARM_POPULATION; AMB_ENDPOINT_TYPE,The amendment and response definition are missing.
PRM-528,Compare outcomes among patients who received the drug continuously with those who interrupted treatment because of an adverse event.,AMBIGUOUS,AMB_ENTITY_UNSPECIFIED; AMB_ARM_POPULATION; AMB_REGIMEN_SCHEDULE,"Drug, interruption criteria, and outcome are not specified."
PRM-529,Identify whether the increased exposure in the subgroup required a corresponding change in dose or monitoring.,AMBIGUOUS,AMB_ENTITY_UNSPECIFIED; AMB_DOSAGE_STRENGTH; AMB_ARM_POPULATION,"Drug, subgroup, exposure threshold, and dose change are unspecified."
PRM-530,What evidence supports the claim that the revised formulation has a comparable safety profile?,AMBIGUOUS,AMB_ENTITY_UNSPECIFIED; AMB_ROUTE_FORMULATION; AMB_COMPARATOR_MISSING,"Product, formulation, comparator, and safety endpoint are unspecified."
PRM-531,Summarize the clinical relevance of the PK difference observed between the two treatment conditions.,AMBIGUOUS,AMB_ENTITY_UNSPECIFIED; AMB_COMPARATOR_MISSING; AMB_ENDPOINT_TYPE,Treatments and definition of clinical relevance are unclear.
PRM-532,Was the observed increase in biomarker response sufficient to establish clinical benefit?,AMBIGUOUS,AMB_ENTITY_UNSPECIFIED; AMB_ENDPOINT_TYPE,Drug and relationship between biomarker and clinical endpoint are unspecified.
PRM-533,Extract the data supporting continued administration beyond the originally specified treatment duration.,AMBIGUOUS,AMB_ENTITY_UNSPECIFIED; AMB_REGIMEN_SCHEDULE; AMB_DOCUMENT_TYPE,"Drug, duration, and supporting document are unspecified."
PRM-534,Compare treatment discontinuation rates between patients who received the recommended dose and those exposed to higher doses.,AMBIGUOUS,AMB_ENTITY_UNSPECIFIED; AMB_DOSAGE_STRENGTH; AMB_ARM_POPULATION,Exact doses and product are not provided.
PRM-535,What additional risks were identified after the product entered routine clinical use?,AMBIGUOUS,AMB_ENTITY_UNSPECIFIED; AMB_VERSION_TEMPORAL; AMB_SCOPE_OVERLY_BROAD,Product and post-marketing time frame are unspecified.
PRM-536,Determine whether the post-treatment findings were consistent with the pre-specified safety assumptions.,AMBIGUOUS,AMB_ENTITY_UNSPECIFIED; AMB_ENDPOINT_TYPE; AMB_DOCUMENT_TYPE,"Product, safety assumptions, and source are unspecified."
PRM-537,Compare the final results with those reported when the study was initially unblinded.,AMBIGUOUS,AMB_VERSION_TEMPORAL; AMB_DOCUMENT_TYPE,The initial unblinding analysis and final report are not identified.
PRM-538,Was the subgroup benefit robust after excluding patients with protocol deviations?,AMBIGUOUS,AMB_ARM_POPULATION; AMB_ENDPOINT_TYPE; AMB_DOCUMENT_TYPE,"Subgroup, benefit endpoint, and deviation criteria are unspecified."
PRM-539,Extract the safety findings specifically relevant to the population represented in the labeling indication.,AMBIGUOUS,AMB_REGULATORY_JURISDICTION; AMB_ARM_POPULATION; AMB_ENTITY_UNSPECIFIED,"Product, jurisdiction, and labeled population are unspecified."
PRM-540,What was the effect of the amended treatment duration on the incidence of serious adverse events?,AMBIGUOUS,AMB_VERSION_TEMPORAL; AMB_REGIMEN_SCHEDULE; AMB_ENDPOINT_TYPE,"Amendment, duration, and exact safety population are unclear."
PRM-541,Determine whether the observed renal impairment was associated with accumulation at the recommended exposure.,AMBIGUOUS,AMB_ENTITY_UNSPECIFIED; AMB_DOSAGE_STRENGTH; AMB_ENDPOINT_TYPE,"Drug, recommended exposure, and accumulation criterion are unspecified."
PRM-542,Compare the findings from subjects with organ impairment with those from the reference group used to establish the dosing recommendation.,AMBIGUOUS,AMB_ENTITY_UNSPECIFIED; AMB_ARM_POPULATION; AMB_ENDPOINT_TYPE,"Organ, impairment category, and reference group are unspecified."
PRM-543,Summarize evidence supporting the absence of clinically important interactions with concomitant therapies.,AMBIGUOUS,AMB_ENTITY_UNSPECIFIED; AMB_ENDPOINT_TYPE; AMB_SCOPE_OVERLY_BROAD,"Drug, concomitant therapies, and definition of clinically important are missing."
PRM-544,What changes were made after the safety committee reviewed the unblinded data?,AMBIGUOUS,AMB_VERSION_TEMPORAL; AMB_DOCUMENT_TYPE; AMB_INTENT_UNACTIONABLE,"The specific review, changes, and resulting document/version are unspecified."
PRM-545,"Was the final recommended regimen based primarily on efficacy, tolerability, exposure, or some combination of these factors?",AMBIGUOUS,AMB_ENTITY_UNSPECIFIED; AMB_ENDPOINT_TYPE; AMB_REGIMEN_SCHEDULE,"Product, exact regimen, and decision criteria are unspecified."
PRM-546,Compare the exposure-response relationship observed in the initial population with that observed after enrichment for biomarker-positive subjects.,AMBIGUOUS,AMB_ENTITY_UNSPECIFIED; AMB_ARM_POPULATION; AMB_STUDY_PHASE,Drug and exact population definitions are missing.
PRM-547,Did the amendment alter the interpretation of the primary efficacy analysis?,AMBIGUOUS,AMB_VERSION_TEMPORAL; AMB_ENDPOINT_TYPE; AMB_DOCUMENT_TYPE,Amendment and exact efficacy analysis are not identified.
PRM-548,Extract the evidence that led investigators to classify the event as treatment-related rather than disease-related.,AMBIGUOUS,AMB_ENTITY_UNSPECIFIED; AMB_ENDPOINT_TYPE,"Treatment, event, and attribution criteria are unspecified."
PRM-549,Summarize the clinical consequences of administering the treatment at the higher exposure observed in organ impairment.,AMBIGUOUS,AMB_ENTITY_UNSPECIFIED; AMB_DOSAGE_STRENGTH; AMB_ARM_POPULATION,"Drug, exposure threshold, and organ impairment population are unspecified."
PRM-550,Compare the safety findings from patients exposed for the intended duration with those exposed substantially longer.,AMBIGUOUS,AMB_ENTITY_UNSPECIFIED; AMB_REGIMEN_SCHEDULE; AMB_ARM_POPULATION,Product and exact treatment durations are unspecified.
PRM-551,"According to FDA Prescribing Information revision 8.0 dated August 2026, what is the recommended dose reduction for Drug AA 50 mg oral tablets in adults with severe renal impairment defined as eGFR below 30 mL/min/1.73 m²?",VALID,VALID,"Authority, version, date, drug, strength, formulation, population, renal definition, and requested dose adjustment are explicit."
PRM-552,"In Phase 3 Trial NCT10012345, compare overall survival, progression-free survival, and Grade 3+ treatment-emergent adverse events between Compound BB 200 mg Q3W plus chemotherapy and placebo plus chemotherapy in the intention-to-treat population.",VALID,VALID,"Trial, phase, treatments, dose, schedule, comparator, population, endpoints, and severity are explicit."
PRM-553,"According to EMA SmPC revision 4.7 dated August 2026, extract contraindications for Compound CC 100 mg/10 mL intravenous solution in adults with severe hepatic impairment.",VALID,VALID,"Authority, revision, date, drug, strength, formulation, route, population, and condition are explicit."
PRM-554,"Extract Cmax, AUC0-inf, Tmax, and terminal half-life for Compound DD-45 75 mg oral capsules after single-dose administration in healthy adults aged 18 to 55 years from IB version 6.1.",VALID,VALID,"Compound, dose, formulation, regimen, PK parameters, age, population, and document version are specified."
PRM-555,Compare Grade 3 and Grade 4 neutropenia between the 150 mg once-daily and 300 mg once-daily arms of Phase 2 Trial NCT10156789 in patients with metastatic disease.,VALID,VALID,"Exact doses, schedules, arms, phase, trial ID, population, and adverse-event grades are explicit."
PRM-556,"According to MHRA product information revised August 2026, determine whether Compound EE 25 mg/5 mL oral suspension is indicated for children aged 6 months to 5 years with bacterial pneumonia.",VALID,VALID,"Authority, document revision, drug, strength, formulation, age range, and indication are explicit."
PRM-557,"From Protocol IMM-2026-44 Amendment 3, extract the exclusion criteria relating to prior checkpoint inhibitor exposure for participants aged 18 to 70 years in Cohort A.",VALID,VALID,"Protocol, amendment, prior therapy, age, and cohort are explicitly specified."
PRM-558,"Compare renal clearance, AUC0-24, and accumulation ratio for Compound FF 100 mg IV Q2W between normal renal function and moderate renal impairment groups.",VALID,VALID,"Compound, dose, route, schedule, PK parameters, and comparator populations are explicit."
PRM-559,"According to CSR-2026-412, identify all serious adverse events leading to treatment discontinuation among patients receiving Compound GG 400 mg once daily in the Phase 3 safety population.",VALID,VALID,"CSR, compound, dose, regimen, study phase, population, event severity, and discontinuation criterion are specified."
PRM-560,Extract the primary efficacy endpoint and key secondary endpoints from Protocol ONC-2026-55 version 2.4 for adults aged 18 to 75 years with biomarker-positive metastatic disease.,VALID,VALID,"Protocol, version, population, disease stage, biomarker status, and endpoint hierarchy are explicit."
PRM-561,Compare the incidence of Grade 3+ hepatotoxicity between Compound HH 200 mg Q4W plus Drug II and Drug II alone in Phase 3 Trial NCT10293847 among adults with previously untreated disease.,VALID,VALID,"Treatments, dose, schedule, comparator, phase, trial, population, and adverse-event threshold are explicit."
PRM-562,"According to Investigator Brochure version 9.2 dated August 2026, summarize the dose-escalation rationale and dose-limiting toxicities for Compound JJ administered intravenously in the first-in-human study.",VALID,VALID,"Document/version/date, compound, route, study stage, and requested safety information are explicit."
PRM-563,Extract the required 21-day washout before Cycle 1 Day 1 for prior systemic corticosteroid use from Protocol IMM-2026-61 Amendment 1.,VALID,VALID,"Exact duration, prior therapy, visit, protocol, and amendment are explicit."
PRM-564,Compare objective response rate and duration of response between Compound KK 300 mg BID monotherapy and Compound KK 300 mg BID plus Drug LL in the Phase 2 biomarker-positive population.,VALID,VALID,"Drug regimens, doses, schedules, treatment arms, phase, biomarker population, and endpoints are explicit."
PRM-565,"According to FDA Guidance for Industry dated July 2026, identify the recommended approach for assessing immunogenicity of therapeutic proteins during Phase 3 clinical development.",VALID,VALID,"Authority, document type/date, product class, phase, and task are explicit."
PRM-566,Extract all Grade 3+ infusion-related reactions reported during the first six treatment cycles of Compound MM 10 mg/kg IV Q3W in Cohort B of CSR-2026-501.,VALID,VALID,"Compound, dose, route, schedule, cycle range, cohort, document, and event severity are explicit."
PRM-567,Compare median progression-free survival and overall survival between the experimental and active-comparator arms in Phase 3 Trial NCT10345678 for adults with previously treated metastatic disease.,AMBIGUOUS,AMB_COMPARATOR_MISSING; AMB_ENTITY_UNSPECIFIED,“Experimental” and “active comparator” are not identified by treatment name.
PRM-568,"According to the latest EMA assessment, determine whether the safety profile supports continued use in patients with moderate hepatic impairment.",AMBIGUOUS,AMB_ENTITY_UNSPECIFIED; AMB_VERSION_TEMPORAL,Product and exact assessment version are unspecified.
PRM-569,What was the dose-response relationship in patients who achieved the clinically relevant level of exposure?,AMBIGUOUS,AMB_ENTITY_UNSPECIFIED; AMB_ENDPOINT_TYPE; AMB_ARM_POPULATION,"Drug, exposure threshold, and response definition are missing."
PRM-570,Compare the revised formulation with the original formulation with respect to bioavailability and tolerability.,AMBIGUOUS,AMB_ENTITY_UNSPECIFIED; AMB_ROUTE_FORMULATION; AMB_COMPARATOR_MISSING,"Product, formulation details, and comparator context are insufficient."
PRM-571,Extract the primary outcome from the study supporting the proposed indication and explain whether it was sufficient for approval.,AMBIGUOUS,AMB_DOCUMENT_TYPE; AMB_ENDPOINT_TYPE; AMB_REGULATORY_JURISDICTION,"Study, endpoint, and approval authority are unspecified."
PRM-572,Determine whether the observed safety findings were consistent with the mechanism of action and previous nonclinical findings.,AMBIGUOUS,AMB_ENTITY_UNSPECIFIED; AMB_DOCUMENT_TYPE; AMB_ENDPOINT_TYPE,Product and nonclinical evidence source are not identified.
PRM-573,What was the incidence of the adverse event in the dose group selected for further development?,AMBIGUOUS,AMB_ENTITY_UNSPECIFIED; AMB_DOSAGE_STRENGTH; AMB_ENDPOINT_TYPE,"Drug, dose group, and event are unspecified."
PRM-574,Compare the treatment effect in the enriched population with the effect observed in the original study population.,AMBIGUOUS,AMB_ENTITY_UNSPECIFIED; AMB_ARM_POPULATION; AMB_ENDPOINT_TYPE,"Treatment, enrichment criteria, and endpoint are not defined."
PRM-575,Did the observed reduction in biomarker levels translate into the expected clinical outcome?,AMBIGUOUS,AMB_ENTITY_UNSPECIFIED; AMB_ENDPOINT_TYPE,"Drug, biomarker, and clinical endpoint are unspecified."
PRM-576,Summarize the regulatory implications of the newly identified safety signal for the current development strategy.,AMBIGUOUS,AMB_ENTITY_UNSPECIFIED; AMB_REGULATORY_JURISDICTION; AMB_VERSION_TEMPORAL; AMB_ENDPOINT_TYPE,"Product, regulator, time point, and safety signal are unspecified."
PRM-577,Was the treatment benefit preserved when the analysis was restricted to patients with adequate follow-up?,AMBIGUOUS,AMB_ENTITY_UNSPECIFIED; AMB_ARM_POPULATION; AMB_ENDPOINT_TYPE,"Treatment, follow-up definition, and endpoint are unspecified."
PRM-578,Extract the dosing recommendations that apply after treatment interruption due to toxicity.,AMBIGUOUS,AMB_ENTITY_UNSPECIFIED; AMB_DOSAGE_STRENGTH; AMB_REGIMEN_SCHEDULE,"Drug, toxicity grade, interruption duration, and restart dose are missing."
PRM-579,Compare the final efficacy conclusion with the one reached before database lock.,AMBIGUOUS,AMB_VERSION_TEMPORAL; AMB_ENDPOINT_TYPE; AMB_DOCUMENT_TYPE,The analyses and endpoints before/after database lock are unspecified.
PRM-580,Identify whether the revised risk management strategy adequately addresses the newly observed events.,AMBIGUOUS,AMB_VERSION_TEMPORAL; AMB_DOCUMENT_TYPE; AMB_ENDPOINT_TYPE,"Product, strategy version, events, and adequacy criteria are unspecified."
PRM-581,What evidence supports continued treatment in patients who experienced partial response but remained clinically stable?,AMBIGUOUS,AMB_ENTITY_UNSPECIFIED; AMB_ARM_POPULATION; AMB_ENDPOINT_TYPE,Treatment and operational definitions of partial response and stability are missing.
PRM-582,Compare the safety profile observed in the real-world population with that reported in the pivotal program.,AMBIGUOUS,AMB_ENTITY_UNSPECIFIED; AMB_STUDY_PHASE; AMB_ARM_POPULATION,"Product, real-world population, and pivotal program are unspecified."
PRM-583,Did the introduction of the revised dosing schedule reduce the frequency of clinically significant toxicity?,AMBIGUOUS,AMB_ENTITY_UNSPECIFIED; AMB_REGIMEN_SCHEDULE; AMB_ENDPOINT_TYPE,"Drug, schedule, and toxicity definition are unspecified."
PRM-584,Extract the evidence from the subgroup analysis that justified the revised indication.,AMBIGUOUS,AMB_ARM_POPULATION; AMB_REGULATORY_JURISDICTION; AMB_ENDPOINT_TYPE,"Subgroup, regulatory context, and evidence endpoint are unclear."
PRM-585,Was the observed benefit maintained after accounting for rescue medication use?,AMBIGUOUS,AMB_ENTITY_UNSPECIFIED; AMB_ENDPOINT_TYPE; AMB_ARM_POPULATION,"Treatment, endpoint, and rescue-medication analysis population are unspecified."
PRM-586,Compare exposure following administration under fed and fasting conditions and determine whether the difference requires a change in labeling.,AMBIGUOUS,AMB_ENTITY_UNSPECIFIED; AMB_REGULATORY_JURISDICTION; AMB_ENDPOINT_TYPE,"Drug, jurisdiction, and labeling criterion are missing."
PRM-587,What were the consequences of excluding patients with protocol deviations from the final analysis?,AMBIGUOUS,AMB_DOCUMENT_TYPE; AMB_ARM_POPULATION; AMB_ENDPOINT_TYPE,"Protocol, deviation criteria, and affected endpoint are unspecified."
PRM-588,Summarize the evidence that the observed toxicity was dose-dependent rather than disease-related.,AMBIGUOUS,AMB_ENTITY_UNSPECIFIED; AMB_DOSAGE_STRENGTH; AMB_ENDPOINT_TYPE,"Drug, dose levels, and disease-related comparator are unspecified."
PRM-589,Determine whether the current treatment duration remains appropriate given the long-term safety findings.,AMBIGUOUS,AMB_ENTITY_UNSPECIFIED; AMB_VERSION_TEMPORAL; AMB_REGIMEN_SCHEDULE,"Product, current evidence version, and treatment duration are unclear."
PRM-590,Compare findings from the original and amended populations and explain whether the amendment affected interpretability.,AMBIGUOUS,AMB_VERSION_TEMPORAL; AMB_ARM_POPULATION; AMB_ENDPOINT_TYPE,"Amendment, population definitions, and interpretability criteria are unspecified."
PRM-591,What additional analyses would be necessary before the treatment can be considered adequately characterized?,AMBIGUOUS,AMB_ENTITY_UNSPECIFIED; AMB_SCOPE_OVERLY_BROAD; AMB_INTENT_UNACTIONABLE,"Product and specific characterization criteria are missing, making the request open-ended."
PRM-592,Extract the evidence supporting the conclusion that no clinically relevant dose adjustment is necessary in organ impairment.,AMBIGUOUS,AMB_ENTITY_UNSPECIFIED; AMB_DOSAGE_STRENGTH; AMB_ARM_POPULATION,"Product, organ, impairment category, and dose are unspecified."
PRM-593,Compare the observed benefit-risk profile with that of the treatment it was intended to replace.,AMBIGUOUS,AMB_ENTITY_UNSPECIFIED; AMB_COMPARATOR_MISSING; AMB_ENDPOINT_TYPE,"Neither treatment nor comparator is named, and benefit-risk metrics are undefined."
PRM-594,Determine whether the post-approval safety findings warrant changes to the current treatment recommendations.,AMBIGUOUS,AMB_ENTITY_UNSPECIFIED; AMB_REGULATORY_JURISDICTION; AMB_VERSION_TEMPORAL,"Product, regulatory source, and current recommendation version are unspecified."
PRM-595,Summarize all clinically meaningful differences between the approved regimen and the regimen used during development.,AMBIGUOUS,AMB_ENTITY_UNSPECIFIED; AMB_REGIMEN_SCHEDULE; AMB_REGULATORY_JURISDICTION; AMB_SCOPE_OVERLY_BROAD,"Product, approval jurisdiction, regimens, and meaning of clinically meaningful are unclear."
PRM-596,Was the treatment effect sufficiently robust across the populations that were considered clinically important?,AMBIGUOUS,AMB_ENTITY_UNSPECIFIED; AMB_ARM_POPULATION; AMB_ENDPOINT_TYPE,"Treatment, populations, and endpoint are unspecified."
PRM-597,Extract the evidence from the latest analysis that changed the interpretation of the primary endpoint.,AMBIGUOUS,AMB_VERSION_TEMPORAL; AMB_ENDPOINT_TYPE; AMB_DOCUMENT_TYPE,"Latest analysis, primary endpoint, and source are unspecified."
PRM-598,Compare the adverse-event profile before and after implementation of the risk-minimization measures and determine whether the intervention was successful.,AMBIGUOUS,AMB_ENTITY_UNSPECIFIED; AMB_VERSION_TEMPORAL; AMB_ENDPOINT_TYPE,"Product, implementation period, comparator, and definition of success are unclear."
PRM-599,What is the appropriate regulatory interpretation of the observed efficacy signal given the uncertainty in the subgroup analysis?,AMBIGUOUS,AMB_REGULATORY_JURISDICTION; AMB_ARM_POPULATION; AMB_ENDPOINT_TYPE; AMB_INTENT_UNACTIONABLE,"Regulatory authority, subgroup definition, endpoint, and interpretation criteria are unspecified."
PRM-600,"Using the final clinical database, compare the approved treatment regimen with the regimen evaluated in the pivotal study, quantify differences in exposure and Grade 3+ toxicity, and determine whether those differences could affect the interpretation of the approved benefit-risk profile.",AMBIGUOUS,AMB_ENTITY_UNSPECIFIED; AMB_REGULATORY_JURISDICTION; AMB_REGIMEN_SCHEDULE; AMB_DOCUMENT_TYPE; AMB_ENDPOINT_TYPE,"The product, approved regimen, pivotal study, database, exposure comparison, and regulatory interpretation framework are not explicitly identified."
PRM-601,"Based on Section 5.2 of the FDA Package Insert for Keytruda (pembrolizumab) injection 100 mg/4 mL updated in 2023, what is the geometric mean Cmax and AUC0-inf for the 200 mg Q3W regimen versus the 400 mg Q6W regimen in patients with non-small cell lung cancer?",VALID,VALID,"Fully specifies drug name, strength/formulation, specific label section, regulatory agency, version year, exact regimens compared, pharmacokinetic parameters, and disease indication."
PRM-602,Extract the hazard ratios and 95% confidence intervals for overall survival in the intention-to-treat population of Phase 3 Trial KEYNOTE-189 comparing Pembrolizumab 200mg plus Pemetrexed 500mg/m2 and Cisplatin 75mg/m2 versus Placebo plus Pemetrexed and Cisplatin in non-squamous NSCLC.,VALID,VALID,"Explicitly defines study phase, trial identifier, patient cohort (ITT), specific drugs, exact mg and mg/m2 dosages, comparator control arm, statistical metric (HR with 95% CI), primary endpoint, and indication."
PRM-603,"According to the EMA Summary of Product Characteristics (SmPC) Section 4.4 updated in January 2024 for Eliquis (apixaban) 5mg film-coated tablets, what are the specific dosage reduction criteria for patients presenting with at least two of the following characteristics: age >= 80 years, body weight <= 60 kg, or serum creatinine >= 1.5 mg/dL?",VALID,VALID,"Fully defined product, strength, formulation, regulatory document, section, release date, clinical criteria, serum threshold, and patient subgroup."
PRM-604,List all treatment-emergent Grade 3 or higher adverse events reported in >5% of subjects in Cohort 1 (Monotherapy 150 mg QD) versus Cohort 2 (Combination with 10 mg/kg Paclitaxel QW) from the Clinical Study Report CSR-ONC-2022-09 version 2.0.,VALID,VALID,"Explicitly names study cohorts, drug regimens, dosing frequency, specific AE grades/thresholds, document type, ID, and document version."
PRM-605,"What are the primary stability acceptance criteria for active pharmaceutical ingredient (API) assay percentage and total degradation products for Compound JNJ-7529 250mg capsules stored under ICH long-term conditions (25°C ± 2°C / 60% RH ± 5% RH) at Month 24, as outlined in CMC Module 3.2.S.5?",VALID,VALID,"Fully specifies API ID, strength, formulation, storage conditions, humidity, timeframe, analytical parameters, and eCTD module section."
PRM-606,"Based on the UK MHRA Public Assessment Report (PAR) for Biktarvy (bictegravir 50mg / emtricitabine 200mg / tenofovir alafenamide 25mg) published in 2022, what was the viral suppression rate (HIV-1 RNA < 50 copies/mL) at Week 48 in antiretroviral-naive adults?",VALID,VALID,"Fully specifies product, all triple-combination active strengths, regulatory report, agency, publication date, primary endpoint metric, timeframe, and baseline patient cohort."
PRM-607,"From Protocol Amendment 4 (dated March 15, 2023) of Study NCT04218331, extract the exclusion criteria regarding QTcf prolongation (>450 ms for males, >470 ms for females) and concurrent use of strong CYP3A4 inhibitors during the 14-day screening window.",VALID,VALID,"Explicitly states protocol document, amendment number, exact date, trial NCT ID, physiological criteria, drug-drug interaction category, and screening timeframe."
PRM-608,"What is the required renal dosage adjustment matrix for Rosuvastatin 40mg daily tablets in patients with severe renal impairment (CrCl < 30 mL/min/1.73m2) not on hemodialysis, as specified in PMDA Japan package insert v6.1?",VALID,VALID,"Defines exact drug, strength, daily regimen, physiological severity parameter, renal metric threshold, hemodialysis status, regulatory authority, and document version."
PRM-609,"In Clinical Protocol BMY-99201 Phase 2a, what is the mandatory wash-out period required for biological disease-modifying antirheumatic drugs (bDMARDs) prior to the baseline visit at Day 1 for patients enrolled in Cohort C?",VALID,VALID,"Specifies exact protocol ID, development phase, washout parameter, therapy class, trial visit milestone, and treatment cohort."
PRM-610,Extract the bioequivalence confidence intervals (90% CI for Cmax and AUC ratio falling within 80.00% to 125.00%) for Generic Tacrolimus 1mg capsules versus Prograf 1mg under fed conditions from FDA ANDA #209841 review summary.,VALID,VALID,"Specifies comparative test vs reference products, dosage strengths, prandial state, statistical acceptance window, metrics, and specific FDA ANDA document ID."
PRM-611,What were the key secondary endpoints evaluated at 52 weeks for Dupilumab 300mg Q2W subcutaneous injection in adult patients with moderate-to-severe asthma enrolled in Phase 3 Trial LIBERTY ASTHMA QUEST (NCT02414854)?,VALID,VALID,"Explicitly details active ingredient, dosage, route, frequency, target population, trial phase, study name, NCT ID, timeframe, and endpoint classification."
PRM-612,"According to the Health Canada Product Monograph Section 7 (WARNINGS AND PRECAUTIONS) revised October 2023 for Entresto (sacubitril/valsartan 97.2mg/102.8mg film-coated tablets), what is the mandatory washout interval required when transitioning patients from an ACE inhibitor?",VALID,VALID,"Defines product, fixed-dose combination breakdown, regulatory source, document section, revision date, transitional drug class, and required clinical safety parameter."
PRM-613,"From the Investigator Brochure v5.0 (dated November 2022) for investigational T-cell engager REGN-5458, what is the reported incidence of Grade 1-2 Cytokine Release Syndrome (CRS) during the initial step-up dosing regimen (1mg on Day 1, 3mg on Day 8, 10mg on Day 15)?",VALID,VALID,"Specifies document type, version, date, investigational compound code, AE severity grade, safety signal, and step-up dosing schedule."
PRM-614,What are the specific pediatric dose scaling rules based on body surface area (BSA) for Vincristine sulfate 1mg/mL IV solution in patients < 10 kg according to the Children's Oncology Group (COG) Protocol AALL0932?,VALID,VALID,"Defines active drug, concentration, administration route, cohort parameter, weight threshold, and specific clinical consortium protocol ID."
PRM-615,"In the Periodic Safety Update Report (PSUR / PBRER) covering Jan 1, 2023 to Dec 31, 2023 for Xarelto (rivaroxaban 20mg once daily), what is the incidence rate per 100 patient-years of spontaneous fatal gastrointestinal bleeding in patients aged >= 75 years?",VALID,VALID,"Specifies pharmacovigilance document type, reporting interval, product, strength, regimen, outcome rate metric, specific event, and age subgroup."
PRM-616,"In Section 4.2 of the product monograph, what is the recommended dose modification for severe hepatic impairment when administering our anti-PD-1 monoclonal antibody in combination with axitinib?",AMBIGUOUS,"AMB_ENTITY_UNSPECIFIED, AMB_REGULATORY_JURISDICTION","Uses 'our anti-PD-1 monoclonal antibody' without specific product code/brand, and fails to state which country's product monograph (FDA, Health Canada, TGA) is being referenced."
PRM-617,Please review the Phase 3 clinical study report and extract all fatal treatment-emergent adverse events reported across all arm comparisons.,AMBIGUOUS,"AMB_ENTITY_UNSPECIFIED, AMB_DOCUMENT_TYPE, AMB_VERSION_TEMPORAL","Does not identify the drug, trial protocol ID, CSR version/date, or specific treatment arms."
PRM-618,What are the latest EMA guidelines for establishing bioequivalence for modified-release oral solid dosage forms regarding food-effect study designs?,AMBIGUOUS,AMB_VERSION_TEMPORAL,"Uses relative term 'latest' without specifying the version number, amendment, or release year of the EMA guideline document."
PRM-619,"Check whether the chemistry, manufacturing, and controls (CMC) documentation in Module 3 complies with recent validation expectations for continuous manufacturing processes.",AMBIGUOUS,"AMB_ENTITY_UNSPECIFIED, AMB_REGULATORY_JURISDICTION, AMB_VERSION_TEMPORAL","Lacks compound/product identifier, target regulatory jurisdiction (FDA, EMA, PMDA), and specific guideline version/date."
PRM-620,Extract the risk management plan (RMP) commitments regarding routine and additional pharmacovigilance activities for the newly approved JAK inhibitor.,AMBIGUOUS,"AMB_ENTITY_UNSPECIFIED, AMB_REGULATORY_JURISDICTION",Refers vaguely to 'the newly approved JAK inhibitor' without drug entity name or specific regulatory agency RMP.
PRM-621,What are the regulatory submission deadlines for the DSUR across our European clinical trial sites?,AMBIGUOUS,"AMB_ENTITY_UNSPECIFIED, AMB_VERSION_TEMPORAL",Fails to identify the investigational drug product/code and Development Safety Update Report reporting period or trial protocol ID.
PRM-622,Can you pull the pediatric investigation plan (PIP) waiver details from the regulatory file?,AMBIGUOUS,"AMB_ENTITY_UNSPECIFIED, AMB_DOCUMENT_TYPE, AMB_PRONOUN_UNRESOLVED","Unspecified drug product, relies on unresolved antecedent 'the regulatory file', and omits EMA/FDA PIP decision ID."
PRM-623,What are the accelerated approval pathway requirements for breakthrough oncology therapies?,AMBIGUOUS,"AMB_REGULATORY_JURISDICTION, AMB_SCOPE_OVERLY_BROAD",Omits regulatory jurisdiction (FDA Accelerated Approval vs EMA Conditional Marketing Authorization vs PMDA Sakigake) and asks an unbounded general regulatory question.
PRM-624,Summarize all major protocol deviations logged during the Phase 2 trial of our lead kinase inhibitor across global sites.,AMBIGUOUS,"AMB_ENTITY_UNSPECIFIED, AMB_STUDY_PHASE, AMB_DOCUMENT_TYPE","Unspecified kinase inhibitor code, missing protocol number, and omits specific clinical monitoring document or visit period."
PRM-625,What are the labeling updates required for section 5.1 of the package insert following the end-of-Phase 2 meeting?,AMBIGUOUS,"AMB_ENTITY_UNSPECIFIED, AMB_REGULATORY_JURISDICTION, AMB_VERSION_TEMPORAL","Missing drug/compound ID, regulatory jurisdiction package insert, and date/version of the meeting minutes."
PRM-626,What is the recommended dose reduction for renal impairment when administering Pembrolizumab to oncology patients?,AMBIGUOUS,"AMB_DOSAGE_STRENGTH, AMB_ARM_POPULATION","Missing baseline dosage strength/regimen context, and fails to specify severity stage of renal impairment (e.g. mild, moderate, severe, eGFR < 15)."
PRM-627,"Extract Cmax, Tmax, and AUC values for Metoprolol under fast and fed conditions from the pharmacokinetic study report.",AMBIGUOUS,"AMB_DOSAGE_STRENGTH, AMB_ROUTE_FORMULATION, AMB_DOCUMENT_TYPE","Omits dose strength (e.g., 50mg, 100mg), formulation (succinate ER vs tartrate IR), and document version/ID."
PRM-628,How should the infusion rate be titrated if the patient experiences a mild infusion-related reaction during the first cycle of monoclonal antibody therapy?,AMBIGUOUS,"AMB_ENTITY_UNSPECIFIED, AMB_DOSAGE_STRENGTH, AMB_REGIMEN_SCHEDULE","Fails to specify which monoclonal antibody is being administered, its baseline infusion rate, strength, or titration protocol."
PRM-629,What is the peak-to-trough fluctuation ratio forTacrolimus when switching a patient from immediate-release capsules to extended-release formulations?,AMBIGUOUS,"AMB_DOSAGE_STRENGTH, AMB_REGIMEN_SCHEDULE",Missing exact milligram dosage strength and current baseline daily dosing frequency for both formulations.
PRM-630,Provide the stability and compatibility data for reconstituting our lyophilized powder with 0.9% Sodium Chloride vs 5% Dextrose Injection.,AMBIGUOUS,"AMB_ENTITY_UNSPECIFIED, AMB_DOSAGE_STRENGTH, AMB_ROUTE_FORMULATION","Unspecified drug candidate/compound code, missing vial strength (mg/vial), and target concentration range."
PRM-631,What is the recommended pediatric dose for Amoxicillin in patients presenting with acute otitis media?,AMBIGUOUS,"AMB_DOSAGE_STRENGTH, AMB_ROUTE_FORMULATION, AMB_REGIMEN_SCHEDULE","Lacks weight-based dosing parameters (mg/kg/day), dosage formulation (oral suspension strength), and dosing interval (BID vs TID)."
PRM-632,Determine if the loading dose of Vancomycin needs adjustment in critically ill patients receiving continuous renal replacement therapy (CRRT).,AMBIGUOUS,"AMB_DOSAGE_STRENGTH, AMB_ROUTE_FORMULATION, AMB_REGIMEN_SCHEDULE","Missing baseline loading dose (mg/kg), route (IV), serum trough targets, and CRRT modality details."
PRM-633,How does co-administration with a strong CYP3A4 inhibitor affect the AUC and Cmax of the study drug?,AMBIGUOUS,"AMB_ENTITY_UNSPECIFIED, AMB_COMPARATOR_MISSING","Does not name 'the study drug' or specify which strong CYP3A4 inhibitor (e.g. ketoconazole, itraconazole) is being evaluated."
PRM-634,What is the recommended administration schedule for Subcutaneous Methotrexate in rheumatoid arthritis patients experiencing gastrointestinal intolerance on oral tablets?,AMBIGUOUS,"AMB_DOSAGE_STRENGTH, AMB_REGIMEN_SCHEDULE",Missing active weekly dosage strength (mg/week) and starting titration step.
PRM-635,Can you provide the maximum tolerated dose (MTD) and dose-limiting toxicities (DLTs) identified during the 3+3 dose escalation phase?,AMBIGUOUS,"AMB_ENTITY_UNSPECIFIED, AMB_STUDY_PHASE, AMB_DOCUMENT_TYPE","Unspecified investigational compound, trial protocol ID, and source document (e.g. CSR vs IB)."
PRM-636,What is the bioequivalence margin observed when comparing the clinical trial formulation against the commercial film-coated tablet?,AMBIGUOUS,"AMB_ENTITY_UNSPECIFIED, AMB_DOSAGE_STRENGTH","Missing active product name, dosage strength, and specific trial ID/report."
PRM-637,Does the subcutaneous formulation of Nivolumab exhibit non-inferior pharmacokinetics compared to intravenous administration?,AMBIGUOUS,"AMB_DOSAGE_STRENGTH, AMB_REGIMEN_SCHEDULE, AMB_COMPARATOR_MISSING",Lacks exact dosage strengths (mg or mg/kg) and specific administration frequencies for both routes being compared.
PRM-638,What are the storage guidelines and excursion limits for the reconstituted vaccine vial once punctured?,AMBIGUOUS,"AMB_ENTITY_UNSPECIFIED, AMB_REGULATORY_JURISDICTION",Unspecified vaccine product name/brand and missing regulatory region/label authority.
PRM-639,How should the dose be adjusted for a patient with severe hepatic impairment receiving Compound AB-101?,AMBIGUOUS,"AMB_DOSAGE_STRENGTH, AMB_ARM_POPULATION, AMB_ROUTE_FORMULATION","Omits dosage strength, Child-Pugh class rating (Class A, B, or C), baseline regimen, and formulation type."
PRM-640,What is the terminal elimination half-life of our bispecific antibody in human subjects?,AMBIGUOUS,"AMB_ENTITY_UNSPECIFIED, AMB_DOSAGE_STRENGTH, AMB_STUDY_PHASE","Missing molecule code name, dose cohort evaluated, and trial phase identifier."
PRM-641,Did the treatment arm demonstrate a statistically significant improvement in median progression-free survival compared to the control arm in the Phase 3 study?,AMBIGUOUS,"AMB_ENTITY_UNSPECIFIED, AMB_ARM_POPULATION, AMB_COMPARATOR_MISSING","Fails to identify the study drug, specific trial ID, baseline control regimen, or patient population (e.g., 1L vs 2L NSCLC)."
PRM-642,Extract all Grade 3 and 4 adverse events from the primary safety population in Protocol 301.,AMBIGUOUS,"AMB_ENTITY_UNSPECIFIED, AMB_ARM_POPULATION, AMB_DOCUMENT_TYPE","Protocol 301 is ambiguous without drug name, and 'primary safety population' fails to specify whether it refers to safety-evaluable, ITT, or specific dose arms."
PRM-643,What were the response rates for patients harboring the EGFR exon 19 deletion during the subgroup analysis?,AMBIGUOUS,"AMB_ENTITY_UNSPECIFIED, AMB_STUDY_PHASE, AMB_ENDPOINT_TYPE","Unspecified trial/drug entity, omits study phase/NCT ID, and fails to specify objective response rate (ORR) vs disease control rate (DCR)."
PRM-644,Compare the incidence of serious adverse events (SAEs) between treatment arms in our recent Phase 2 oncology trial.,AMBIGUOUS,"AMB_ENTITY_UNSPECIFIED, AMB_VERSION_TEMPORAL, AMB_ARM_POPULATION","Missing drug/trial code, uses relative term 'recent', and omits specification of the comparative treatment arms."
PRM-645,What was the overall response rate (ORR) according to RECIST v1.1 criteria evaluated by Independent Central Review versus Investigator Assessment?,AMBIGUOUS,"AMB_ENTITY_UNSPECIFIED, AMB_STUDY_PHASE, AMB_ARM_POPULATION","Missing compound/drug name, trial phase, and treatment arm cohort."
PRM-646,Summarize the primary endpoint results for the intention-to-treat population in the stroke prevention trial.,AMBIGUOUS,"AMB_ENTITY_UNSPECIFIED, AMB_ENDPOINT_TYPE","Unspecified drug/trial identifier and omits primary endpoint definition (e.g., ischemic stroke recurrence vs composite MACE)."
PRM-647,What percentage of subjects required dose reductions or dose holds due to treatment-related adverse events during the 24-week evaluation period?,AMBIGUOUS,"AMB_ENTITY_UNSPECIFIED, AMB_ARM_POPULATION, AMB_STUDY_PHASE","Missing drug candidate code, trial phase, and dose arm identifier."
PRM-648,Did the study achieve non-inferiority for its secondary composite endpoint at Week 52?,AMBIGUOUS,"AMB_ENTITY_UNSPECIFIED, AMB_COMPARATOR_MISSING, AMB_ENDPOINT_TYPE","Does not identify the study drug, trial ID, comparator drug/control, or individual components of the composite endpoint."
PRM-649,Extract the hazard ratio for disease-free survival in patients with stage III resected disease enrolled in the adjuvant trial.,AMBIGUOUS,"AMB_ENTITY_UNSPECIFIED, AMB_COMPARATOR_MISSING, AMB_DOCUMENT_TYPE","Unspecified drug/regimen, missing control arm (placebo vs active surveillance), and omits trial ID/CSR version."
PRM-650,How many patients in the combination cohort discontinued treatment due to hepatotoxicity compared to the monotherapy group?,AMBIGUOUS,"AMB_ENTITY_UNSPECIFIED, AMB_DOSAGE_STRENGTH, AMB_STUDY_PHASE","Does not specify the drugs in the combination cohort, individual doses, trial phase, or specific protocol ID."
PRM-651,What was the median duration of response (DOR) for complete responders in the Phase 1b expansion cohort?,AMBIGUOUS,"AMB_ENTITY_UNSPECIFIED, AMB_ARM_POPULATION","Unspecified compound/biologic code name and missing expansion cohort definition (e.g., dose level or indication cohort)."
PRM-652,Summarize all major cardiovascular events (MACE) observed in the long-term safety extension study.,AMBIGUOUS,"AMB_ENTITY_UNSPECIFIED, AMB_VERSION_TEMPORAL, AMB_ENDPOINT_TYPE","Unspecified drug, omits extension study protocol number/version, and fails to state 3-point vs 4-point MACE definition."
PRM-653,"What were the baseline demographic characteristics (age, sex, ECOG performance status) for Cohort B?",AMBIGUOUS,"AMB_ENTITY_UNSPECIFIED, AMB_DOCUMENT_TYPE","Missing drug/trial identifier and source clinical trial document (CSR Table 1, Protocol, or Publication)."
PRM-654,Did the patient-reported outcomes (PRO) using the EORTC QLQ-C30 questionnaire show clinically meaningful improvements?,AMBIGUOUS,"AMB_ENTITY_UNSPECIFIED, AMB_ARM_POPULATION, AMB_COMPARATOR_MISSING","Missing drug name, trial protocol ID, target treatment arm, and comparator cohort."
PRM-655,"Extract the viral clearance rates at Day 7, Day 14, and Day 28 for the high-dose treatment arm.",AMBIGUOUS,"AMB_ENTITY_UNSPECIFIED, AMB_DOSAGE_STRENGTH, AMB_STUDY_PHASE","Missing active antiviral compound, explicit metric dose for 'high-dose', and trial protocol phase."
PRM-656,Was there a statistically significant difference in 5-year overall survival between pre-menopausal and post-menopausal cohorts?,AMBIGUOUS,"AMB_ENTITY_UNSPECIFIED, AMB_ARM_POPULATION, AMB_COMPARATOR_MISSING",Unspecified drug/treatment protocol and fails to define the underlying baseline therapies received by the cohorts.
PRM-657,What was the rate of anti-drug antibody (ADA) development and neutralizing antibody (NAb) positivity in treated subjects?,AMBIGUOUS,"AMB_ENTITY_UNSPECIFIED, AMB_DOSAGE_STRENGTH, AMB_VERSION_TEMPORAL","Unspecified biologic entity, missing dosage arms, and omits study visit timepoints/report edition."
PRM-658,Compare the objective response rate of our candidate molecule against historical control benchmarks.,AMBIGUOUS,"AMB_ENTITY_UNSPECIFIED, AMB_COMPARATOR_MISSING, AMB_SCOPE_OVERLY_BROAD","Unspecified candidate molecule, omits specific historical control trial citations, and asks an unconstrained comparison."
PRM-659,What were the primary reason(s) for protocol amendments in the Phase 3 pivotal study?,AMBIGUOUS,"AMB_ENTITY_UNSPECIFIED, AMB_DOCUMENT_TYPE, AMB_VERSION_TEMPORAL","Unspecified trial drug/protocol ID, missing protocol version dates, and omits specific amendment numbers."
PRM-660,Extract safety parameters regarding peripheral neuropathy for all patients receiving >= 4 cycles of therapy.,AMBIGUOUS,"AMB_ENTITY_UNSPECIFIED, AMB_DOSAGE_STRENGTH, AMB_REGIMEN_SCHEDULE","Unspecified chemotherapy/ADC compound, missing dosage strength per cycle, and cycle length (Q2W vs Q3W)."
PRM-661,Evaluate clinical efficacy outcomes for patients with MS presenting with elevated ALT levels.,AMBIGUOUS,"AMB_SYNONYM_POLYSEMY, AMB_ENTITY_UNSPECIFIED",Acronym 'MS' is polysemous (Multiple Sclerosis vs Mitral Stenosis) and lacks specified drug treatment.
PRM-662,Extract all safety events related to APC during the open-label extension phase.,AMBIGUOUS,"AMB_SYNONYM_POLYSEMY, AMB_ENTITY_UNSPECIFIED",Acronym 'APC' is polysemous (Activated Protein C vs Argon Plasma Coagulation vs Antigen-Presenting Cell) and lacks drug/trial ID.
PRM-663,Provide the post-marketing Phase 4 pharmacovigilance safety signals for our investigational First-in-Human Phase 1 compound.,AMBIGUOUS,AMB_CONTEXT_CONFLICT,Contradictory context: An investigational Phase 1 First-in-Human compound cannot have Phase 4 post-marketing safety data.
PRM-664,Extract the FDA package insert prescribing information for oral Pembrolizumab approved for pediatric asthma in 1998.,AMBIGUOUS,AMB_CONTEXT_CONFLICT,"Contradictory/Factually false context: Pembrolizumab is an IV monoclonal antibody approved for oncology in 2014, not an oral drug approved for pediatric asthma in 1998."
PRM-665,"What are the complete safety, pharmacokinetic, efficacy, manufacturing, supply chain, and pricing records for all commercial biologics globally?",AMBIGUOUS,AMB_SCOPE_OVERLY_BROAD,"Extremely unconstrained scope spanning every commercial biologic, regulatory jurisdiction, and business domain globally."
PRM-666,Provide all clinical trial literature for all small molecules developed in oncology over the last 30 years.,AMBIGUOUS,AMB_SCOPE_OVERLY_BROAD,"Impractically broad, unbounded query spanning decades of global clinical research without filtering parameters."
PRM-667,Extract European Medicines Agency marketing authorization approval details for the candidate currently undergoing pre-clinical rodent studies.,AMBIGUOUS,AMB_CONTEXT_CONFLICT,Contradictory context: A candidate in pre-clinical rodent testing does not have EMA marketing authorization approval.
PRM-668,What are the recommended dosing guidelines for HIT management in patients receiving PCA?,AMBIGUOUS,"AMB_SYNONYM_POLYSEMY, AMB_DOSAGE_STRENGTH, AMB_ENTITY_UNSPECIFIED",Contains multiple polysemous acronyms (HIT: Heparin-Induced Thrombocytopenia vs Histamine Infusion Test; PCA: Patient-Controlled Analgesia vs Posterior Communicating Artery) and lacks active drug entity.
PRM-669,Review all global regulatory filings for compound X and list every sentence mentioning side effects.,AMBIGUOUS,"AMB_SCOPE_OVERLY_BROAD, AMB_ENTITY_UNSPECIFIED",Unbounded processing request across all global regulatory bodies for unspecified 'compound X'.
PRM-670,What were the primary trial outcomes for patients diagnosed with ALL enrolled in the Phase 2 trial?,AMBIGUOUS,"AMB_SYNONYM_POLYSEMY, AMB_ENTITY_UNSPECIFIED","ALL' is ambiguous between the English word 'all' and Acute Lymphoblastic Leukemia, and lacks trial/drug identifier."
PRM-671,Extract safety alerts for patients presenting with severe CRF during the renal trial.,AMBIGUOUS,"AMB_SYNONYM_POLYSEMY, AMB_ENTITY_UNSPECIFIED",Acronym 'CRF' is polysemous (Chronic Renal Failure vs Case Report Form) and lacks drug/protocol ID.
PRM-672,Check if the Phase 3 pivotal study for our unformulated raw active substance met its primary endpoint.,AMBIGUOUS,AMB_CONTEXT_CONFLICT,"Contradictory context: Pivotal Phase 3 studies evaluate formulated finished drug products, not unformulated raw active substances."
PRM-673,Summarize the complete clinical history of all competitive monoclonal antibodies in autoimmune diseases.,AMBIGUOUS,AMB_SCOPE_OVERLY_BROAD,Intractably wide query spanning all competitive entities and therapeutic indications in autoimmunity.
PRM-674,Extract Section 4.3 contraindications from the 1985 FDA label for Keytruda.,AMBIGUOUS,AMB_CONTEXT_CONFLICT,"Contradictory context: Keytruda (pembrolizumab) was first approved by the FDA in 2014, not 1985."
PRM-675,What are the treatment guidelines for patients presenting with acute CML exacerbation during trial enrollment?,AMBIGUOUS,"AMB_SYNONYM_POLYSEMY, AMB_ENTITY_UNSPECIFIED",Polysemous acronym 'CML' (Chronic Myelogenous Leukemia vs Cell-Mediated Lympholysis) and lacks trial protocol context.
PRM-676,"Provide all safety data, adverse event logs, laboratory values, and ECG traces for every patient in the trial.",AMBIGUOUS,"AMB_SCOPE_OVERLY_BROAD, AMB_ENTITY_UNSPECIFIED","Unbounded raw data request without specifying trial ID, patient subset, or filtered criteria."
PRM-677,Compare the pediatric indications approved by PMDA in Japan for our investigational oncology molecule currently in first-in-human testing.,AMBIGUOUS,AMB_CONTEXT_CONFLICT,Contradictory context: An investigational molecule in First-in-Human testing does not have approved indications by PMDA.
PRM-678,Extract baseline laboratory metrics for patients evaluated for CEA level spikes.,AMBIGUOUS,"AMB_SYNONYM_POLYSEMY, AMB_ENTITY_UNSPECIFIED",CEA' is polysemous (Carcinoembryonic Antigen vs Carotid Endarterectomy) and lacks drug/study context.
PRM-679,Explain everything about clinical trials.,AMBIGUOUS,"AMB_SCOPE_OVERLY_BROAD, AMB_INTENT_UNACTIONABLE","Completely unconstrained, vague prompt covering an entire academic and industrial discipline."
PRM-680,Provide post-approval regulatory submission timelines for our preclinical compound.,AMBIGUOUS,AMB_CONTEXT_CONFLICT,Contradictory context: Preclinical compounds have not undergone clinical trials or received regulatory approval.
PRM-681,"Regarding the ongoing Phase 2 clinical study updates, safety monitoring committee reports, quarterly adverse event logs, site recruitment metrics, and patient retention strategies for the Western European trial sites.",AMBIGUOUS,AMB_INTENT_UNACTIONABLE,Incomplete introductory phrase composed of dense nouns and prepositions without an executable verb or question.
PRM-682,"Adverse event summaries, pharmacokinetic profiles, renal clearance metrics, dose escalation parameters, bioequivalence comparisons, and secondary endpoint statistical tables.",AMBIGUOUS,AMB_INTENT_UNACTIONABLE,Disconnected list of technical pharma headings without an explicit operational instruction or target entity.
PRM-683,"When evaluating the clinical study report from last month's trial, did they observe any significant QT prolongation in that high-dose arm?",AMBIGUOUS,"AMB_ENTITY_UNSPECIFIED, AMB_PRONOUN_UNRESOLVED, AMB_VERSION_TEMPORAL, AMB_DOSAGE_STRENGTH","Uses relative time 'last month', unresolved pronouns 'they' and 'that high-dose arm', and omits drug name and exact mg dosage."
PRM-684,Please cross-reference the safety alerts sent by the medical monitor yesterday with the current investigator brochure to see if it requires updating.,AMBIGUOUS,"AMB_ENTITY_UNSPECIFIED, AMB_VERSION_TEMPORAL, AMB_PRONOUN_UNRESOLVED","Relies on relative time words ('yesterday', 'current'), unresolved pronoun ('it'), and omits compound code and IB edition date."
PRM-685,"Phase 3 double-blind randomized control trial overall survival subgroup analysis by age, sex, biomarker expression, and prior line of systemic therapy.",AMBIGUOUS,AMB_INTENT_UNACTIONABLE,Dense clinical trial heading fragment lacking an executable prompt query or task instruction.
PRM-686,"In the comparative study between our drug and their drug, was there a statistically significant difference in ORR?",AMBIGUOUS,"AMB_ENTITY_UNSPECIFIED, AMB_PRONOUN_UNRESOLVED, AMB_COMPARATOR_MISSING","Uses unresolved possessive relative terms ('our drug', 'their drug') without explicitly naming either chemical entity or protocol ID."
PRM-687,"Pharmacovigilance individual case safety reports (ICSR) processing procedures, signal detection algorithms, EudraVigilance database reporting windows, and aggregate periodic safety report generation.",AMBIGUOUS,AMB_INTENT_UNACTIONABLE,"Series of pharmacovigilance domain concepts without a clear question, action, or target product."
PRM-688,Did the patient cohort in that study experience a higher rate of Grade 3 neutropenia when switched from the oral tablet to the intravenous formulation?,AMBIGUOUS,"AMB_ENTITY_UNSPECIFIED, AMB_PRONOUN_UNRESOLVED, AMB_DOSAGE_STRENGTH","Unresolved demonstrative 'that study', unspecified drug product, and missing milligram dosage strengths for both formulations."
PRM-689,"Good Manufacturing Practice (GMP) batch release specifications, impurity profiling, degradation pathways, and forced degradation stability study parameters.",AMBIGUOUS,AMB_INTENT_UNACTIONABLE,Manufacturing domain topic list lacking an explicit user instruction or specific product lot/API name.
PRM-690,How does the safety profile of our candidate compare to the leading market drug in the same class according to the latest meta-analysis?,AMBIGUOUS,"AMB_ENTITY_UNSPECIFIED, AMB_COMPARATOR_MISSING, AMB_VERSION_TEMPORAL","Unspecified candidate molecule, vague benchmark 'leading market drug', and relative term 'latest meta-analysis' without citation."
PRM-691,"Investigator Brochure edition updates, protocol amendment implementation timelines, institutional review board (IRB) re-approval notifications, and informed consent form revisions.",AMBIGUOUS,AMB_INTENT_UNACTIONABLE,Regulatory administrative topic fragment without a direct question or specified protocol identifier.
PRM-692,Did she report any serious adverse events during the follow-up visit after receiving the second dose of the investigational biologic?,AMBIGUOUS,"AMB_ENTITY_UNSPECIFIED, AMB_PRONOUN_UNRESOLVED, AMB_DOSAGE_STRENGTH","Unresolved pronoun 'she', unspecified patient ID, unspecified biologic name, and missing dose strength."
PRM-693,Validation of bioanalytical liquid chromatography-mass spectrometry (LC-MS/MS) assays for plasma quantification of small molecule metabolites in human subjects.,AMBIGUOUS,AMB_INTENT_UNACTIONABLE,Technical analytical chemistry title fragment lacking an actionable task or specific molecule name.
PRM-694,What was the incidence of major bleeding events in the trial when patients were co-administered aspirin with that anticoagulant?,AMBIGUOUS,"AMB_ENTITY_UNSPECIFIED, AMB_PRONOUN_UNRESOLVED, AMB_DOSAGE_STRENGTH","Unresolved demonstrative 'that anticoagulant', missing aspirin dose, missing anticoagulant dose, and missing trial ID."
PRM-695,"Summary of Basis for Approval (SBA) documents, Advisory Committee briefing books, expedited review pathways, and post-marketing requirement (PMR) tracking.",AMBIGUOUS,AMB_INTENT_UNACTIONABLE,Regulatory document type list without a specific request or product name.
PRM-696,Did they find any significant drug-drug interaction when compounding it with standard parenteral nutrition solutions?,AMBIGUOUS,"AMB_ENTITY_UNSPECIFIED, AMB_PRONOUN_UNRESOLVED",Unresolved pronouns 'they' and 'it' without naming the investigational drug or clinical context.
PRM-697,Evaluation of hepatic transporter inhibition (OATP1B1/OATP1B3) and renal transporter clearance (OAT1/OAT3/OCT2) in in vitro cell models.,AMBIGUOUS,AMB_INTENT_UNACTIONABLE,Assay topic heading without an explicit query or drug entity.
PRM-698,Can you check if the results from the trial conducted last year by that CRO showed non-inferiority against the active control?,AMBIGUOUS,"AMB_ENTITY_UNSPECIFIED, AMB_PRONOUN_UNRESOLVED, AMB_VERSION_TEMPORAL, AMB_COMPARATOR_MISSING","Relative time 'last year', unresolved 'that CRO', unspecified active control drug, and missing trial ID."
PRM-699,"Population pharmacokinetic non-linear mixed-effects modeling (NONMEM) covariate analysis for body weight, age, renal function, and hepatic clearance.",AMBIGUOUS,AMB_INTENT_UNACTIONABLE,Pharmacometric modeling heading fragment lacking a clear prompt instruction or drug entity.
PRM-700,"Based on the internal memo sent after the safety board meeting, what was their decision regarding dose reduction for Cohort 3?",AMBIGUOUS,"AMB_ENTITY_UNSPECIFIED, AMB_PRONOUN_UNRESOLVED, AMB_DOCUMENT_TYPE, AMB_VERSION_TEMPORAL","Relies on unspecified internal memo date, unresolved pronoun 'their', missing trial ID, and unspecified drug product."
PRM-701,"Using the FDA-approved USPI revision 12.3, determine whether the recommended 80 mg Q2W regimen of Drug AXL-417 should be reduced in adults with moderate renal impairment when concomitant exposure to a strong CYP3A4 inhibitor is expected to increase AUC by more than two-fold.",VALID,VALID,"Drug, dose, schedule, formulation context, regulatory source/version, population, interaction, and exposure criterion are explicit."
PRM-702,"In Phase 3 study ONC-AXL-301, compare OS, PFS, confirmed ORR, and Grade ≥3 treatment-emergent adverse events between AXL-417 80 mg Q2W plus pembrolizumab and pembrolizumab monotherapy among PD-L1 CPS ≥10 patients previously untreated for metastatic disease.",VALID,VALID,"Study, phase, treatment arms, doses, schedules, biomarker threshold, treatment history, population, and endpoints are explicit."
PRM-703,"According to EMA SmPC version 8.2, identify the dose-interruption and rechallenge criteria for Drug BXR-219 150 mg oral tablets after Grade 3 ALT elevation accompanied by bilirubin exceeding three times the ULN.",VALID,VALID,"Product, strength, formulation, authority, version, laboratory abnormalities, grade, and requested management criteria are explicit."
PRM-704,"From CSR-BXR-219-003, extract exposure-adjusted incidence rates of serious infections during the first 24 treatment weeks in the 150 mg QD arm and compare them with the placebo-controlled safety population.",VALID,VALID,"CSR, drug, dose, schedule, treatment period, comparator, population, and safety metric are defined."
PRM-705,"In Protocol IMM-CXR-442 Amendment 5, determine whether patients aged 18–75 years with eGFR 30–59 mL/min/1.73 m² and prior anti-TNF exposure satisfy the eligibility requirements for Cohort D.",VALID,VALID,"Protocol, amendment, age, renal category, prior therapy, cohort, and eligibility question are explicit."
PRM-706,"Compare the steady-state AUC0-24, Cmax, trough concentration, and accumulation ratio of CXR-442 40 mg BID immediate-release tablets versus 80 mg QD extended-release tablets in the Phase 1 food-effect and multiple-dose study.",VALID,VALID,"Dose, regimen, formulation, PK parameters, study stage, and comparison are explicit."
PRM-707,"According to PMDA review report revision 4, determine whether the exposure-response relationship supports the approved dose of 25 mg once daily in Japanese adults with moderate hepatic impairment.",VALID,VALID,"Authority, document revision, dose, regimen, population, hepatic status, and analytical relationship are explicit."
PRM-708,Extract all Grade 3–5 immune-mediated adverse events occurring after treatment discontinuation in patients who received at least four doses of Drug DMR-551 200 mg Q3W in the long-term follow-up dataset.,VALID,VALID,"Product, dose, schedule, exposure requirement, event severity, timing, and dataset context are specified."
PRM-709,Compare the primary estimand under treatment-policy and hypothetical strategies for the intercurrent event of permanent treatment discontinuation in Phase 3 Trial NCT11024567.,VALID,VALID,"Trial, phase, endpoint framework, estimand strategies, and intercurrent event are explicit."
PRM-710,"From IB version 6.4, determine whether the proposed 300 mg loading dose of Compound ELP-908 produces exposure within the therapeutic window established from the Phase 2 exposure-response analysis.",VALID,VALID,"Compound, proposed dose, document version, therapeutic window, and source analysis are explicitly identified."
PRM-711,"The label recommends dose reduction for renal impairment, while the clinical pharmacology report suggests that the increase in exposure remains below the threshold considered clinically relevant. Determine which conclusion should govern clinical dosing.",AMBIGUOUS,AMB_ENTITY_UNSPECIFIED; AMB_REGULATORY_JURISDICTION; AMB_DOCUMENT_TYPE; AMB_ENDPOINT_TYPE,"Product, exact label, report, regulator, exposure threshold, and dosing framework are unspecified."
PRM-712,Compare the current approved regimen with the regimen used in the pivotal study after accounting for the different exposure achieved under each schedule and the higher discontinuation rate in the approved population.,AMBIGUOUS,AMB_ENTITY_UNSPECIFIED; AMB_REGIMEN_SCHEDULE; AMB_ARM_POPULATION; AMB_DOCUMENT_TYPE,"Product, schedules, pivotal study, exposure criteria, and populations are unspecified."
PRM-713,Determine whether the observed subgroup interaction is sufficiently robust to support restricting the indication to biomarker-positive patients.,AMBIGUOUS,AMB_ENTITY_UNSPECIFIED; AMB_ARM_POPULATION; AMB_ENDPOINT_TYPE; AMB_REGULATORY_JURISDICTION,"Product, biomarker, endpoint, statistical threshold, and regulatory authority are unspecified."
PRM-714,"Using the latest safety update, determine whether the increase in hepatotoxicity warrants changing the recommended starting dose or only the monitoring frequency.",AMBIGUOUS,AMB_ENTITY_UNSPECIFIED; AMB_VERSION_TEMPORAL; AMB_DOSAGE_STRENGTH; AMB_ENDPOINT_TYPE,"Product, safety-update version, dose, toxicity definition, and decision threshold are missing."
PRM-715,"The revised protocol excludes patients with prior exposure to the same class, whereas the original protocol did not. Determine whether the efficacy estimates can still be directly compared.",AMBIGUOUS,AMB_SYNONYM_POLYSEMY; AMB_VERSION_TEMPORAL; AMB_ARM_POPULATION; AMB_ENDPOINT_TYPE,"Drug/class, protocol versions, endpoint, and comparability criteria are unspecified."
PRM-716,Determine whether the lower exposure following formulation conversion explains the apparent loss of efficacy in the subsequent study.,AMBIGUOUS,AMB_ENTITY_UNSPECIFIED; AMB_ROUTE_FORMULATION; AMB_ENDPOINT_TYPE; AMB_STUDY_PHASE,"Product, formulations, efficacy endpoint, and study stage are unspecified."
PRM-717,"Compare the benefit-risk assessment before and after the risk-management intervention, considering both spontaneous reports and controlled-trial evidence.",AMBIGUOUS,AMB_ENTITY_UNSPECIFIED; AMB_VERSION_TEMPORAL; AMB_DOCUMENT_TYPE; AMB_REGULATORY_JURISDICTION,"Product, intervention, timepoints, regulatory setting, and evidence definitions are unclear."
PRM-718,Determine whether continued treatment after radiographic progression remains justified when the patient demonstrates symptomatic improvement and acceptable tolerability.,AMBIGUOUS,AMB_ENTITY_UNSPECIFIED; AMB_ENDPOINT_TYPE; AMB_REGIMEN_SCHEDULE; AMB_SCOPE_OVERLY_BROAD,"Product, progression definition, symptom criteria, duration, and decision threshold are unspecified."
PRM-719,Compare exposure-normalized adverse-event rates between patients receiving the recommended dose and those receiving the maximum tolerated dose.,AMBIGUOUS,AMB_ENTITY_UNSPECIFIED; AMB_DOSAGE_STRENGTH; AMB_ARM_POPULATION; AMB_ENDPOINT_TYPE,"Drug, dose values, populations, and adverse-event definition are missing."
PRM-720,Determine whether the final analysis resolves the discrepancy between the efficacy conclusion reported in the CSR and the conclusion presented to regulators.,AMBIGUOUS,AMB_ENTITY_UNSPECIFIED; AMB_DOCUMENT_TYPE; AMB_REGULATORY_JURISDICTION; AMB_VERSION_TEMPORAL,"Product, CSR, regulator, submission version, and endpoint are unspecified."
PRM-721,"According to the current label, determine whether dose adjustment is required for patients with severe renal impairment who are also receiving a moderate CYP2C19 inhibitor.",AMBIGUOUS,AMB_ENTITY_UNSPECIFIED; AMB_VERSION_TEMPORAL; AMB_REGULATORY_JURISDICTION; AMB_DOSAGE_STRENGTH,"Product, label version, regulator, dose, and interaction details are unspecified."
PRM-722,"The active arm shows higher exposure and a numerically higher response rate, but also more Grade 3 toxicity. Determine whether exposure is likely responsible for both observations.",AMBIGUOUS,AMB_ENTITY_UNSPECIFIED; AMB_DOSAGE_STRENGTH; AMB_ENDPOINT_TYPE; AMB_COMPARATOR_MISSING,"Drug, exposure levels, response endpoint, toxicity definition, and comparator are unspecified."
PRM-723,Compare the safety population before and after implementation of the revised eligibility criterion and determine whether the apparent improvement reflects a true treatment effect.,AMBIGUOUS,AMB_ENTITY_UNSPECIFIED; AMB_VERSION_TEMPORAL; AMB_ARM_POPULATION; AMB_ENDPOINT_TYPE,"Product, criterion, versions, population, and safety outcome are not identified."
PRM-724,Determine whether the treatment effect observed in the elderly subgroup supports extending the indication to all patients with the same disease.,AMBIGUOUS,AMB_ENTITY_UNSPECIFIED; AMB_ARM_POPULATION; AMB_ENDPOINT_TYPE; AMB_REGULATORY_JURISDICTION,"Product, age definition, disease, endpoint, and regulatory framework are missing."
PRM-725,Extract the evidence that justified selecting the final dose despite the absence of a clear monotonic exposure-response relationship.,AMBIGUOUS,AMB_ENTITY_UNSPECIFIED; AMB_DOSAGE_STRENGTH; AMB_ENDPOINT_TYPE; AMB_STUDY_PHASE,"Product, dose levels, endpoint, and development stage are unspecified."
PRM-726,Determine whether the observed difference in PFS is clinically meaningful given that overall survival was unchanged and treatment duration differed between groups.,AMBIGUOUS,AMB_ENTITY_UNSPECIFIED; AMB_COMPARATOR_MISSING; AMB_ENDPOINT_TYPE; AMB_REGIMEN_SCHEDULE,"Product, treatment groups, PFS/OS definitions, and duration differences are unspecified."
PRM-727,Compare the subgroup with impaired clearance against the overall population after adjusting for baseline risk and treatment exposure.,AMBIGUOUS,AMB_ENTITY_UNSPECIFIED; AMB_ARM_POPULATION; AMB_ENDPOINT_TYPE,"Product, impairment definition, outcome, and exposure adjustment are unspecified."
PRM-728,Determine whether the additional follow-up changes the interpretation of the durability of response in patients who received the higher regimen.,AMBIGUOUS,AMB_ENTITY_UNSPECIFIED; AMB_VERSION_TEMPORAL; AMB_REGIMEN_SCHEDULE; AMB_ENDPOINT_TYPE,"Product, follow-up cutoff, higher regimen, and response definition are missing."
PRM-729,"The regulatory authority accepted the surrogate endpoint, but subsequent analyses suggest that the treatment effect may not translate into meaningful clinical benefit. Determine whether the indication remains justified.",AMBIGUOUS,AMB_ENTITY_UNSPECIFIED; AMB_REGULATORY_JURISDICTION; AMB_ENDPOINT_TYPE; AMB_VERSION_TEMPORAL,"Product, authority, surrogate endpoint, clinical-benefit definition, and regulatory status are unspecified."
PRM-730,Compare the original and revised risk-benefit conclusions after incorporating the newly identified signal from long-term follow-up.,AMBIGUOUS,AMB_ENTITY_UNSPECIFIED; AMB_VERSION_TEMPORAL; AMB_DOCUMENT_TYPE; AMB_ENDPOINT_TYPE,"Product, versions, signal, follow-up dataset, and conclusions are unspecified."
PRM-731,"In Phase 3 Trial NCT11099821, compare confirmed ORR, median PFS, median OS, and Grade ≥3 adverse events between Drug GMA-201 200 mg Q3W plus standard therapy and standard therapy alone in adults with previously untreated biomarker-high metastatic disease.",VALID,VALID,"All key clinical-trial identifiers, treatment parameters, population, biomarker, and outcomes are explicit."
PRM-732,"According to the FDA label revision 14.2, determine the required dose modification for Drug HNB-721 50 mg oral tablets following persistent Grade 2 neutropenia lasting longer than 14 days.",VALID,VALID,"Drug, strength, formulation, authority, revision, toxicity grade, duration, and action are explicit."
PRM-733,"From CSR-JKL-908-02, extract treatment-emergent adverse events occurring within 30 days after the final dose among patients receiving at least 12 weeks of continuous exposure.",VALID,VALID,"CSR, timing, exposure duration, and safety population are explicit, with the treatment identifiable from the CSR."
PRM-734,"Compare the PK profiles of 100 mg QD and 200 mg Q2W regimens of Drug KLM-310 using steady-state Cmax, Cmin, AUC, and peak-to-trough ratio in patients with moderate renal impairment.",VALID,VALID,"Drug, regimens, PK parameters, and renal-function population are explicit."
PRM-735,"According to EMA SmPC version 9.4, determine whether the approved dose of Drug NOP-661 should be reduced in patients with Child-Pugh C hepatic impairment receiving concomitant strong CYP3A inhibition.",VALID,VALID,"Product, authority/version, dose, hepatic class, interaction, and requested decision are explicit."
PRM-736,"In Protocol RST-2026-04 Amendment 7, determine whether patients aged 65–85 years with prior checkpoint-inhibitor exposure and controlled brain metastases qualify for Cohort E.",VALID,VALID,"Protocol, amendment, age, treatment history, metastasis status, and cohort are explicit."
PRM-737,Compare exposure-response relationships for Drug UVW-882 between biomarker-high and biomarker-low populations using the prespecified primary pharmacodynamic endpoint.,VALID,VALID,"Drug, biomarker populations, exposure-response analysis, and primary PD endpoint are specified."
PRM-738,"From Investigator Brochure version 7.5, identify all dose-limiting toxicities observed during Cycle 1 at dose levels ≥200 mg and summarize the dose-escalation decision.",VALID,VALID,"Document/version, toxicity definition, cycle, dose threshold, and requested interpretation are explicit."
PRM-739,"According to PMDA review report revision 5.0, compare the Japanese and global exposure distributions at the proposed 150 mg QD dose and identify whether a clinically relevant ethnic PK difference was concluded.",VALID,VALID,"Authority, document version, dose, populations, exposure metric, and question are explicit."
PRM-740,"In Phase 2 study NCT11123456, determine whether the observed complete-response rate in patients with baseline disease burden below the protocol-defined threshold exceeded the prespecified futility boundary.",VALID,VALID,"Trial, phase, endpoint, subgroup criterion, and statistical decision criterion are explicit."
PRM-741,"The latest clinical report states that the treatment effect was preserved across predefined subgroups, but one subgroup was added after database lock. Determine whether this subgroup should be included in the consistency assessment.",AMBIGUOUS,AMB_ENTITY_UNSPECIFIED; AMB_VERSION_TEMPORAL; AMB_ARM_POPULATION; AMB_DOCUMENT_TYPE,"Product, report, database-lock rules, subgroup identity, and consistency-analysis framework are unspecified."
PRM-742,Determine whether the higher incidence of toxicity in patients with greater exposure is sufficient evidence to support exposure-guided dosing.,AMBIGUOUS,AMB_ENTITY_UNSPECIFIED; AMB_DOSAGE_STRENGTH; AMB_ENDPOINT_TYPE,"Product, exposure threshold, toxicity endpoint, and dosing decision criteria are missing."
PRM-743,Compare the treatment effect before and after the protocol introduced stricter baseline laboratory requirements.,AMBIGUOUS,AMB_ENTITY_UNSPECIFIED; AMB_VERSION_TEMPORAL; AMB_ARM_POPULATION; AMB_ENDPOINT_TYPE,"Product, protocol versions, laboratory requirements, populations, and treatment endpoint are unspecified."
PRM-744,Determine whether the benefit observed in the biomarker-defined subgroup is sufficient to justify excluding biomarker-negative patients from future development.,AMBIGUOUS,AMB_ENTITY_UNSPECIFIED; AMB_ARM_POPULATION; AMB_ENDPOINT_TYPE; AMB_STUDY_PHASE,"Drug, biomarker, endpoint, development stage, and decision threshold are unspecified."
PRM-745,"The revised label introduces an alternative regimen for patients unable to tolerate the recommended schedule. Compare the two regimens in terms of exposure, efficacy, and safety.",AMBIGUOUS,AMB_ENTITY_UNSPECIFIED; AMB_REGULATORY_JURISDICTION; AMB_VERSION_TEMPORAL; AMB_REGIMEN_SCHEDULE; AMB_ENDPOINT_TYPE,"Product, label authority/version, exact regimens, and endpoint definitions are missing."
PRM-746,Determine whether the observed reduction in exposure after dose interruption compromises the pharmacodynamic effect.,AMBIGUOUS,AMB_ENTITY_UNSPECIFIED; AMB_DOSAGE_STRENGTH; AMB_REGIMEN_SCHEDULE; AMB_ENDPOINT_TYPE,"Product, dose, interruption duration, and PD endpoint are unspecified."
PRM-747,"Compare the treatment effect in patients who received rescue medication with those who did not, using the estimand most appropriate for the clinical question.",AMBIGUOUS,AMB_ENTITY_UNSPECIFIED; AMB_COMPARATOR_MISSING; AMB_ENDPOINT_TYPE,"Product, treatment arms, rescue definition, and clinical question are unspecified."
PRM-748,Determine whether the long-term safety signal should affect the dosing recommendation despite no observed change in the primary efficacy endpoint.,AMBIGUOUS,AMB_ENTITY_UNSPECIFIED; AMB_DOSAGE_STRENGTH; AMB_ENDPOINT_TYPE; AMB_VERSION_TEMPORAL,"Product, dose, safety signal, efficacy endpoint, and update version are missing."
PRM-749,Compare the evidence from the confirmatory study with that from the earlier proof-of-concept study and determine whether the discrepancy is attributable to population differences.,AMBIGUOUS,AMB_ENTITY_UNSPECIFIED; AMB_STUDY_PHASE; AMB_ARM_POPULATION; AMB_ENDPOINT_TYPE,"Product, studies, phases, populations, and endpoints are unspecified."
PRM-750,Determine whether the observed efficacy can be generalized from the trial population to patients receiving concomitant medications that were excluded from the pivotal study.,AMBIGUOUS,AMB_ENTITY_UNSPECIFIED; AMB_ARM_POPULATION; AMB_COMPARATOR_MISSING; AMB_ENDPOINT_TYPE,"Product, excluded medications, population, endpoint, and generalizability criteria are unspecified."
PRM-751,"Compare the final benefit-risk profile with the one used to support the original approval, including all evidence accumulated since commercialization.",AMBIGUOUS,AMB_ENTITY_UNSPECIFIED; AMB_REGULATORY_JURISDICTION; AMB_VERSION_TEMPORAL; AMB_SCOPE_OVERLY_BROAD,"Product, authority, original approval date, evidence cutoff, and scope are unspecified."
PRM-752,Determine whether the apparent reduction in mortality remains after accounting for treatment switching and informative dropout.,AMBIGUOUS,AMB_ENTITY_UNSPECIFIED; AMB_COMPARATOR_MISSING; AMB_ENDPOINT_TYPE; AMB_ARM_POPULATION,"Product, treatment groups, mortality endpoint, switching mechanism, and population are unspecified."
PRM-753,The same adverse event is classified differently across the clinical database and spontaneous-reporting system. Determine which classification should be used for the integrated safety analysis.,AMBIGUOUS,AMB_ENTITY_UNSPECIFIED; AMB_DOCUMENT_TYPE; AMB_ENDPOINT_TYPE; AMB_VERSION_TEMPORAL,"Product, datasets, coding versions, event definition, and analysis standard are unspecified."
PRM-754,Determine whether the difference between the approved dose and the dose used in the exposure-response analysis invalidates the proposed justification for the current regimen.,AMBIGUOUS,AMB_ENTITY_UNSPECIFIED; AMB_DOSAGE_STRENGTH; AMB_REGULATORY_JURISDICTION; AMB_ENDPOINT_TYPE,"Product, doses, regulator, exposure-response endpoint, and justification framework are unspecified."
PRM-755,Compare the incidence of treatment-related adverse events in the original indication population with that observed after the indication was expanded.,AMBIGUOUS,AMB_ENTITY_UNSPECIFIED; AMB_REGULATORY_JURISDICTION; AMB_VERSION_TEMPORAL; AMB_ARM_POPULATION,"Product, jurisdiction, expansion date, populations, and adverse-event criteria are unspecified."
PRM-756,Determine whether the revised dosing interval adequately compensates for the accumulation observed in patients with impaired clearance.,AMBIGUOUS,AMB_ENTITY_UNSPECIFIED; AMB_REGIMEN_SCHEDULE; AMB_DOSAGE_STRENGTH; AMB_ARM_POPULATION,"Product, interval, dose, accumulation threshold, and impairment definition are missing."
PRM-757,"Compare efficacy in patients who achieved the target exposure with those below target exposure, while accounting for baseline prognostic factors.",AMBIGUOUS,AMB_ENTITY_UNSPECIFIED; AMB_ENDPOINT_TYPE; AMB_ARM_POPULATION; AMB_DOSAGE_STRENGTH,"Product, exposure target, endpoint, and population definitions are unspecified."
PRM-758,Determine whether the latest regulatory assessment adequately addresses the uncertainty around the durability of benefit.,AMBIGUOUS,AMB_ENTITY_UNSPECIFIED; AMB_REGULATORY_JURISDICTION; AMB_VERSION_TEMPORAL; AMB_ENDPOINT_TYPE,"Product, regulator, assessment version, and durability endpoint are unspecified."
PRM-759,The confirmatory study failed its primary endpoint but showed consistent numerical effects across several secondary measures. Determine whether the program should nevertheless be considered successful.,AMBIGUOUS,AMB_ENTITY_UNSPECIFIED; AMB_ENDPOINT_TYPE; AMB_STUDY_PHASE; AMB_SCOPE_OVERLY_BROAD,"Product, study, endpoints, statistical criteria, and definition of “successful” are unspecified."
PRM-760,Determine whether the safety benefit observed with the reduced regimen outweighs the loss of exposure relative to the original regimen.,AMBIGUOUS,AMB_ENTITY_UNSPECIFIED; AMB_DOSAGE_STRENGTH; AMB_ENDPOINT_TYPE; AMB_REGIMEN_SCHEDULE,"Product, exact doses, safety endpoint, exposure target, and benefit-risk threshold are missing."
PRM-761,Compare the pharmacokinetic consequences of renal impairment under the approved regimen and the alternative regimen proposed in the latest development update.,AMBIGUOUS,AMB_ENTITY_UNSPECIFIED; AMB_REGIMEN_SCHEDULE; AMB_VERSION_TEMPORAL; AMB_DOSAGE_STRENGTH,"Product, doses, schedules, renal category, and update version are unspecified."
PRM-762,Determine whether the newly observed subgroup effect should be considered hypothesis-generating or sufficient for a label modification.,AMBIGUOUS,AMB_ENTITY_UNSPECIFIED; AMB_REGULATORY_JURISDICTION; AMB_ARM_POPULATION; AMB_ENDPOINT_TYPE,"Product, subgroup, endpoint, statistical evidence, and regulator are unspecified."
PRM-763,Compare the interpretation of treatment discontinuation under the treatment-policy and hypothetical strategies and determine which better reflects clinical benefit.,AMBIGUOUS,AMB_ENTITY_UNSPECIFIED; AMB_ENDPOINT_TYPE; AMB_DOCUMENT_TYPE,"Product, endpoint, estimand framework, and clinical objective are unspecified."
PRM-764,Determine whether the apparent increase in exposure after repeated administration should trigger a lower starting dose in patients expected to receive long-term treatment.,AMBIGUOUS,AMB_ENTITY_UNSPECIFIED; AMB_DOSAGE_STRENGTH; AMB_REGIMEN_SCHEDULE; AMB_ARM_POPULATION,"Product, exposure threshold, starting dose, accumulation criterion, and population are unspecified."
PRM-765,Compare the evidence supporting the original indication with the evidence generated after the population was narrowed by biomarker status.,AMBIGUOUS,AMB_ENTITY_UNSPECIFIED; AMB_VERSION_TEMPORAL; AMB_ARM_POPULATION; AMB_REGULATORY_JURISDICTION,"Product, indication, biomarker, regulatory jurisdiction, and evidence periods are unspecified."
PRM-766,Determine whether the difference in response duration between treatment groups remains meaningful after censoring patients who discontinued for reasons unrelated to disease progression.,AMBIGUOUS,AMB_ENTITY_UNSPECIFIED; AMB_COMPARATOR_MISSING; AMB_ENDPOINT_TYPE; AMB_ARM_POPULATION,"Product, treatment groups, response endpoint, censoring rules, and population are unspecified."
PRM-767,"The drug shows nonlinear exposure at higher doses, while efficacy appears to plateau. Determine whether further dose escalation is scientifically justified.",AMBIGUOUS,AMB_ENTITY_UNSPECIFIED; AMB_DOSAGE_STRENGTH; AMB_ENDPOINT_TYPE; AMB_STUDY_PHASE,"Drug, doses, efficacy endpoint, plateau criterion, and development stage are missing."
PRM-768,"Determine whether the difference in safety between formulations remains after matching patients on age, renal function, and treatment duration.",AMBIGUOUS,AMB_ENTITY_UNSPECIFIED; AMB_ROUTE_FORMULATION; AMB_ARM_POPULATION; AMB_ENDPOINT_TYPE,"Product, formulations, safety endpoint, and matching criteria beyond broad covariates are unspecified."
PRM-769,Compare the observed clinical benefit with the benefit predicted from the exposure-response model and determine whether the model remains valid after the protocol amendment.,AMBIGUOUS,AMB_ENTITY_UNSPECIFIED; AMB_VERSION_TEMPORAL; AMB_ENDPOINT_TYPE; AMB_DOCUMENT_TYPE,"Product, model, endpoint, amendment, and validation criteria are unspecified."
PRM-770,Determine whether the revised safety signal is sufficiently consistent across studies to warrant changing the current treatment recommendation.,AMBIGUOUS,AMB_ENTITY_UNSPECIFIED; AMB_VERSION_TEMPORAL; AMB_DOCUMENT_TYPE; AMB_SCOPE_OVERLY_BROAD,"Product, studies, signal definition, regulator, recommendation, and consistency threshold are unspecified."
PRM-771,Compare the treatment effect observed in the pivotal trial with that observed in routine clinical practice after accounting for differences in baseline disease severity and treatment adherence.,AMBIGUOUS,AMB_ENTITY_UNSPECIFIED; AMB_DOCUMENT_TYPE; AMB_ARM_POPULATION; AMB_ENDPOINT_TYPE,"Product, pivotal study, real-world dataset, endpoint, and adherence definition are unspecified."
PRM-772,Determine whether the observed reduction in exposure caused by concomitant medication is sufficient to require an alternative dosing strategy.,AMBIGUOUS,AMB_ENTITY_UNSPECIFIED; AMB_DOSAGE_STRENGTH; AMB_REGIMEN_SCHEDULE; AMB_ENDPOINT_TYPE,"Product, concomitant drug, exposure reduction, current dose, and alternative strategy are unspecified."
PRM-773,Compare the regulatory interpretation of the same endpoint across jurisdictions and explain whether the difference results from differing definitions of clinical relevance.,AMBIGUOUS,AMB_ENTITY_UNSPECIFIED; AMB_REGULATORY_JURISDICTION; AMB_ENDPOINT_TYPE,"Product, jurisdictions, endpoint, and clinical-relevance definitions are unspecified."
PRM-774,Determine whether the treatment effect remains robust when patients with protocol deviations are excluded from the primary analysis population.,AMBIGUOUS,AMB_ENTITY_UNSPECIFIED; AMB_ARM_POPULATION; AMB_ENDPOINT_TYPE; AMB_DOCUMENT_TYPE,"Product, endpoint, deviation criteria, and analysis dataset are unspecified."
PRM-775,"The approved indication was based on a surrogate endpoint, but long-term follow-up has produced conflicting evidence regarding clinical outcomes. Determine whether the original approval remains justified.",AMBIGUOUS,AMB_ENTITY_UNSPECIFIED; AMB_REGULATORY_JURISDICTION; AMB_ENDPOINT_TYPE; AMB_VERSION_TEMPORAL,"Product, regulator, surrogate, clinical outcome, and evidence cutoff are unspecified."
PRM-776,Compare the benefit-risk balance between patients receiving the recommended dose and those requiring dose reduction because of toxicity.,AMBIGUOUS,AMB_ENTITY_UNSPECIFIED; AMB_DOSAGE_STRENGTH; AMB_ARM_POPULATION; AMB_ENDPOINT_TYPE,"Product, doses, toxicity definition, populations, and benefit-risk criteria are unspecified."
PRM-777,Determine whether the absence of an exposure-response relationship should influence interpretation of the subgroup-specific efficacy findings.,AMBIGUOUS,AMB_ENTITY_UNSPECIFIED; AMB_ARM_POPULATION; AMB_ENDPOINT_TYPE,"Product, subgroup, efficacy endpoint, and exposure-response analysis are unspecified."
PRM-778,Compare the safety signal before and after implementation of the risk-minimization measure while accounting for changes in prescribing behavior.,AMBIGUOUS,AMB_ENTITY_UNSPECIFIED; AMB_VERSION_TEMPORAL; AMB_ENDPOINT_TYPE; AMB_SCOPE_OVERLY_BROAD,"Product, measure, dates, signal, and prescribing dataset are unspecified."
PRM-779,"Determine whether the observed difference in efficacy is more likely explained by treatment exposure, baseline disease severity, or treatment adherence.",AMBIGUOUS,AMB_ENTITY_UNSPECIFIED; AMB_ENDPOINT_TYPE; AMB_ARM_POPULATION,"Product, efficacy endpoint, exposure definition, and populations are unspecified."
PRM-780,Extract the evidence supporting continued use of the higher regimen despite the exposure-dependent increase in serious adverse events.,AMBIGUOUS,AMB_ENTITY_UNSPECIFIED; AMB_DOSAGE_STRENGTH; AMB_ENDPOINT_TYPE; AMB_DOCUMENT_TYPE,"Product, regimen, safety endpoint, and supporting evidence source are unspecified."
PRM-781,Determine whether the treatment remains appropriate when the patient transitions from normal to moderate renal function during a course of therapy.,AMBIGUOUS,AMB_ENTITY_UNSPECIFIED; AMB_REGIMEN_SCHEDULE; AMB_DOSAGE_STRENGTH; AMB_ENDPOINT_TYPE,"Product, dose, treatment duration, and renal-adjustment criteria are unspecified."
PRM-782,Compare the efficacy conclusion from the original statistical analysis plan with that from the amended analysis plan after the endpoint hierarchy was modified.,AMBIGUOUS,AMB_ENTITY_UNSPECIFIED; AMB_VERSION_TEMPORAL; AMB_ENDPOINT_TYPE; AMB_DOCUMENT_TYPE,"Product, SAP versions, amendment, endpoint hierarchy, and analysis are unspecified."
PRM-783,Determine whether the safety findings in the elderly subgroup justify a lower dose even though exposure-response analysis did not identify a clear efficacy threshold.,AMBIGUOUS,AMB_ENTITY_UNSPECIFIED; AMB_DOSAGE_STRENGTH; AMB_ARM_POPULATION; AMB_ENDPOINT_TYPE,"Product, dose, elderly definition, safety endpoint, and efficacy threshold are unspecified."
PRM-784,Compare the exposure-response relationship in patients receiving monotherapy with that observed under combination therapy and determine whether the same target exposure applies.,AMBIGUOUS,AMB_ENTITY_UNSPECIFIED; AMB_ARM_POPULATION; AMB_ENDPOINT_TYPE; AMB_REGIMEN_SCHEDULE,"Product, combination partner, target exposure, and efficacy/safety endpoint are unspecified."
PRM-785,Determine whether the updated clinical evidence supports maintaining the same dose despite the emergence of a new safety signal.,AMBIGUOUS,AMB_ENTITY_UNSPECIFIED; AMB_VERSION_TEMPORAL; AMB_DOSAGE_STRENGTH; AMB_ENDPOINT_TYPE,"Product, update, dose, signal, and decision threshold are unspecified."
PRM-786,Compare outcomes in patients who received treatment according to the protocol with those who required clinically necessary deviations from the prescribed regimen.,AMBIGUOUS,AMB_ENTITY_UNSPECIFIED; AMB_REGIMEN_SCHEDULE; AMB_ARM_POPULATION; AMB_ENDPOINT_TYPE,"Product, protocol, deviation definition, and outcome are unspecified."
PRM-787,Determine whether the observed improvement in tolerability after dose reduction compromises the level of exposure required for sustained disease control.,AMBIGUOUS,AMB_ENTITY_UNSPECIFIED; AMB_DOSAGE_STRENGTH; AMB_ENDPOINT_TYPE; AMB_REGIMEN_SCHEDULE,"Product, doses, exposure target, and disease-control endpoint are missing."
PRM-788,Compare the evidence generated before commercialization with the evidence accumulated afterward and determine whether the original safety assumptions remain valid.,AMBIGUOUS,AMB_ENTITY_UNSPECIFIED; AMB_VERSION_TEMPORAL; AMB_DOCUMENT_TYPE; AMB_SCOPE_OVERLY_BROAD,"Product, datasets, safety assumptions, and evidence cutoff are unspecified."
PRM-789,Determine whether the apparent treatment benefit persists when analysis is restricted to patients who maintained the intended exposure throughout the study.,AMBIGUOUS,AMB_ENTITY_UNSPECIFIED; AMB_ENDPOINT_TYPE; AMB_ARM_POPULATION; AMB_DOSAGE_STRENGTH,"Product, intended exposure, endpoint, and population are unspecified."
PRM-790,Compare the risk associated with dose escalation against the incremental efficacy observed at higher exposure and determine whether escalation remains justified.,AMBIGUOUS,AMB_ENTITY_UNSPECIFIED; AMB_DOSAGE_STRENGTH; AMB_ENDPOINT_TYPE; AMB_STUDY_PHASE,"Product, dose levels, endpoints, and escalation decision criteria are unspecified."
PRM-791,Determine whether the current dosing recommendation should be retained after incorporating the most recent population PK model and updated covariate relationships.,AMBIGUOUS,AMB_ENTITY_UNSPECIFIED; AMB_VERSION_TEMPORAL; AMB_DOSAGE_STRENGTH; AMB_DOCUMENT_TYPE,"Product, dose, model version, covariates, and regulatory context are unspecified."
PRM-792,Compare the efficacy results after excluding patients with major protocol deviations against the primary analysis and determine whether the conclusion is sensitive to the analysis population.,AMBIGUOUS,AMB_ENTITY_UNSPECIFIED; AMB_ARM_POPULATION; AMB_ENDPOINT_TYPE; AMB_DOCUMENT_TYPE,"Product, endpoint, deviation definition, and analysis datasets are unspecified."
PRM-793,Determine whether the observed increase in exposure among patients with organ impairment warrants a revised dosing recommendation given the absence of a corresponding increase in efficacy.,AMBIGUOUS,AMB_ENTITY_UNSPECIFIED; AMB_DOSAGE_STRENGTH; AMB_ARM_POPULATION; AMB_ENDPOINT_TYPE,"Product, organ impairment, dose, exposure threshold, and efficacy endpoint are unspecified."
PRM-794,Compare the clinical relevance of the safety signal using the definitions applied in the development program and those used after approval.,AMBIGUOUS,AMB_ENTITY_UNSPECIFIED; AMB_REGULATORY_JURISDICTION; AMB_VERSION_TEMPORAL; AMB_ENDPOINT_TYPE,"Product, definitions, approval jurisdiction, and safety endpoint are unspecified."
PRM-795,Determine whether the subgroup showing the strongest efficacy signal was adequately prespecified to support a formal treatment recommendation.,AMBIGUOUS,AMB_ENTITY_UNSPECIFIED; AMB_ARM_POPULATION; AMB_ENDPOINT_TYPE; AMB_REGULATORY_JURISDICTION,"Product, subgroup, endpoint, prespecification status, and regulatory standard are missing."
PRM-796,Compare the observed exposure at the recommended dose with the exposure associated with toxicity in the dose-escalation study and determine whether the therapeutic window is sufficiently wide.,AMBIGUOUS,AMB_ENTITY_UNSPECIFIED; AMB_DOSAGE_STRENGTH; AMB_STUDY_PHASE; AMB_ENDPOINT_TYPE,"Product, dose, toxicity definition, therapeutic-window criteria, and study identity are unspecified."
PRM-797,Determine whether the current indication remains supported when efficacy is evaluated using the stricter endpoint definition introduced in the amended protocol.,AMBIGUOUS,AMB_ENTITY_UNSPECIFIED; AMB_VERSION_TEMPORAL; AMB_ENDPOINT_TYPE; AMB_REGULATORY_JURISDICTION,"Product, indication, regulator, protocol versions, and endpoint definitions are unspecified."
PRM-798,Compare the safety profile of patients who received the full planned treatment duration with those who discontinued early because of tolerability and determine whether treatment duration confounds the comparison.,AMBIGUOUS,AMB_ENTITY_UNSPECIFIED; AMB_REGIMEN_SCHEDULE; AMB_ARM_POPULATION; AMB_ENDPOINT_TYPE,"Product, duration, discontinuation criteria, safety endpoint, and analysis population are unspecified."
PRM-799,"Determine whether the combined evidence from PK, PD, efficacy, safety, subgroup analyses, and post-marketing surveillance is sufficient to justify continuation of the current dosing strategy.",AMBIGUOUS,AMB_ENTITY_UNSPECIFIED; AMB_VERSION_TEMPORAL; AMB_ENDPOINT_TYPE; AMB_SCOPE_OVERLY_BROAD,"Product, evidence cutoff, dosing strategy, decision threshold, and regulatory context are unspecified; task spans multiple evidence domains."
PRM-800,"Using the latest available clinical, pharmacokinetic, pharmacodynamic, safety, subgroup, real-world, and regulatory evidence, determine whether the current product-specific indication, population restrictions, dose, formulation, route, dosing interval, contraindications, monitoring requirements, and benefit-risk conclusion should remain unchanged.",AMBIGUOUS,AMB_ENTITY_UNSPECIFIED; AMB_VERSION_TEMPORAL; AMB_REGULATORY_JURISDICTION; AMB_DOCUMENT_TYPE; AMB_ENDPOINT_TYPE; AMB_SCOPE_OVERLY_BROAD,"The prompt requests a very broad regulatory assessment but does not identify the product, jurisdiction, evidence cutoff, source documents, or precise decision criteria."
PRM-801,"According to FDA USPI revision 16.2, determine whether AXR-417 80 mg extended-release tablets administered once daily require dose reduction in adults with moderate hepatic impairment receiving concomitant strong CYP3A4 inhibition, and specify the recommended alternative regimen if applicable.",VALID,VALID,"Product, strength, formulation, regimen, population, interaction, regulator, document version, and requested alternative are explicit."
PRM-802,"In Phase 3 trial NCT11874521, compare the treatment-policy and hypothetical estimands for overall survival after permanent discontinuation due to Grade 3 treatment-related toxicity in the AXR-417 80 mg QD plus pembrolizumab arm versus pembrolizumab alone.",VALID,VALID,"Trial, phase, treatment arms, dose, schedule, endpoint, estimand strategies, and intercurrent event are explicit."
PRM-803,"From CSR-AXR417-301 version 4.1, extract the incidence of treatment-emergent Grade 3–5 adverse events, serious adverse events, treatment discontinuations, and fatal events separately for patients aged 18–64, 65–74, and ≥75 years.",VALID,VALID,"CSR/version, age strata, safety endpoints, and requested subgroup comparison are explicit."
PRM-804,"According to EMA SmPC version 11.0, identify the dose interruption and permanent discontinuation criteria for BX-721 150 mg oral capsules following Grade 3 ALT elevation accompanied by total bilirubin greater than 2×ULN without an alternative explanation.",VALID,VALID,"Product, strength, formulation, authority, version, laboratory findings, grade, and management criteria are explicit."
PRM-805,"In Phase 2 study NCT11948273, compare steady-state AUC0-24, Cmax, Ctrough, and accumulation ratio for CX-901 200 mg QD immediate-release capsules versus 400 mg Q2W extended-release tablets in patients with eGFR 30–59 mL/min/1.73 m².",VALID,VALID,"Drug, doses, regimens, formulations, PK parameters, and renal population are explicitly defined."
PRM-806,"According to PMDA review report revision 5.4, determine whether the proposed 25 mg QD dose provides Japanese patients with exposure comparable to the exposure associated with efficacy in the global Phase 3 population.",VALID,VALID,"Authority, report version, dose, Japanese population, global comparator population, and exposure-response objective are explicit."
PRM-807,"From Investigator Brochure version 7.3 for DMR-551, identify all dose-limiting toxicities observed during Cycle 1 at dose levels of 50, 100, 200, and 300 mg and indicate which events triggered expansion or de-escalation.",VALID,VALID,"Product, document/version, cycle, dose levels, DLTs, and escalation decisions are explicit."
PRM-808,"In Protocol IMM-442 Amendment 8, determine whether adults aged 18–75 years with controlled brain metastases, prior anti-PD-1 exposure, ECOG 0–1, and creatinine clearance ≥40 mL/min qualify for Cohort C.",VALID,VALID,"Protocol, amendment, age, metastasis status, treatment history, performance status, renal threshold, and cohort are explicit."
PRM-809,"According to MHRA-approved labeling dated 10 March 2026, determine whether ELP-908 300 mg oral tablets require additional monitoring when administered with a moderate CYP2C19 inhibitor in adults with severe renal impairment.",VALID,VALID,"Authority/date, product, dose, route, interaction, renal population, and monitoring question are explicit."
PRM-810,"Compare confirmed ORR, median PFS, median OS, and duration of response between ELP-908 300 mg Q3W plus standard chemotherapy and chemotherapy alone among treatment-naive adults whose tumors demonstrate biomarker expression ≥50%.",VALID,VALID,"Treatment, dose, schedule, comparator, population, biomarker threshold, and efficacy endpoints are explicit."
PRM-811,Determine whether the approved dose should be maintained after the latest exposure-response analysis showed a plateau in efficacy but an exposure-dependent increase in serious adverse events.,AMBIGUOUS,AMB_ENTITY_UNSPECIFIED; AMB_VERSION_TEMPORAL; AMB_DOSAGE_STRENGTH; AMB_ENDPOINT_TYPE,"Drug, exact dose, analysis version, efficacy endpoint, and safety threshold are unspecified."
PRM-812,"Compare the current regimen with the one used in the pivotal study after adjusting for the difference in exposure, treatment duration, and patient baseline characteristics.",AMBIGUOUS,AMB_ENTITY_UNSPECIFIED; AMB_REGIMEN_SCHEDULE; AMB_STUDY_PHASE; AMB_ARM_POPULATION,"Product, exact regimens, pivotal study, exposure adjustment, and populations are unspecified."
PRM-813,Determine whether the newer safety signal is strong enough to invalidate the original benefit-risk conclusion.,AMBIGUOUS,AMB_ENTITY_UNSPECIFIED; AMB_VERSION_TEMPORAL; AMB_ENDPOINT_TYPE; AMB_REGULATORY_JURISDICTION,"Product, safety signal, evidence version, endpoint, and regulatory standard are unspecified."
PRM-814,Compare the higher and lower regimens and determine whether the apparent efficacy advantage outweighs the additional toxicity.,AMBIGUOUS,AMB_ENTITY_UNSPECIFIED; AMB_DOSAGE_STRENGTH; AMB_REGIMEN_SCHEDULE; AMB_ENDPOINT_TYPE,"Drug, dose/regimens, efficacy endpoint, toxicity definition, and decision threshold are missing."
PRM-815,Determine whether the subgroup interaction is sufficiently credible to justify restricting treatment to that subgroup.,AMBIGUOUS,AMB_ENTITY_UNSPECIFIED; AMB_ARM_POPULATION; AMB_ENDPOINT_TYPE; AMB_REGULATORY_JURISDICTION,"Drug, subgroup, endpoint, statistical threshold, and regulatory framework are unspecified."
PRM-816,Does the revised label override the protocol when the two documents specify different dose-adjustment requirements?,AMBIGUOUS,AMB_ENTITY_UNSPECIFIED; AMB_DOCUMENT_TYPE; AMB_VERSION_TEMPORAL; AMB_CONTEXT_CONFLICT; AMB_REGULATORY_JURISDICTION,"Product, label version, protocol version, authority, and applicable jurisdiction are not identified."
PRM-817,Determine whether the apparent improvement in safety after the amendment reflects a true treatment effect or merely a change in the enrolled population.,AMBIGUOUS,AMB_ENTITY_UNSPECIFIED; AMB_VERSION_TEMPORAL; AMB_ARM_POPULATION; AMB_ENDPOINT_TYPE,"Product, amendment, population criteria, safety endpoint, and treatment groups are unspecified."
PRM-818,Compare the clinical relevance of the surrogate endpoint with the long-term outcome and determine which should determine the final recommendation.,AMBIGUOUS,AMB_ENTITY_UNSPECIFIED; AMB_ENDPOINT_TYPE; AMB_REGULATORY_JURISDICTION,"Product, surrogate, long-term outcome, regulator, and decision criteria are missing."
PRM-819,Determine whether the increased exposure observed in impaired patients requires a lower dose even though no corresponding increase in efficacy was observed.,AMBIGUOUS,AMB_ENTITY_UNSPECIFIED; AMB_DOSAGE_STRENGTH; AMB_ARM_POPULATION; AMB_ENDPOINT_TYPE,"Product, dose, impairment category, exposure threshold, and efficacy endpoint are unspecified."
PRM-820,Compare the efficacy results before and after treatment switching and determine which analysis provides the more appropriate estimate of treatment effect.,AMBIGUOUS,AMB_ENTITY_UNSPECIFIED; AMB_COMPARATOR_MISSING; AMB_ENDPOINT_TYPE; AMB_DOCUMENT_TYPE,"Product, treatment groups, switching rules, endpoint, and estimand are unspecified."
PRM-821,"In the current regulatory package, determine whether the evidence supporting the indication remains adequate after excluding patients who violated the updated eligibility criterion.",AMBIGUOUS,AMB_ENTITY_UNSPECIFIED; AMB_VERSION_TEMPORAL; AMB_ARM_POPULATION; AMB_REGULATORY_JURISDICTION,"Product, regulator, eligibility criterion, evidence package, and endpoint are unspecified."
PRM-822,Determine whether the exposure difference between formulations explains the difference in response observed in the confirmatory study.,AMBIGUOUS,AMB_ENTITY_UNSPECIFIED; AMB_ROUTE_FORMULATION; AMB_ENDPOINT_TYPE; AMB_STUDY_PHASE,"Product, formulations, exposure difference, response endpoint, and study identifier are unspecified."
PRM-823,Compare patients receiving combination therapy with those receiving monotherapy after accounting for the interaction between treatment exposure and baseline biomarker status.,AMBIGUOUS,AMB_ENTITY_UNSPECIFIED; AMB_ARM_POPULATION; AMB_DOSAGE_STRENGTH; AMB_ENDPOINT_TYPE,"Drug, combination partner, exposure definition, biomarker, and endpoint are unspecified."
PRM-824,Determine whether the latest follow-up resolves the discrepancy between the interim and final efficacy conclusions.,AMBIGUOUS,AMB_ENTITY_UNSPECIFIED; AMB_VERSION_TEMPORAL; AMB_DOCUMENT_TYPE; AMB_ENDPOINT_TYPE,"Product, follow-up cutoff, reports, endpoint, and discrepancy are unspecified."
PRM-825,Compare the original and revised definitions of treatment failure and determine whether the reported PFS difference remains interpretable.,AMBIGUOUS,AMB_ENTITY_UNSPECIFIED; AMB_VERSION_TEMPORAL; AMB_ENDPOINT_TYPE; AMB_DOCUMENT_TYPE,"Product, document versions, treatment-failure definitions, and study are unspecified."
PRM-826,Determine whether the absence of a clear dose-response relationship invalidates the rationale for selecting the currently recommended dose.,AMBIGUOUS,AMB_ENTITY_UNSPECIFIED; AMB_DOSAGE_STRENGTH; AMB_ENDPOINT_TYPE; AMB_DOCUMENT_TYPE,"Product, dose, exposure/response endpoint, and rationale source are unspecified."
PRM-827,Compare the treatment effect in the original study population with that in the expanded population and determine whether extrapolation remains justified.,AMBIGUOUS,AMB_ENTITY_UNSPECIFIED; AMB_ARM_POPULATION; AMB_ENDPOINT_TYPE; AMB_VERSION_TEMPORAL,"Product, original/expanded populations, endpoint, and evidence versions are unspecified."
PRM-828,Determine whether the additional adverse events identified after commercialization should change the monitoring requirements.,AMBIGUOUS,AMB_ENTITY_UNSPECIFIED; AMB_VERSION_TEMPORAL; AMB_ENDPOINT_TYPE; AMB_REGULATORY_JURISDICTION,"Product, postmarketing cutoff, adverse-event definition, monitoring requirements, and regulator are missing."
PRM-829,Compare the benefit-risk profile of the approved regimen with the lower-exposure regimen used in patients who cannot tolerate standard treatment.,AMBIGUOUS,AMB_ENTITY_UNSPECIFIED; AMB_REGIMEN_SCHEDULE; AMB_DOSAGE_STRENGTH; AMB_ENDPOINT_TYPE,"Product, exact regimens, exposure target, intolerance definition, and outcomes are unspecified."
PRM-830,Determine whether the treatment effect remains robust when patients with major protocol deviations are excluded from the analysis population.,AMBIGUOUS,AMB_ENTITY_UNSPECIFIED; AMB_ARM_POPULATION; AMB_ENDPOINT_TYPE; AMB_DOCUMENT_TYPE,"Product, protocol, endpoint, deviation criteria, and analysis population are unspecified."
PRM-831,"According to FDA label revision 18.0, determine whether GMA-201 200 mg Q3W should be interrupted following Grade 3 immune-mediated colitis requiring hospitalization and corticosteroid treatment.",VALID,"VALID Product, dose, schedule, authority, label version, toxicity grade, seriousness, and management are explicit.",
PRM-832,"In Phase 3 NCT11821043, estimate the difference in restricted mean survival time at 24 months between GMA-201 200 mg Q3W plus pembrolizumab and pembrolizumab alone among patients with PD-L1 CPS ≥20.",VALID,"VALID Trial, phase, treatments, doses, schedule, biomarker, endpoint, time horizon, and comparator are explicit.",
PRM-833,"From CSR-GMA-201-301 version 3.8, identify treatment-emergent adverse events with exposure-adjusted incidence ≥5 events per 100 patient-years and Grade ≥3 severity in the safety population.",VALID,"VALID CSR/version, safety population, severity, and quantitative event threshold are explicit.",
PRM-834,"According to EMA SmPC version 12.1, determine whether GMA-201 requires a 50% dose reduction or permanent discontinuation in patients developing recurrent Grade 3 thrombocytopenia despite one prior dose interruption.",VALID,"VALID Product, authority, version, toxicity, recurrence, previous management, and decision alternatives are explicit.",
PRM-835,"Compare GMA-201 100 mg QD and 200 mg Q2W using Cmax, Ctrough, AUCtau, and time above the pharmacodynamic target in patients with moderate renal impairment.",VALID,"VALID All treatment, dose, schedule, PK/PD parameters, and population details are explicit.",
PRM-836,"Determine whether patients aged 18–75 years with ECOG 0–1, measurable metastatic disease, prior platinum therapy, and creatinine clearance ≥45 mL/min satisfy all inclusion criteria for Cohort F of Protocol GMA-201-06 Amendment 9.",VALID,"VALID Protocol, amendment, age, performance status, disease, treatment history, renal threshold, and cohort are explicit.",
PRM-837,"According to PMDA review report revision 7.2, determine whether the exposure difference between Japanese and non-Japanese subjects was considered clinically meaningful at the 200 mg Q3W dose.",VALID,"VALID Authority, version, populations, dose, exposure comparison, and clinical-significance question are explicit.",
PRM-838,"From IB version 9.0, summarize dose-escalation decisions for cohorts receiving 25, 50, 100, 200, and 300 mg after review of Cycle 1 dose-limiting toxicities.",VALID,"VALID Document/version, doses, cycle, DLT assessment, and decisions are explicit.",
PRM-839,"Compare confirmed ORR, median DoR, PFS, and Grade ≥3 treatment-related adverse events between GMA-201 monotherapy and GMA-201 plus chemotherapy in previously treated adults with biomarker expression ≥75%.",VALID,"VALID Drug, treatment combinations, population, biomarker, and efficacy/safety endpoints are explicit.",
PRM-840,"According to MHRA labeling dated 22 April 2026, determine whether GMA-201 requires additional monitoring during concomitant treatment with a strong CYP3A4 inhibitor in patients with Child-Pugh B hepatic impairment.",VALID,"VALID Authority, date, interaction, product, population, and monitoring question are explicit.",
PRM-841,Determine whether the current regimen remains appropriate after the latest PK analysis demonstrated greater-than-dose-proportional exposure at doses above the approved range.,AMBIGUOUS,AMB_ENTITY_UNSPECIFIED; AMB_VERSION_TEMPORAL; AMB_DOSAGE_STRENGTH; AMB_ENDPOINT_TYPE,"Product, exact dose range, PK analysis version, and decision criteria are unspecified."
PRM-842,Compare the exposure associated with the recommended dose to the exposure observed at the maximum tolerated dose and determine whether the therapeutic margin is adequate.,AMBIGUOUS,AMB_ENTITY_UNSPECIFIED; AMB_DOSAGE_STRENGTH; AMB_STUDY_PHASE; AMB_ENDPOINT_TYPE,"Product, doses, MTD study, exposure thresholds, and therapeutic-margin definition are unspecified."
PRM-843,Determine whether the subgroup with the strongest numerical response should be treated differently despite the absence of a statistically significant interaction.,AMBIGUOUS,AMB_ENTITY_UNSPECIFIED; AMB_ARM_POPULATION; AMB_ENDPOINT_TYPE; AMB_REGULATORY_JURISDICTION,"Product, subgroup, endpoint, statistical threshold, and regulatory framework are unspecified."
PRM-844,Compare the efficacy observed in the original trial with that observed after commercialization and determine whether differences in adherence explain the discrepancy.,AMBIGUOUS,AMB_ENTITY_UNSPECIFIED; AMB_DOCUMENT_TYPE; AMB_ARM_POPULATION; AMB_ENDPOINT_TYPE,"Product, datasets, adherence definition, efficacy endpoint, and populations are unspecified."
PRM-845,Determine whether the revised eligibility criteria make the amended study population too different from the original population for direct comparison.,AMBIGUOUS,AMB_ENTITY_UNSPECIFIED; AMB_VERSION_TEMPORAL; AMB_ARM_POPULATION; AMB_ENDPOINT_TYPE,"Product, study, versions, population criteria, and comparison endpoint are missing."
PRM-846,Compare the safety signal under continuous dosing with that under intermittent dosing after adjusting for cumulative exposure.,AMBIGUOUS,AMB_ENTITY_UNSPECIFIED; AMB_REGIMEN_SCHEDULE; AMB_DOSAGE_STRENGTH; AMB_ENDPOINT_TYPE,"Product, schedules, dose, cumulative exposure, and safety endpoint are unspecified."
PRM-847,Determine whether the observed pharmacodynamic effect is sufficient to justify the current clinical dose even though the exposure target was derived from a different population.,AMBIGUOUS,AMB_ENTITY_UNSPECIFIED; AMB_DOSAGE_STRENGTH; AMB_ARM_POPULATION; AMB_ENDPOINT_TYPE,"Product, dose, PD endpoint, exposure target, and populations are unspecified."
PRM-848,Compare treatment discontinuations between the initial and amended protocols and determine whether the amendment improved tolerability without reducing efficacy.,AMBIGUOUS,AMB_ENTITY_UNSPECIFIED; AMB_VERSION_TEMPORAL; AMB_ENDPOINT_TYPE; AMB_REGIMEN_SCHEDULE,"Product, protocols, amendment, discontinuation definition, and efficacy endpoint are unspecified."
PRM-849,Determine whether the real-world safety profile is consistent with the safety profile used to support approval.,AMBIGUOUS,AMB_ENTITY_UNSPECIFIED; AMB_DOCUMENT_TYPE; AMB_VERSION_TEMPORAL; AMB_REGULATORY_JURISDICTION,"Product, real-world source, approval package, regulator, and safety definitions are unspecified."
PRM-850,Compare the treatment effect under different estimand strategies and determine which conclusion should be considered primary for regulatory decision-making.,AMBIGUOUS,AMB_ENTITY_UNSPECIFIED; AMB_ENDPOINT_TYPE; AMB_REGULATORY_JURISDICTION; AMB_DOCUMENT_TYPE,"Product, endpoint, estimands, and regulator are unspecified."
PRM-852,Compare the efficacy and safety of the two formulations after accounting for differences in bioavailability and patient adherence.,AMBIGUOUS,AMB_ENTITY_UNSPECIFIED; AMB_ROUTE_FORMULATION; AMB_ENDPOINT_TYPE; AMB_ARM_POPULATION,"Product, formulations, endpoints, bioavailability difference, and populations are unspecified."
PRM-853,Determine whether the treatment effect remains clinically meaningful when evaluated using the more conservative endpoint definition introduced in the latest amendment.,AMBIGUOUS,AMB_ENTITY_UNSPECIFIED; AMB_VERSION_TEMPORAL; AMB_ENDPOINT_TYPE,"Product, amendment, endpoint definitions, and effect threshold are unspecified."
PRM-854,"Compare the safety findings from the pivotal trial, extension study, and postmarketing surveillance dataset and determine whether they support a common causal interpretation.",AMBIGUOUS,AMB_ENTITY_UNSPECIFIED; AMB_DOCUMENT_TYPE; AMB_VERSION_TEMPORAL; AMB_ENDPOINT_TYPE; AMB_SCOPE_OVERLY_BROAD,"Product, datasets, event definitions, evidence cutoff, and causal framework are unspecified."
PRM-855,Determine whether the observed difference in overall survival is attributable to the treatment or to the imbalance in subsequent therapies.,AMBIGUOUS,AMB_ENTITY_UNSPECIFIED; AMB_COMPARATOR_MISSING; AMB_ENDPOINT_TYPE; AMB_ARM_POPULATION,"Product, treatment groups, OS analysis, and subsequent-therapy definitions are unspecified."
PRM-856,Compare the exposure distribution in responders and nonresponders and determine whether the observed association supports therapeutic drug monitoring.,AMBIGUOUS,AMB_ENTITY_UNSPECIFIED; AMB_DOSAGE_STRENGTH; AMB_ENDPOINT_TYPE; AMB_REGULATORY_JURISDICTION,"Product, exposure levels, response definition, and TDM decision standard are missing."
PRM-857,Determine whether the treatment should be continued in patients who experience radiographic progression but maintain stable symptoms and biomarker improvement.,AMBIGUOUS,AMB_ENTITY_UNSPECIFIED; AMB_ENDPOINT_TYPE; AMB_REGIMEN_SCHEDULE; AMB_ARM_POPULATION,"Product, progression criteria, symptom definition, biomarker, and continuation rules are unspecified."
PRM-858,Compare the current approved regimen with the regimen recommended in the latest investigator guidance and determine which should be followed.,AMBIGUOUS,AMB_ENTITY_UNSPECIFIED; AMB_VERSION_TEMPORAL; AMB_DOCUMENT_TYPE; AMB_REGULATORY_JURISDICTION,"Product, regulator, guidance version, dose, and applicable jurisdiction are unspecified."
PRM-859,Determine whether the difference in efficacy between biomarker-positive and biomarker-negative patients is sufficient to support a companion diagnostic requirement.,AMBIGUOUS,AMB_ENTITY_UNSPECIFIED; AMB_ARM_POPULATION; AMB_ENDPOINT_TYPE; AMB_REGULATORY_JURISDICTION,"Product, biomarker, endpoint, diagnostic threshold, and regulatory authority are unspecified."
PRM-860,Compare the incidence of severe adverse events after dose escalation with that during the maintenance period and determine whether cumulative exposure is responsible.,AMBIGUOUS,AMB_ENTITY_UNSPECIFIED; AMB_DOSAGE_STRENGTH; AMB_REGIMEN_SCHEDULE; AMB_ENDPOINT_TYPE,"Product, doses, periods, exposure definition, and safety endpoint are unspecified."
PRM-861,"According to FDA USPI revision 13.7, determine whether NOP-661 50 mg QD should be permanently discontinued after recurrent Grade 4 neutropenia despite two prior dose reductions.",VALID,VALID,"Product, dose, schedule, authority, version, severity, recurrence, and prior modifications are explicit."
PRM-862,"In Phase 3 NCT11899231, compare NOP-661 50 mg QD versus placebo for OS and PFS in adults with previously untreated metastatic disease and ECOG 0–1.",VALID,VALID,"Trial, phase, treatment, dose, schedule, comparator, population, and endpoints are explicit."
PRM-863,"According to EMA SmPC version 6.8, determine whether dose modification is required for NOP-661 when administered with a moderate CYP3A4 inhibitor in patients with eGFR 30–59 mL/min/1.73 m².",VALID,VALID,"Product, authority, version, interaction, dose, and renal population are explicit."
PRM-864,"From CSR-NOP661-301 version 5.0, extract treatment-emergent serious adverse events occurring from first dose through 30 days after treatment discontinuation, stratified by age group and renal-function category.",VALID,VALID,"CSR/version, observation period, safety endpoint, and stratification variables are explicit."
PRM-865,"Compare steady-state Cmax, Ctrough, AUCtau, and accumulation ratio after 50 mg QD and 100 mg QD administration in subjects with normal renal function and moderate renal impairment.",VALID,VALID,"Drug doses, regimens, PK parameters, and populations are explicit."
PRM-866,"According to PMDA review report revision 4.1, determine whether the proposed Japanese dose was selected using exposure matching to the global efficacy population.",VALID,VALID,"Authority, report version, population, dose-selection method, and comparison population are explicit."
PRM-867,"In Protocol NOP-661-02 Amendment 6, determine whether patients aged 65–80 years with prior immunotherapy and controlled CNS metastases satisfy the eligibility criteria for Expansion Cohort B.",VALID,VALID,"Protocol, amendment, age, treatment history, metastasis status, and cohort are explicit."
PRM-868,"From IB version 8.1, summarize all dose-limiting toxicities observed during Cycle 1 and identify the dose level at which the maximum tolerated dose was declared.",VALID,VALID,"Source, version, DLT period, and MTD determination are explicit."
PRM-869,"According to MHRA product information dated 3 June 2026, identify monitoring requirements for NOP-661 in patients with severe hepatic impairment receiving a strong CYP3A4 inhibitor.",VALID,VALID,"Authority/date, product, population, interaction, and requested monitoring are explicit."
PRM-870,"Compare confirmed ORR, duration of response, and Grade ≥3 treatment-related adverse events between NOP-661 monotherapy and combination therapy among patients with biomarker expression ≥90%.",VALID,VALID,"Drug, treatment arms, biomarker threshold, and efficacy/safety endpoints are explicit."
PRM-871,Determine whether the approved dose remains justified based on the latest efficacy and safety evidence.,AMBIGUOUS,AMB_ENTITY_UNSPECIFIED; AMB_VERSION_TEMPORAL; AMB_DOSAGE_STRENGTH; AMB_ENDPOINT_TYPE,"Product, dose, evidence cutoff, efficacy/safety definitions, and regulatory standard are unspecified."
PRM-872,Compare the two approved regimens and determine whether one has a superior benefit-risk profile in elderly patients.,AMBIGUOUS,AMB_ENTITY_UNSPECIFIED; AMB_REGIMEN_SCHEDULE; AMB_ARM_POPULATION; AMB_ENDPOINT_TYPE,"Product, regimens, elderly definition, and benefit-risk criteria are missing."
PRM-873,Determine whether the latest postmarketing signal should alter the current contraindications.,AMBIGUOUS,AMB_ENTITY_UNSPECIFIED; AMB_VERSION_TEMPORAL; AMB_REGULATORY_JURISDICTION; AMB_ENDPOINT_TYPE,"Product, signal, cutoff, regulator, and contraindication criteria are unspecified."
PRM-874,Compare the clinical trial results with the real-world findings and determine whether the treatment effect is reproducible.,AMBIGUOUS,AMB_ENTITY_UNSPECIFIED; AMB_DOCUMENT_TYPE; AMB_ENDPOINT_TYPE; AMB_ARM_POPULATION,"Product, datasets, endpoint, and populations are unspecified."
PRM-875,Determine whether the lower dose should be preferred in patients with reduced clearance despite the absence of a defined exposure threshold for toxicity.,AMBIGUOUS,AMB_ENTITY_UNSPECIFIED; AMB_DOSAGE_STRENGTH; AMB_ARM_POPULATION; AMB_ENDPOINT_TYPE,"Product, doses, impairment, toxicity endpoint, and decision threshold are missing."
PRM-876,Compare the original and amended protocols to determine whether the observed change in response is attributable to treatment or patient selection.,AMBIGUOUS,AMB_ENTITY_UNSPECIFIED; AMB_VERSION_TEMPORAL; AMB_ARM_POPULATION; AMB_ENDPOINT_TYPE,"Product, protocols, populations, endpoint, and treatment arms are unspecified."
PRM-877,Determine whether the apparent improvement in survival remains after accounting for treatment switching and crossover.,AMBIGUOUS,AMB_ENTITY_UNSPECIFIED; AMB_ENDPOINT_TYPE; AMB_COMPARATOR_MISSING; AMB_ARM_POPULATION,"Product, treatment arms, OS definition, switching/crossover rules, and estimand are missing."
PRM-878,Compare the exposure achieved in the approved population with that observed in the original development population and determine whether dose adjustment is warranted.,AMBIGUOUS,AMB_ENTITY_UNSPECIFIED; AMB_DOSAGE_STRENGTH; AMB_ARM_POPULATION; AMB_ENDPOINT_TYPE,"Product, dose, populations, exposure threshold, and adjustment criteria are unspecified."
PRM-879,Determine whether the subgroup analysis is sufficiently prespecified to support a formal label claim.,AMBIGUOUS,AMB_ENTITY_UNSPECIFIED; AMB_ARM_POPULATION; AMB_DOCUMENT_TYPE; AMB_REGULATORY_JURISDICTION,"Product, subgroup, protocol/SAP, and regulator are unspecified."
PRM-880,Compare the safety profile before and after the risk-minimization intervention and determine whether the intervention was successful.,AMBIGUOUS,AMB_ENTITY_UNSPECIFIED; AMB_VERSION_TEMPORAL; AMB_ENDPOINT_TYPE,"Product, intervention, periods, safety endpoint, and success criterion are unspecified."
PRM-881,Determine whether the exposure-response relationship supports maintaining the current dose in patients with moderate hepatic impairment despite the higher observed exposure.,AMBIGUOUS,AMB_ENTITY_UNSPECIFIED; AMB_DOSAGE_STRENGTH; AMB_ARM_POPULATION; AMB_ENDPOINT_TYPE,"Product, dose, hepatic category, exposure threshold, and response endpoint are unspecified."
PRM-882,Compare the treatment effect using the primary analysis and the sensitivity analysis after excluding protocol violators.,AMBIGUOUS,AMB_ENTITY_UNSPECIFIED; AMB_ENDPOINT_TYPE; AMB_ARM_POPULATION; AMB_DOCUMENT_TYPE,"Product, endpoint, protocol violations, and analysis plan are unspecified."
PRM-883,Determine whether the new formulation is therapeutically equivalent to the formulation used in the pivotal study.,AMBIGUOUS,AMB_ENTITY_UNSPECIFIED; AMB_ROUTE_FORMULATION; AMB_STUDY_PHASE; AMB_ENDPOINT_TYPE,"Product, formulations, equivalence criteria, and pivotal study are unspecified."
PRM-884,Compare response duration between patients who maintained treatment and those who discontinued because of adverse events.,AMBIGUOUS,AMB_ENTITY_UNSPECIFIED; AMB_ARM_POPULATION; AMB_ENDPOINT_TYPE; AMB_REGIMEN_SCHEDULE,"Product, duration endpoint, discontinuation rules, and treatment exposure are unspecified."
PRM-885,Determine whether the absence of a statistically significant interaction means that the treatment should be considered equally effective across subgroups.,AMBIGUOUS,AMB_ENTITY_UNSPECIFIED; AMB_ARM_POPULATION; AMB_ENDPOINT_TYPE,"Product, subgroups, endpoint, and statistical framework are unspecified."
PRM-886,Compare the current approved indication with the indication proposed in the latest regulatory submission.,AMBIGUOUS,AMB_ENTITY_UNSPECIFIED; AMB_REGULATORY_JURISDICTION; AMB_VERSION_TEMPORAL; AMB_DOCUMENT_TYPE,"Product, authority, submission version, and exact indications are unspecified."
PRM-887,Determine whether the dose escalation strategy remains appropriate after observing nonlinear pharmacokinetics at the upper dose levels.,AMBIGUOUS,AMB_ENTITY_UNSPECIFIED; AMB_DOSAGE_STRENGTH; AMB_STUDY_PHASE; AMB_ENDPOINT_TYPE,"Product, dose levels, PK analysis, and decision criteria are unspecified."
PRM-888,Compare efficacy between patients with and without concomitant medication use after adjusting for exposure differences.,AMBIGUOUS,AMB_ENTITY_UNSPECIFIED; AMB_ARM_POPULATION; AMB_DOSAGE_STRENGTH; AMB_ENDPOINT_TYPE,"Product, medication, exposure definition, endpoint, and population are unspecified."
PRM-889,Determine whether the latest evidence supports continued use in patients with the relevant comorbidity.,AMBIGUOUS,AMB_ENTITY_UNSPECIFIED; AMB_VERSION_TEMPORAL; AMB_ARM_POPULATION; AMB_REGULATORY_JURISDICTION,"Product, evidence version, comorbidity, endpoint, and regulatory framework are unspecified."
PRM-890,Compare the safety conclusions in the CSR and regulatory review and determine which one should be considered definitive.,AMBIGUOUS,AMB_ENTITY_UNSPECIFIED; AMB_DOCUMENT_TYPE; AMB_REGULATORY_JURISDICTION; AMB_VERSION_TEMPORAL,"Product, CSR, regulator, versions, and safety-analysis definitions are unspecified."
PRM-891,"According to FDA USPI revision 15.4, determine whether QRS-114 40 mg BID immediate-release capsules require dose interruption following recurrent Grade 3 bilirubin elevation with concomitant ALT elevation exceeding 5×ULN.",VALID,VALID,"Product, strength, formulation, regimen, authority/version, laboratory abnormalities, recurrence, and requested management are explicit."
PRM-892,"In Phase 3 NCT11920384, compare QRS-114 40 mg BID plus standard therapy against standard therapy alone for PFS and OS in adults with previously untreated advanced disease and biomarker score ≥10.",VALID,VALID,"Trial, phase, drug, dose, regimen, comparator, population, biomarker, and endpoints are explicit."
PRM-893,"According to EMA SmPC version 10.6, determine whether QRS-114 dose reduction is required when administered with a strong CYP3A inhibitor in patients with Child-Pugh B hepatic impairment.",VALID,VALID,"Product, authority/version, interaction, hepatic category, and dosing question are explicit."
PRM-894,"From CSR-QRS114-301 version 6.2, calculate exposure-adjusted rates of Grade ≥3 treatment-emergent adverse events per 100 patient-years in the 40 mg BID and 80 mg BID arms.",VALID,VALID,"CSR/version, doses, safety endpoint, severity, and quantitative exposure adjustment are explicit."
PRM-895,"Compare AUCtau, Cmax, Ctrough, and accumulation ratio for QRS-114 40 mg BID in subjects with normal renal function versus severe renal impairment, using the steady-state PK dataset from Study QRS-114-07.",VALID,VALID,"Drug, dose, schedule, PK parameters, renal populations, and study are explicit."
PRM-896,"According to PMDA review report revision 4.7, determine whether the approved Japanese dose of 40 mg BID was supported by exposure matching to the global Phase 3 efficacy population.",VALID,VALID,"Authority, revision, dose, population comparison, and exposure-matching rationale are explicit."
PRM-897,"In Protocol QRS-114-09 Amendment 5, determine whether patients aged 70–85 years with prior platinum exposure, ECOG 0–1, controlled CNS metastases, and CrCl ≥30 mL/min qualify for Cohort D.",VALID,VALID,"Protocol, amendment, age, treatment history, performance status, metastases, renal threshold, and cohort are explicit."
PRM-898,"From IB version 6.9, identify dose-limiting toxicities observed during Cycle 1 at 20, 40, 80, and 120 mg and determine which dose was selected for Phase 2 expansion.",VALID,VALID,"IB/version, cycle, dose levels, DLTs, and development decision are explicit."
PRM-899,"According to MHRA labeling dated 18 May 2026, determine whether QRS-114 requires additional hepatic monitoring in patients receiving concomitant strong CYP3A inhibition and summarize the specified monitoring interval.",VALID,VALID,"Authority/date, drug, interaction, population, monitoring requirement, and interval are explicit."
PRM-900,"In Phase 3 NCT11920384, determine whether the treatment-policy estimand for OS remains interpretable after protocol-defined treatment switching, and separately compare the restricted mean survival time at 24 months between QRS-114 40 mg BID plus standard therapy and standard therapy alone among biomarker-high patients aged ≥65 years.",VALID,VALID,"Trial, treatment, dose, schedule, population, biomarker subgroup, age, estimand, switching event, OS, RMST, time horizon, and comparator are all explicitly defined."
PRM-901,"In Phase 3 trial NCT11920384, using the treatment-policy estimand specified in SAP version 4.2, determine whether QRS-114 40 mg BID plus standard therapy maintains a statistically significant OS benefit versus standard therapy alone after accounting for protocol-defined treatment switching, and separately compare 24-month restricted mean survival time, 18-month landmark PFS, confirmed ORR, and Grade ≥3 treatment-emergent adverse events in the biomarker-high population (biomarker score ≥10) aged ≥65 years with ECOG 0–1. Perform the efficacy comparison using the intention-to-treat population and the safety comparison using the treated-as-received population, and determine whether the consistency of these results supports the approved benefit-risk profile.",VALID,VALID,"Trial ID, phase, treatment, dose, schedule, comparator, estimand, SAP version, treatment-switching rule, OS, RMST time point, landmark PFS, ORR, safety endpoint, biomarker threshold, age, ECOG status, efficacy population, safety population, and benefit-risk assessment are explicitly specified."
PRM-903,"Using CSR-AXM742-301 Amendment 6, calculate exposure-adjusted incidence rates of Grade 3–5 treatment-emergent adverse events and fatal adverse events per 100 patient-years separately for patients aged 18–64, 65–74, and ≥75 years.",VALID,VALID,"CSR amendment, age strata, event definitions, severity, and exposure-adjusted metric are explicit."
PRM-904,"According to EMA SmPC version 13.4, determine the recommended management of AXM-742 120 mg QD after first occurrence of Grade 3 pneumonitis, recurrence following rechallenge, and subsequent Grade 4 pneumonitis, distinguishing temporary interruption from permanent discontinuation.",VALID,VALID,"Product, dose, schedule, authority, version, toxicity grades, recurrence, rechallenge, and requested management distinctions are explicit."
PRM-905,"From Study AXM742-PK-09, compare single-dose and steady-state AUC0-inf, AUCtau, Cmax, Ctrough, half-life, and accumulation ratio after AXM-742 120 mg QD in subjects with normal renal function versus severe renal impairment.",VALID,VALID,"Study, drug, dose, regimen, PK states, PK parameters, and renal populations are explicit."
PRM-906,"According to PMDA review report revision 8.3, determine whether the 120 mg QD dose selected for Japanese patients was justified despite a 1.42-fold higher geometric mean AUC relative to the non-Japanese population, given that the exposure remained within the established Phase 2 exposure-response range.",VALID,VALID,"Authority, version, dose, populations, quantitative exposure difference, comparator range, and rationale are explicit."
PRM-907,"In Protocol AXM742-11 Amendment 9, determine whether a patient aged 72 years with ECOG 1, controlled asymptomatic brain metastases, prior anti-PD-1 therapy, CrCl 42 mL/min, AST 1.4×ULN, ALT 1.2×ULN, and bilirubin 1.1×ULN meets every inclusion and exclusion criterion for Expansion Cohort C.",VALID,VALID,"Protocol, amendment, demographic, performance, CNS status, prior therapy, renal and hepatic laboratory values, and cohort are explicit."
PRM-908,"From Investigator Brochure version 10.2, identify all Cycle 1 dose-limiting toxicities at 60, 120, 240, and 360 mg, distinguish treatment-related from unrelated events, and identify the dose at which the safety review committee recommended expansion.",VALID,VALID,"Document/version, cycle, doses, DLT classification, causality, and committee decision are explicit."
PRM-909,"According to MHRA-approved labeling dated 21 June 2026, determine whether AXM-742 120 mg QD requires additional monitoring or dose modification when coadministered with a strong CYP3A4/P-gp dual inhibitor in patients with moderate hepatic impairment.",VALID,VALID,"Authority/date, drug, dose, regimen, interaction, hepatic population, and requested management are explicit."
PRM-910,"In Phase 3 NCT12038471, compare confirmed ORR, DoR, PFS, OS, and Grade ≥3 treatment-related adverse events between biomarker-high patients receiving AXM-742 120 mg QD plus chemotherapy and biomarker-high patients receiving chemotherapy alone, using the prespecified primary analysis population.",VALID,VALID,"Trial, treatment arms, dose, biomarker subgroup, endpoints, severity, comparator, and analysis population are explicit."
PRM-911,Determine whether the current approved regimen remains appropriate after the latest exposure-response analysis demonstrated a plateau in efficacy above the target exposure while serious toxicity continued to increase with exposure.,AMBIGUOUS,AMB_ENTITY_UNSPECIFIED; AMB_VERSION_TEMPORAL; AMB_DOSAGE_STRENGTH; AMB_ENDPOINT_TYPE,"Drug, exact regimen, analysis version, exposure thresholds, efficacy endpoint, and toxicity definition are unspecified."
PRM-912,Compare the exposure at the recommended dose with the exposure at the maximum tolerated dose and determine whether the therapeutic window is sufficiently wide for routine clinical use.,AMBIGUOUS,AMB_ENTITY_UNSPECIFIED; AMB_DOSAGE_STRENGTH; AMB_STUDY_PHASE; AMB_ENDPOINT_TYPE,"Product, exact doses, study, exposure metrics, therapeutic-window definition, and clinical criterion are missing."
PRM-913,Determine whether the updated benefit-risk assessment overturns the conclusion reached at the time of approval.,AMBIGUOUS,AMB_ENTITY_UNSPECIFIED; AMB_VERSION_TEMPORAL; AMB_REGULATORY_JURISDICTION; AMB_DOCUMENT_TYPE,"Drug, approval authority, evidence versions, and benefit-risk framework are unspecified."
PRM-914,Compare the higher and lower exposure groups and determine whether the difference in efficacy remains after adjustment for baseline prognosis.,AMBIGUOUS,AMB_ENTITY_UNSPECIFIED; AMB_DOSAGE_STRENGTH; AMB_ARM_POPULATION; AMB_ENDPOINT_TYPE,"Product, exposure cutoffs, endpoint, population, and adjustment model are unspecified."
PRM-915,Determine whether the subgroup with the numerically largest treatment effect should become the restricted indication despite the interaction test being nonsignificant.,AMBIGUOUS,AMB_ENTITY_UNSPECIFIED; AMB_ARM_POPULATION; AMB_ENDPOINT_TYPE; AMB_REGULATORY_JURISDICTION,"Product, subgroup, endpoint, interaction framework, and regulatory jurisdiction are unspecified."
PRM-916,Does the revised protocol supersede the approved labeling when the dose-adjustment criteria are different?,AMBIGUOUS,AMB_ENTITY_UNSPECIFIED; AMB_DOCUMENT_TYPE; AMB_VERSION_TEMPORAL; AMB_CONTEXT_CONFLICT; AMB_REGULATORY_JURISDICTION,"Product, protocol/label versions, authority, jurisdiction, and applicable context are missing."
PRM-917,Determine whether the apparent improvement in safety after the amendment is attributable to the treatment change or to differences in patient selection.,AMBIGUOUS,AMB_ENTITY_UNSPECIFIED; AMB_VERSION_TEMPORAL; AMB_ARM_POPULATION; AMB_ENDPOINT_TYPE,"Product, amendment, treatment change, populations, and safety endpoint are unspecified."
PRM-918,Compare the surrogate endpoint and long-term clinical outcome and determine which provides stronger evidence for maintaining the indication.,AMBIGUOUS,AMB_ENTITY_UNSPECIFIED; AMB_ENDPOINT_TYPE; AMB_REGULATORY_JURISDICTION,"Product, surrogate, long-term outcome, indication, and regulatory evidentiary standard are unspecified."
PRM-919,Determine whether increased exposure in impaired patients warrants dose reduction even though efficacy was unchanged across the exposure quartiles.,AMBIGUOUS,AMB_ENTITY_UNSPECIFIED; AMB_DOSAGE_STRENGTH; AMB_ARM_POPULATION; AMB_ENDPOINT_TYPE,"Product, exact dose, impairment category, efficacy endpoint, and toxicity threshold are missing."
PRM-920,Compare efficacy before and after treatment switching and determine which analysis provides the least biased estimate of treatment effect.,AMBIGUOUS,AMB_ENTITY_UNSPECIFIED; AMB_COMPARATOR_MISSING; AMB_ENDPOINT_TYPE; AMB_DOCUMENT_TYPE,"Product, trial, treatment arms, endpoint, switching rules, and estimand are unspecified."
PRM-921,Determine whether the indication remains adequately supported after excluding all patients who violated the newly introduced eligibility criterion.,AMBIGUOUS,AMB_ENTITY_UNSPECIFIED; AMB_VERSION_TEMPORAL; AMB_ARM_POPULATION; AMB_REGULATORY_JURISDICTION,"Product, eligibility amendment, population, indication, and regulator are unspecified."
PRM-922,Compare the exposure-response relationships for the oral and intravenous formulations and determine whether formulation differences explain the observed efficacy discrepancy.,AMBIGUOUS,AMB_ENTITY_UNSPECIFIED; AMB_ROUTE_FORMULATION; AMB_ENDPOINT_TYPE,"Product, formulations, exposure metrics, efficacy endpoint, and study populations are unspecified."
PRM-923,Determine whether combination therapy retains an efficacy advantage after accounting for the interaction between treatment exposure and baseline biomarker status.,AMBIGUOUS,AMB_ENTITY_UNSPECIFIED; AMB_ARM_POPULATION; AMB_DOSAGE_STRENGTH; AMB_ENDPOINT_TYPE,"Product, combination partner, exposure, biomarker definition, and endpoint are missing."
PRM-924,Determine whether the latest follow-up resolves the discrepancy between the interim efficacy analysis and the final efficacy analysis.,AMBIGUOUS,AMB_ENTITY_UNSPECIFIED; AMB_VERSION_TEMPORAL; AMB_DOCUMENT_TYPE; AMB_ENDPOINT_TYPE,"Product, cutoff dates, reports, endpoint, and discrepancy are unspecified."
PRM-925,Compare the original and revised treatment-failure definitions and determine whether the reported PFS hazard ratio remains interpretable.,AMBIGUOUS,AMB_ENTITY_UNSPECIFIED; AMB_VERSION_TEMPORAL; AMB_ENDPOINT_TYPE; AMB_DOCUMENT_TYPE,"Product, protocol versions, treatment-failure definitions, PFS analysis, and source document are unspecified."
PRM-926,Determine whether the lack of a monotonic dose-response relationship invalidates the rationale for selecting the current clinical dose.,AMBIGUOUS,AMB_ENTITY_UNSPECIFIED; AMB_DOSAGE_STRENGTH; AMB_ENDPOINT_TYPE; AMB_DOCUMENT_TYPE,"Product, doses, response endpoint, dose-selection rationale, and source are unspecified."
PRM-927,Compare the original trial population with the expanded indication population and determine whether extrapolation remains scientifically justified.,AMBIGUOUS,AMB_ENTITY_UNSPECIFIED; AMB_ARM_POPULATION; AMB_ENDPOINT_TYPE; AMB_REGULATORY_JURISDICTION,"Product, populations, endpoints, extrapolation criteria, and regulator are unspecified."
PRM-928,Determine whether additional postmarketing adverse-event reports warrant changing the current monitoring recommendations.,AMBIGUOUS,AMB_ENTITY_UNSPECIFIED; AMB_VERSION_TEMPORAL; AMB_ENDPOINT_TYPE; AMB_REGULATORY_JURISDICTION,"Product, monitoring document, safety signal, evidence cutoff, and authority are unspecified."
PRM-929,Compare the benefit-risk profile of the approved regimen with the lower-exposure regimen used for patients who are unable to tolerate standard treatment.,AMBIGUOUS,AMB_ENTITY_UNSPECIFIED; AMB_REGIMEN_SCHEDULE; AMB_DOSAGE_STRENGTH; AMB_ENDPOINT_TYPE,"Product, exact regimens, intolerance definition, exposure target, and benefit-risk endpoints are missing."
PRM-930,Determine whether the treatment effect remains robust after removing patients with major protocol deviations from the primary analysis population.,AMBIGUOUS,AMB_ENTITY_UNSPECIFIED; AMB_ARM_POPULATION; AMB_ENDPOINT_TYPE; AMB_DOCUMENT_TYPE,"Product, endpoint, protocol deviation definition, and analysis population are unspecified."
PRM-931,"According to FDA USPI revision 21.0, determine whether BXM-318 75 mg Q2W requires permanent discontinuation following Grade 4 immune-mediated hepatitis after a previous Grade 3 event that resolved following corticosteroid treatment.",VALID,VALID,"Product, dose, schedule, authority/version, toxicity grades, recurrence, prior management, and action are explicit."
PRM-932,"In Phase 3 NCT12187402, estimate the treatment difference in RMST through 24 months and compare it with the HR for OS for BXM-318 75 mg Q2W plus standard therapy versus standard therapy alone in patients aged ≥65 years with biomarker expression ≥50%.",VALID,VALID,"Trial, phase, treatment, dose, schedule, population, biomarker, age, OS, RMST, HR, and time horizon are explicit."
PRM-933,"According to EMA SmPC version 15.2, determine whether BXM-318 requires dose interruption for Grade 3 diarrhea and permanent discontinuation for recurrent Grade 3 diarrhea occurring within 14 days after rechallenge.",VALID,VALID,"Product, authority/version, toxicity grade, recurrence, rechallenge, timing, and management are explicit."
PRM-934,"From CSR-BXM318-401 version 7.0, compare exposure-adjusted rates of serious adverse events between patients with normal hepatic function, Child-Pugh A, and Child-Pugh B impairment.",VALID,VALID,"CSR/version, safety metric, and hepatic-function categories are explicit."
PRM-935,"Compare BXM-318 75 mg Q2W with BXM-318 150 mg Q4W using steady-state AUCtau, Cmax, Ctrough, and pharmacodynamic target attainment in patients with eGFR 30–59.",VALID,VALID,"Doses, schedules, PK/PD parameters, and renal population are explicit."
PRM-936,"According to PMDA review report revision 9.0, determine whether the Japanese 75 mg Q2W dose was selected because exposure exceeded that observed in Western patients but remained within the exposure associated with maximal efficacy.",VALID,VALID,"Authority/version, dose, populations, exposure difference, and efficacy rationale are explicit."
PRM-937,"In Protocol BXM318-08 Amendment 11, determine whether a patient aged 68 years with ECOG 1, controlled CNS metastases, prior platinum therapy, CrCl 48 mL/min, and bilirubin 1.0×ULN qualifies for Expansion Cohort E.",VALID,VALID,"Protocol, amendment, age, CNS status, prior therapy, renal function, laboratory value, and cohort are explicit."
PRM-938,"From IB version 11.4, identify DLTs occurring during Cycle 1 at 75, 150, and 300 mg and determine whether the 150 mg dose met the prespecified expansion criteria.",VALID,VALID,"IB/version, dose levels, cycle, DLT definition, and expansion criterion are explicit."
PRM-939,"According to MHRA labeling dated 30 July 2026, determine whether BXM-318 requires additional ECG monitoring when coadministered with a QT-prolonging medication in patients with baseline QTcF >470 ms.",VALID,VALID,"Authority/date, drug, interaction, ECG endpoint, and QTc threshold are explicit."
PRM-940,"Compare confirmed ORR, DoR, PFS, OS, and Grade ≥3 treatment-related adverse events between BXM-318 monotherapy and BXM-318 plus chemotherapy in previously treated biomarker-high patients.",AMBIGUOUS,AMB_DOSAGE_STRENGTH; AMB_ARM_POPULATION; AMB_ENDPOINT_TYPE,"Although drug and treatment arms are specified, exact dose, biomarker threshold, and endpoint definitions/population details are insufficient."
PRM-941,Determine whether the newly observed increase in QTc prolongation requires a change in the recommended dose.,AMBIGUOUS,AMB_ENTITY_UNSPECIFIED; AMB_DOSAGE_STRENGTH; AMB_ENDPOINT_TYPE; AMB_VERSION_TEMPORAL,"Product, dose, QTc threshold, population, and evidence version are missing."
PRM-942,Compare patients with adequate target exposure to those below target and determine whether underexposure explains the reduced response.,AMBIGUOUS,AMB_ENTITY_UNSPECIFIED; AMB_DOSAGE_STRENGTH; AMB_ENDPOINT_TYPE; AMB_ARM_POPULATION,"Product, exposure threshold, response definition, and populations are unspecified."
PRM-943,Determine whether the current label adequately reflects the latest evidence on the subgroup with impaired clearance.,AMBIGUOUS,AMB_ENTITY_UNSPECIFIED; AMB_VERSION_TEMPORAL; AMB_REGULATORY_JURISDICTION; AMB_ARM_POPULATION,"Product, label version, authority, impairment definition, and evidence cutoff are unspecified."
PRM-944,Compare the efficacy of the approved dose with the dose used in the extension study after accounting for different treatment durations.,AMBIGUOUS,AMB_ENTITY_UNSPECIFIED; AMB_DOSAGE_STRENGTH; AMB_DOCUMENT_TYPE; AMB_REGIMEN_SCHEDULE,"Product, exact doses, extension study, endpoints, and treatment durations are unspecified."
PRM-945,Determine whether the apparent survival benefit is robust to informative censoring and treatment switching.,AMBIGUOUS,AMB_ENTITY_UNSPECIFIED; AMB_ENDPOINT_TYPE; AMB_COMPARATOR_MISSING,"Product, survival endpoint, censoring assumptions, switching rules, and estimand are unspecified."
PRM-946,Compare the regulatory interpretation of the safety signal with the interpretation presented by the sponsor in the latest clinical report.,AMBIGUOUS,AMB_ENTITY_UNSPECIFIED; AMB_REGULATORY_JURISDICTION; AMB_DOCUMENT_TYPE; AMB_VERSION_TEMPORAL,"Product, regulator, sponsor report, versions, and safety endpoint are unspecified."
PRM-947,Determine whether the treatment effect observed in the biomarker-enriched population can be extrapolated to patients with unknown biomarker status.,AMBIGUOUS,AMB_ENTITY_UNSPECIFIED; AMB_ARM_POPULATION; AMB_ENDPOINT_TYPE,"Product, biomarker definition, endpoint, and extrapolation criteria are unspecified."
PRM-948,Compare the exposure associated with efficacy to the exposure associated with Grade ≥3 toxicity and determine whether the therapeutic index is acceptable.,AMBIGUOUS,AMB_ENTITY_UNSPECIFIED; AMB_DOSAGE_STRENGTH; AMB_ENDPOINT_TYPE,"Product, exposure metrics, efficacy endpoint, toxicity definition, and therapeutic-index threshold are missing."
PRM-949,Determine whether the protocol amendment improved safety without compromising the primary endpoint.,AMBIGUOUS,AMB_ENTITY_UNSPECIFIED; AMB_VERSION_TEMPORAL; AMB_ENDPOINT_TYPE; AMB_DOCUMENT_TYPE,"Product, amendment, safety endpoint, primary endpoint, and protocol are unspecified."
PRM-950,Compare treatment discontinuation rates between the original and amended study populations and determine whether the difference is clinically important.,AMBIGUOUS,AMB_ENTITY_UNSPECIFIED; AMB_VERSION_TEMPORAL; AMB_ARM_POPULATION; AMB_ENDPOINT_TYPE,"Product, study, amendment, populations, discontinuation definition, and clinical threshold are unspecified."
PRM-951,"According to FDA USPI revision 17.6, determine whether CXR-551 200 mg Q3W should be reduced to 150 mg Q3W after recurrent Grade 3 thrombocytopenia following one prior reduction to 175 mg Q3W.",VALID,VALID,"Product, dose sequence, schedule, authority/version, toxicity, recurrence, and prior modification are explicit."
PRM-952,"In Phase 3 NCT12190843, compare CXR-551 200 mg Q3W versus placebo using the primary PFS estimand and a treatment-policy sensitivity analysis after subsequent anticancer therapy.",VALID,VALID,"Trial, phase, drug, dose, schedule, comparator, endpoint, estimands, and intercurrent event are explicit."
PRM-953,"According to EMA SmPC version 8.9, identify dose-modification rules for CXR-551 in patients who develop Grade 3 renal toxicity while receiving a nephrotoxic concomitant medication.",VALID,VALID,"Product, authority/version, toxicity, concomitant medication class, and dose-management question are explicit."
PRM-954,"From CSR-CXR551-303 version 4.6, compare OS, PFS, ORR, and serious adverse-event incidence between patients with baseline ECOG 0 and ECOG 1 separately.",VALID,VALID,"CSR/version, population stratification, efficacy endpoints, and safety endpoint are explicit."
PRM-955,Determine whether CXR-551 200 mg Q3W produces trough concentrations above the prespecified PD target throughout Weeks 12–24 in patients with moderate renal impairment.,VALID,VALID,"Drug, dose, schedule, PD target, time period, and renal population are explicit."
PRM-956,"According to PMDA review report revision 6.5, determine whether the proposed dose adjustment for Japanese patients with reduced body weight was supported by exposure matching.",VALID,VALID,"Authority/version, population, dose-adjustment rationale, and exposure-matching framework are explicit."
PRM-957,"In Protocol CXR551-12 Amendment 4, determine whether adults aged 18–75 with measurable disease, ECOG 0–1, prior immunotherapy, controlled CNS metastases, and adequate marrow function qualify for Cohort B.",VALID,VALID,"Protocol, amendment, demographics, disease, ECOG, prior therapy, CNS status, and laboratory eligibility are specified."
PRM-958,"From IB version 7.8, identify all serious adverse events considered dose-limiting during Cycle 1 and distinguish those leading to permanent discontinuation from those permitting rechallenge.",VALID,VALID,"IB/version, cycle, seriousness, DLT classification, discontinuation, and rechallenge are explicit."
PRM-959,"According to MHRA labeling dated 8 August 2026, determine whether CXR-551 requires dose modification when coadministered with a moderate CYP2C19 inhibitor in patients with severe hepatic impairment.",VALID,VALID,"Authority/date, product, interaction, dose, and hepatic population are explicit."
PRM-960,Compare confirmed ORR and DoR between CXR-551 200 mg Q3W monotherapy and combination therapy among patients with PD-L1 TPS ≥50% who received exactly one prior systemic treatment.,VALID,VALID,"Product, dose, schedule, treatment arms, biomarker threshold, prior-treatment requirement, and endpoints are explicit."
PRM-961,Determine whether the current dose should be retained because the exposure-response relationship is flat beyond the target range.,AMBIGUOUS,AMB_ENTITY_UNSPECIFIED; AMB_DOSAGE_STRENGTH; AMB_ENDPOINT_TYPE,"Product, dose, target range, exposure-response endpoint, and safety considerations are unspecified."
PRM-962,Compare efficacy in patients with and without the relevant mutation and determine whether the mutation predicts treatment benefit.,AMBIGUOUS,AMB_ENTITY_UNSPECIFIED; AMB_ARM_POPULATION; AMB_ENDPOINT_TYPE,"Product, mutation, efficacy endpoint, and predictive-analysis framework are missing."
PRM-963,Determine whether the updated safety information changes the interpretation of the original pivotal trial.,AMBIGUOUS,AMB_ENTITY_UNSPECIFIED; AMB_VERSION_TEMPORAL; AMB_DOCUMENT_TYPE; AMB_ENDPOINT_TYPE,"Product, safety information, trial, versions, and endpoint are unspecified."
PRM-964,Compare the latest regulatory assessment with the sponsor's current position and determine whether the difference is clinically justified.,AMBIGUOUS,AMB_ENTITY_UNSPECIFIED; AMB_REGULATORY_JURISDICTION; AMB_VERSION_TEMPORAL; AMB_ENDPOINT_TYPE,"Product, authority, assessment versions, sponsor document, and clinical criteria are unspecified."
PRM-965,Determine whether the increased adverse-event rate in older patients is due to age itself or greater exposure.,AMBIGUOUS,AMB_ENTITY_UNSPECIFIED; AMB_ARM_POPULATION; AMB_DOSAGE_STRENGTH; AMB_ENDPOINT_TYPE,"Product, age definition, exposure metric, and adverse-event endpoint are unspecified."
PRM-966,Compare the treatment effect under on-treatment and intention-to-treat analyses and determine which should drive the conclusion.,AMBIGUOUS,AMB_ENTITY_UNSPECIFIED; AMB_ENDPOINT_TYPE; AMB_DOCUMENT_TYPE,"Product, endpoint, analysis populations, and decision framework are unspecified."
PRM-967,Determine whether the new formulation can replace the original formulation without changing the clinical dose.,AMBIGUOUS,AMB_ENTITY_UNSPECIFIED; AMB_ROUTE_FORMULATION; AMB_DOSAGE_STRENGTH,"Product, formulations, dose, bioequivalence standard, and regulatory basis are unspecified."
PRM-968,Compare the subgroup result with the overall population result and determine whether the apparent heterogeneity is clinically meaningful.,AMBIGUOUS,AMB_ENTITY_UNSPECIFIED; AMB_ARM_POPULATION; AMB_ENDPOINT_TYPE,"Product, subgroup, endpoint, heterogeneity criterion, and treatment are unspecified."
PRM-969,Determine whether the lower exposure caused by the interaction is sufficient to explain the observed loss of efficacy.,AMBIGUOUS,AMB_ENTITY_UNSPECIFIED; AMB_DOSAGE_STRENGTH; AMB_ENDPOINT_TYPE; AMB_CONTEXT_CONFLICT,"Product, interacting drug, exposure magnitude, efficacy endpoint, and population are unspecified."
PRM-970,"Compare the original label, revised label, and latest safety communication and identify which dosing recommendation should be followed.",AMBIGUOUS,AMB_ENTITY_UNSPECIFIED; AMB_VERSION_TEMPORAL; AMB_DOCUMENT_TYPE; AMB_REGULATORY_JURISDICTION,"Product, versions, authority, and exact documents are unspecified."
PRM-971,"According to FDA USPI revision 22.1, determine whether DXP-802 25 mg BID immediate-release tablets should be reduced to 12.5 mg BID following Grade 3 toxicity in patients receiving concomitant strong CYP3A inhibition.",VALID,VALID,"Product, strength, route/formulation, regimen, authority/version, toxicity, interaction, and alternative dose are explicit."
PRM-972,"In Phase 2 NCT12200147, compare DXP-802 25 mg BID versus 12.5 mg BID for Ctrough, AUCtau, ORR, and Grade ≥3 treatment-related adverse events in patients with moderate hepatic impairment.",VALID,VALID,"Trial, phase, doses, schedules, PK, efficacy, safety, and hepatic population are explicit."
PRM-973,"According to EMA SmPC version 9.4, determine whether DXP-802 is contraindicated or merely requires dose reduction when administered with a strong CYP3A4/P-gp inhibitor.",VALID,VALID,"Product, authority/version, interaction, and requested regulatory distinction are explicit."
PRM-974,"From CSR-DXP802-201 version 3.9, determine whether the exposure-adjusted incidence of Grade ≥3 adverse events differs between patients with eGFR <30, 30–59, and ≥60 mL/min/1.73 m².",VALID,VALID,"CSR/version, severity, exposure adjustment, and renal strata are explicit."
PRM-975,"According to PMDA review report revision 5.1, determine whether the Japanese dose was reduced because of higher exposure rather than a difference in efficacy.",VALID,VALID,"Authority/version, population, dose rationale, exposure, and efficacy distinction are explicit."
PRM-976,"In Protocol DXP802-05 Amendment 7, determine whether patients with prior checkpoint inhibitor therapy, stable CNS metastases, ECOG 0–1, and CrCl ≥40 mL/min qualify for the expansion cohort.",VALID,VALID,"Protocol, amendment, treatment history, CNS status, ECOG, renal threshold, and cohort are explicit."
PRM-977,"From IB version 12.0, summarize the dose-escalation decisions after Cycle 1 DLT review at 10, 20, 40, and 80 mg.",VALID,VALID,"IB/version, cycle, dose levels, DLT review, and escalation decisions are explicit."
PRM-978,"According to MHRA labeling dated 12 August 2026, determine whether DXP-802 requires additional monitoring for QTc prolongation when coadministered with a strong CYP3A inhibitor.",VALID,VALID,"Authority/date, product, interaction, monitoring issue, and endpoint are explicit."
PRM-979,"Compare DXP-802 25 mg BID plus chemotherapy with chemotherapy alone for OS, PFS, ORR, and Grade ≥3 adverse events in biomarker-positive patients who received exactly two prior systemic regimens.",VALID,VALID,"Treatment, dose, schedule, comparator, biomarker, prior therapy, and endpoints are explicit."
PRM-980,Determine whether the 25 mg BID regimen should remain preferred despite the higher exposure and greater toxicity observed relative to the lower dose.,AMBIGUOUS,AMB_ENTITY_UNSPECIFIED; AMB_DOSAGE_STRENGTH; AMB_ENDPOINT_TYPE,Product and quantitative exposure/toxicity thresholds are missing.
PRM-981,Compare the current approved dose with the dose that produced the best numerical response rate and determine whether the latter should replace the former.,AMBIGUOUS,AMB_ENTITY_UNSPECIFIED; AMB_DOSAGE_STRENGTH; AMB_ENDPOINT_TYPE; AMB_REGULATORY_JURISDICTION,"Product, exact doses, response endpoint, statistical evidence, and regulatory basis are unspecified."
PRM-982,Determine whether the safety signal identified in the latest analysis is sufficiently strong to justify changing the indication.,AMBIGUOUS,AMB_ENTITY_UNSPECIFIED; AMB_VERSION_TEMPORAL; AMB_ENDPOINT_TYPE; AMB_REGULATORY_JURISDICTION,"Product, analysis cutoff, safety endpoint, indication, and regulator are unspecified."
PRM-983,Compare the treatment effect in patients who remained on treatment with those who discontinued early and determine whether discontinuation biases the result.,AMBIGUOUS,AMB_ENTITY_UNSPECIFIED; AMB_ARM_POPULATION; AMB_ENDPOINT_TYPE; AMB_REGIMEN_SCHEDULE,"Product, endpoint, discontinuation definition, and treatment groups are unspecified."
PRM-984,Determine whether the exposure difference between the two populations is large enough to warrant different doses.,AMBIGUOUS,AMB_ENTITY_UNSPECIFIED; AMB_DOSAGE_STRENGTH; AMB_ARM_POPULATION; AMB_ENDPOINT_TYPE,"Product, populations, exposure magnitude, and dose-adjustment threshold are unspecified."
PRM-985,Compare the safety profile in the pivotal trial with the long-term extension and determine whether cumulative exposure explains the difference.,AMBIGUOUS,AMB_ENTITY_UNSPECIFIED; AMB_DOCUMENT_TYPE; AMB_DOSAGE_STRENGTH; AMB_ENDPOINT_TYPE,"Product, studies, cumulative exposure, and safety endpoint are unspecified."
PRM-986,Determine whether the revised endpoint definition makes the original treatment effect incomparable with the updated analysis.,AMBIGUOUS,AMB_ENTITY_UNSPECIFIED; AMB_VERSION_TEMPORAL; AMB_ENDPOINT_TYPE; AMB_DOCUMENT_TYPE,"Product, versions, endpoint definitions, and analyses are unspecified."
PRM-987,Compare the approved indication with the population actually studied and determine whether the extrapolation is acceptable.,AMBIGUOUS,AMB_ENTITY_UNSPECIFIED; AMB_ARM_POPULATION; AMB_REGULATORY_JURISDICTION; AMB_ENDPOINT_TYPE,"Product, approved indication, studied population, regulator, and extrapolation criteria are unspecified."
PRM-988,Determine whether treatment continuation after progression should be allowed when the patient has stable disease by biomarker assessment but radiographic progression by imaging.,AMBIGUOUS,AMB_ENTITY_UNSPECIFIED; AMB_ENDPOINT_TYPE; AMB_REGIMEN_SCHEDULE; AMB_CONTEXT_CONFLICT,"Product, progression framework, biomarker definition, imaging criteria, and continuation rules are unspecified and potentially conflicting."
PRM-989,Compare the original dose-selection rationale with the current pharmacometric model and determine whether the original dose remains scientifically defensible.,AMBIGUOUS,AMB_ENTITY_UNSPECIFIED; AMB_DOSAGE_STRENGTH; AMB_VERSION_TEMPORAL; AMB_DOCUMENT_TYPE,"Product, doses, model versions, original rationale source, and decision criteria are unspecified."
PRM-990,Determine whether the observed difference in adverse events between the two treatment arms is attributable to treatment rather than unequal exposure duration.,AMBIGUOUS,AMB_ENTITY_UNSPECIFIED; AMB_ARM_POPULATION; AMB_REGIMEN_SCHEDULE; AMB_ENDPOINT_TYPE,"Product, arms, adverse-event definition, and exposure-duration adjustment are unspecified."
PRM-991,"According to FDA USPI revision 20.5, determine whether HXR-990 300 mg Q4W requires dose interruption after Grade 3 pneumonitis, whether rechallenge is permitted after complete resolution, and whether permanent discontinuation is mandated after recurrence.",VALID,VALID,"Product, dose, schedule, authority/version, toxicity, resolution, rechallenge, recurrence, and requested actions are explicit."
PRM-992,"In Phase 3 NCT12274591, compare the primary PFS estimand under treatment-policy and hypothetical strategies after initiation of subsequent anticancer therapy, reporting HR, 95% CI, median PFS, and RMST at 12 months for HXR-990 300 mg Q4W versus placebo.",VALID,VALID,"All trial, treatment, dose, schedule, endpoint, estimands, intercurrent event, statistical measures, and time horizon are explicit."
PRM-993,"According to EMA SmPC version 14.3, determine whether HXR-990 300 mg Q4W should be reduced to 200 mg Q4W or permanently discontinued after recurrent Grade 3 hepatotoxicity following rechallenge.",VALID,VALID,"Product, dose, schedule, authority/version, toxicity, recurrence, rechallenge, and management alternatives are explicit."
PRM-994,"From CSR-HXR990-501 version 8.2, compare exposure-adjusted Grade ≥3 adverse-event rates in patients aged 18–64, 65–74, and ≥75 years after stratification by baseline renal function.",VALID,VALID,"CSR/version, age strata, renal stratification, severity, and exposure-adjusted safety metric are explicit."
PRM-995,"Using PK Study HXR990-12, compare single-dose and steady-state AUCtau, Cmax, Ctrough, half-life, and accumulation ratio for 300 mg Q4W in normal hepatic function versus Child-Pugh B impairment.",VALID,VALID,"Study, dose, schedule, PK states, parameters, and hepatic populations are explicit."
PRM-996,"According to PMDA review report revision 10.2, determine whether the 300 mg Q4W regimen was accepted for Japanese patients despite a 35% higher exposure because efficacy was preserved and exposure remained below the toxicity-associated threshold identified in Phase 1.",VALID,VALID,"Authority/version, regimen, population, exposure difference, efficacy rationale, toxicity threshold, and development phase are explicit."
PRM-997,"In Protocol HXR990-14 Amendment 12, determine whether a 74-year-old patient with ECOG 1, controlled asymptomatic brain metastases, prior platinum and anti-PD-1 therapy, CrCl 51 mL/min, and bilirubin 1.2×ULN meets all criteria for Expansion Cohort F.",VALID,VALID,"Protocol, amendment, age, ECOG, CNS disease, treatment history, renal function, laboratory value, and cohort are explicit."
PRM-998,"From IB version 13.6, identify all Cycle 1 DLTs at 150, 300, 450, and 600 mg, distinguish related from unrelated events, and determine whether the 300 mg dose met the prespecified criteria for Phase 2 expansion.",VALID,VALID,"IB/version, cycle, dose levels, DLT classification, causality, and expansion criteria are explicit."
PRM-999,"According to MHRA labeling dated 15 August 2026, determine whether HXR-990 300 mg Q4W requires additional monitoring or dose modification when administered with a strong CYP3A4 inhibitor in patients with moderate hepatic impairment.",VALID,VALID,"Authority/date, drug, dose, schedule, interaction, hepatic population, and requested management are explicit."
PRM-1000,"In Phase 3 NCT12274591, determine whether the treatment-policy estimand for OS remains interpretable after treatment switching and subsequent anticancer therapy, compare RMST through 24 months between HXR-990 300 mg Q4W plus standard therapy and standard therapy alone in patients ≥65 years with biomarker expression ≥50%, and assess whether the safety difference remains after exposure adjustment.",VALID,VALID,"Trial, treatment, dose, schedule, age subgroup, biomarker threshold, OS estimand, switching, subsequent therapy, RMST horizon, comparator, safety endpoint, and exposure adjustment are all explicitly defined."
PRM-1001,What are the side effects of Atorvastatin 10 mg?,VALID,VALID,"Specifies the drug, dose, and requested information."
PRM-1002,What is the dose of Metformin 500 mg?,VALID,VALID,"Specifies the drug, strength, and requested dose information."
PRM-1003,What are the indications for Amoxicillin 500 mg?,VALID,VALID,"Specifies the drug, strength, and requested indication."
PRM-1004,What is the half-life of Atorvastatin 10 mg?,VALID,VALID,"Specifies the drug, strength, and pharmacokinetic parameter."
PRM-1005,What is the storage temperature for Pembrolizumab 100 mg/4 mL?,VALID,VALID,"Specifies the product, strength, formulation, and requested parameter."
PRM-1006,What are the adverse events of Metformin 500 mg?,VALID,VALID,"Specifies the drug, strength, and safety information requested."
PRM-1007,What is the maximum dose of Amoxicillin 500 mg?,VALID,VALID,"Specifies the drug, strength, and requested dosing information."
PRM-1008,What is the Cmax of Metformin 500 mg?,VALID,VALID,"Specifies the drug, strength, and PK parameter."
PRM-1009,What is the AUC of Atorvastatin 10 mg?,VALID,VALID,"Specifies the drug, strength, and PK parameter."
PRM-1010,What is the route of administration for Amoxicillin 500 mg?,VALID,VALID,"Specifies the drug, strength, and requested administration information."
PRM-1011,What are the contraindications for Atorvastatin 10 mg?,VALID,VALID,"Specifies the drug, strength, and requested safety information."
PRM-1012,What are the drug interactions of Metformin 500 mg?,VALID,VALID,"Specifies the drug, strength, and requested interaction information."
PRM-1013,What is the formulation of Amoxicillin 500 mg?,VALID,VALID,"Specifies the drug, strength, and requested formulation information."
PRM-1014,What is the elimination route of Atorvastatin 10 mg?,VALID,VALID,"Specifies the drug, strength, and requested pharmacokinetic information."
PRM-1015,What is the recommended dose of Metformin 500 mg?,VALID,VALID,"Specifies the drug, strength, and requested dose."
PRM-1016,What are the common adverse effects of Amoxicillin 500 mg?,VALID,VALID,"Specifies the drug, strength, and safety endpoint."
PRM-1017,What is the molecular weight of Atorvastatin?,VALID,VALID,Specifies the chemical entity and requested property.
PRM-1018,What is the dosing frequency of Metformin 500 mg?,VALID,VALID,"Specifies the drug, strength, and dosing parameter."
PRM-1019,What is the shelf life of Amoxicillin 500 mg tablets?,VALID,VALID,"Specifies the drug, strength, formulation, and requested storage property."
PRM-1020,What are the indications for Pembrolizumab 100 mg/4 mL?,VALID,VALID,"Specifies the product, strength, formulation, and requested indication."
PRM-1021,What is the recommended dose of Atorvastatin 10 mg?,VALID,VALID,"Specifies the drug, strength, and requested dose."
PRM-1022,What are the contraindications of Metformin 500 mg?,VALID,VALID,"Specifies the drug, strength, and requested contraindications."
PRM-1023,What is the half-life of Amoxicillin 500 mg?,VALID,VALID,"Specifies the drug, strength, and PK parameter."
PRM-1024,What are the common side effects of Pembrolizumab 100 mg/4 mL?,VALID,VALID,"Specifies the product, strength, formulation, and safety information."
PRM-1025,What is the absorption of Atorvastatin 10 mg?,VALID,VALID,"Specifies the drug, strength, and PK property."
PRM-1026,What is the bioavailability of Metformin 500 mg?,VALID,VALID,"Specifies the drug, strength, and requested PK property."
PRM-1027,What is the Tmax of Amoxicillin 500 mg?,VALID,VALID,"Specifies the drug, strength, and PK parameter."
PRM-1028,What is the clearance of Atorvastatin 10 mg?,VALID,VALID,"Specifies the drug, strength, and PK parameter."
PRM-1029,What are the warnings for Metformin 500 mg?,VALID,VALID,"Specifies the drug, strength, and requested safety information."
PRM-1030,What is the route of administration for Pembrolizumab 100 mg/4 mL?,VALID,VALID,"Specifies the product, strength, formulation, and requested route."
PRM-1031,What are the indications for Atorvastatin 10 mg?,VALID,VALID,"Specifies the drug, strength, and requested indication."
PRM-1032,What is the dosing schedule for Metformin 500 mg?,VALID,VALID,"Specifies the drug, strength, and requested regimen information."
PRM-1033,What are the adverse reactions to Amoxicillin 500 mg?,VALID,VALID,"Specifies the drug, strength, and safety endpoint."
PRM-1034,What is the protein binding of Atorvastatin 10 mg?,VALID,VALID,"Specifies the drug, strength, and PK property."
PRM-1035,What is the renal clearance of Metformin 500 mg?,VALID,VALID,"Specifies the drug, strength, and renal PK parameter."
PRM-1036,What is the recommended storage temperature for Amoxicillin 500 mg tablets?,VALID,VALID,"Specifies the drug, strength, formulation, and storage parameter."
PRM-1037,What is the treatment duration for Atorvastatin 10 mg?,VALID,VALID,"Specifies the drug, strength, and requested treatment information."
PRM-1038,What are the precautions for Metformin 500 mg?,VALID,VALID,"Specifies the drug, strength, and requested precaution information."
PRM-1039,What is the dosage form of Amoxicillin 500 mg?,VALID,VALID,"Specifies the drug, strength, and requested formulation information."
PRM-1040,What is the recommended dose of Pembrolizumab 100 mg/4 mL?,VALID,VALID,"Specifies the product, strength, formulation, and requested dose."
PRM-1041,What are the common adverse events of Atorvastatin 10 mg?,VALID,VALID,"Specifies the drug, strength, and safety endpoint."
PRM-1042,What is the Tmax of Metformin 500 mg?,VALID,VALID,"Specifies the drug, strength, and PK parameter."
PRM-1043,What is the elimination half-life of Amoxicillin 500 mg?,VALID,VALID,"Specifies the drug, strength, and PK parameter."
PRM-1044,What are the contraindications for Pembrolizumab 100 mg/4 mL?,VALID,VALID,"Specifies the product, strength, formulation, and requested contraindications."
PRM-1045,What is the oral bioavailability of Atorvastatin 10 mg?,VALID,VALID,"Specifies the drug, strength, and requested PK property."
PRM-1046,What are the drug interactions of Amoxicillin 500 mg?,VALID,VALID,"Specifies the drug, strength, and requested interaction information."
PRM-1047,What is the Ctrough of Metformin 500 mg?,VALID,VALID,"Specifies the drug, strength, and PK parameter."
PRM-1048,What is the maximum daily dose of Atorvastatin 10 mg?,VALID,VALID,"Specifies the drug, strength, and requested dosing parameter."
PRM-1049,What are the warnings for Pembrolizumab 100 mg/4 mL?,VALID,VALID,"Specifies the product, strength, formulation, and requested warnings."
PRM-1050,What is the absorption rate of Amoxicillin 500 mg?,VALID,VALID,"Specifies the drug, strength, and requested PK property."
PRM-1051,What are the indications for Metformin 500 mg?,VALID,VALID,"Specifies the drug, strength, and requested indication."
PRM-1052,What is the recommended administration route for Atorvastatin 10 mg?,VALID,VALID,"Specifies the drug, strength, and requested route."
PRM-1053,What are the common side effects of Amoxicillin 500 mg tablets?,VALID,VALID,"Specifies the drug, strength, formulation, and safety information."
PRM-1054,What is the AUC of Pembrolizumab 100 mg/4 mL?,VALID,VALID,"Specifies the product, strength, formulation, and PK parameter."
PRM-1055,What is the clearance of Metformin 500 mg?,VALID,VALID,"Specifies the drug, strength, and PK parameter."
PRM-1056,What are the precautions for Atorvastatin 10 mg?,VALID,VALID,"Specifies the drug, strength, and requested precautions."
PRM-1057,What is the storage condition for Amoxicillin 500 mg tablets?,VALID,VALID,"Specifies the drug, strength, formulation, and storage information."
PRM-1058,What is the dosing frequency of Pembrolizumab 100 mg/4 mL?,VALID,VALID,"Specifies the product, strength, formulation, and dosing frequency."
PRM-1059,What are the contraindications of Atorvastatin 10 mg?,VALID,VALID,"Specifies the drug, strength, and requested contraindications."
PRM-1060,What is the half-life of Metformin 500 mg?,VALID,VALID,"Specifies the drug, strength, and PK parameter."
PRM-1061,What are the approved uses of Amoxicillin 500 mg?,VALID,VALID,"Specifies the drug, strength, and requested indication information."
PRM-1062,What is the maximum dose of Pembrolizumab 100 mg/4 mL?,VALID,VALID,"Specifies the product, strength, formulation, and requested dose."
PRM-1063,What are the adverse events of Atorvastatin 10 mg tablets?,VALID,VALID,"Specifies the drug, strength, formulation, and safety endpoint."
PRM-1064,What is the renal elimination of Metformin 500 mg?,VALID,VALID,"Specifies the drug, strength, and renal elimination property."
PRM-1065,What is the formulation of Amoxicillin 500 mg?,VALID,VALID,"Specifies the drug, strength, and requested formulation."
PRM-1066,What are the warnings for Pembrolizumab 100 mg/4 mL?,VALID,VALID,"Specifies the product, strength, formulation, and safety information."
PRM-1067,What is the Cmax of Atorvastatin 10 mg?,VALID,VALID,"Specifies the drug, strength, and PK parameter."
PRM-1068,What is the recommended dose of Metformin 500 mg?,VALID,VALID,"Specifies the drug, strength, and requested dose."
PRM-1069,What are the indications for Amoxicillin 500 mg tablets?,VALID,VALID,"Specifies the drug, strength, formulation, and requested indication."
PRM-1070,What is the bioavailability of Pembrolizumab 100 mg/4 mL?,VALID,VALID,"Specifies the product, strength, formulation, and PK property."
PRM-1071,What are the drug interactions of Atorvastatin 10 mg?,VALID,VALID,"Specifies the drug, strength, and requested interactions."
PRM-1072,What is the Tmax of Metformin 500 mg?,VALID,VALID,"Specifies the drug, strength, and PK parameter."
PRM-1073,What is the storage temperature for Amoxicillin 500 mg tablets?,VALID,VALID,"Specifies the drug, strength, formulation, and storage parameter."
PRM-1074,What are the contraindications for Pembrolizumab 100 mg/4 mL?,VALID,VALID,"Specifies the product, strength, formulation, and requested contraindications."
PRM-1075,What is the elimination half-life of Atorvastatin 10 mg?,VALID,VALID,"Specifies the drug, strength, and PK parameter."
PRM-1076,What are the common adverse effects of Metformin 500 mg?,VALID,VALID,"Specifies the drug, strength, and safety endpoint."
PRM-1077,What is the route of administration for Amoxicillin 500 mg tablets?,VALID,VALID,"Specifies the drug, strength, formulation, and requested route."
PRM-1078,What is the recommended dose of Atorvastatin 10 mg?,VALID,VALID,"Specifies the drug, strength, and requested dose."
PRM-1079,What are the warnings for Metformin 500 mg?,VALID,VALID,"Specifies the drug, strength, and requested warnings."
PRM-1080,What is the AUC of Amoxicillin 500 mg?,VALID,VALID,"Specifies the drug, strength, and PK parameter."
PRM-1081,What are the indications for Pembrolizumab 100 mg/4 mL?,VALID,VALID,"Specifies the product, strength, formulation, and requested indication."
PRM-1082,What is the clearance of Atorvastatin 10 mg?,VALID,VALID,"Specifies the drug, strength, and PK parameter."
PRM-1083,What are the precautions for Metformin 500 mg?,VALID,VALID,"Specifies the drug, strength, and requested precautions."
PRM-1084,What is the dosage form of Amoxicillin 500 mg?,VALID,VALID,"Specifies the drug, strength, and requested dosage form."
PRM-1085,What are the adverse reactions of Pembrolizumab 100 mg/4 mL?,VALID,VALID,"Specifies the product, strength, formulation, and safety endpoint."
PRM-1086,What is the Cmax of Atorvastatin 10 mg?,VALID,VALID,"Specifies the drug, strength, and PK parameter."
PRM-1087,What is the maximum daily dose of Metformin 500 mg?,VALID,VALID,"Specifies the drug, strength, and requested dosing information."
PRM-1088,What are the contraindications of Amoxicillin 500 mg tablets?,VALID,VALID,"Specifies the drug, strength, formulation, and requested contraindications."
PRM-1089,What is the half-life of Pembrolizumab 100 mg/4 mL?,VALID,VALID,"Specifies the product, strength, formulation, and PK parameter."
PRM-1090,What are the drug interactions of Atorvastatin 10 mg?,VALID,VALID,"Specifies the drug, strength, and requested interaction information."
PRM-1091,What is the dosing frequency of Metformin 500 mg?,VALID,VALID,"Specifies the drug, strength, and requested dosing frequency."
PRM-1092,What is the storage condition for Amoxicillin 500 mg tablets?,VALID,VALID,"Specifies the drug, strength, formulation, and storage information."
PRM-1093,What are the warnings for Pembrolizumab 100 mg/4 mL?,VALID,VALID,"Specifies the product, strength, formulation, and requested warnings."
PRM-1094,What is the renal clearance of Metformin 500 mg?,VALID,VALID,"Specifies the drug, strength, and renal PK parameter."
PRM-1095,What are the common side effects of Atorvastatin 10 mg tablets?,VALID,VALID,"Specifies the drug, strength, formulation, and safety information."
PRM-1096,What is the route of administration for Pembrolizumab 100 mg/4 mL?,VALID,VALID,"Specifies the product, strength, formulation, and requested route."
PRM-1097,What is the bioavailability of Amoxicillin 500 mg?,VALID,VALID,"Specifies the drug, strength, and requested PK property."
PRM-1098,What are the indications for Metformin 500 mg?,VALID,VALID,"Specifies the drug, strength, and requested indication."
PRM-1099,What is the recommended dose of Amoxicillin 500 mg tablets?,VALID,VALID,"Specifies the drug, strength, formulation, and requested dose."
PRM-1100,What are the common adverse events of Pembrolizumab 100 mg/4 mL?,VALID,VALID,"Specifies the product, strength, formulation, and safety endpoint."
PRM-1101,What are the side effects of this drug?,AMBIGUOUS,AMB_ENTITY_UNSPECIFIED,The drug is not identified.
PRM-1102,What is the dose of this medicine?,AMBIGUOUS,AMB_ENTITY_UNSPECIFIED; AMB_DOSAGE_STRENGTH,The medicine and required dose information are unspecified.
PRM-1103,What are the indications for this drug?,AMBIGUOUS,AMB_ENTITY_UNSPECIFIED,The drug is not identified.
PRM-1104,What is the maximum dose?,AMBIGUOUS,AMB_ENTITY_UNSPECIFIED; AMB_DOSAGE_STRENGTH,The drug and dose context are missing.
PRM-1105,What are the common side effects?,AMBIGUOUS,AMB_ENTITY_UNSPECIFIED,The drug or treatment is unspecified.
PRM-1106,What is the recommended dose?,AMBIGUOUS,AMB_ENTITY_UNSPECIFIED; AMB_DOSAGE_STRENGTH,The product and dosing context are missing.
PRM-1107,What are the contraindications?,AMBIGUOUS,AMB_ENTITY_UNSPECIFIED,The product is unspecified.
PRM-1108,What is the storage temperature?,AMBIGUOUS,AMB_ENTITY_UNSPECIFIED,The product requiring storage information is unspecified.
PRM-1109,What is the half-life of the drug?,AMBIGUOUS,AMB_ENTITY_UNSPECIFIED,The drug is not identified.
PRM-1110,What are the drug interactions?,AMBIGUOUS,AMB_ENTITY_UNSPECIFIED,The interacting drug or product is unspecified.
PRM-1111,Is this drug safe for children?,AMBIGUOUS,AMB_ENTITY_UNSPECIFIED; AMB_ARM_POPULATION,The drug and pediatric population are insufficiently specified.
PRM-1112,What is the correct dosage for adults?,AMBIGUOUS,AMB_ENTITY_UNSPECIFIED; AMB_DOSAGE_STRENGTH; AMB_ARM_POPULATION,"The drug, dose context, and adult population are unspecified."
PRM-1113,What are the warnings for this medicine?,AMBIGUOUS,AMB_ENTITY_UNSPECIFIED,The medicine is not identified.
PRM-1114,How long should the treatment continue?,AMBIGUOUS,AMB_ENTITY_UNSPECIFIED; AMB_REGIMEN_SCHEDULE,The treatment and duration context are unspecified.
PRM-1115,What is the best formulation?,AMBIGUOUS,AMB_ENTITY_UNSPECIFIED; AMB_ROUTE_FORMULATION,The product and formulation comparison are unspecified.
PRM-1116,What is the efficacy of the treatment?,AMBIGUOUS,AMB_ENTITY_UNSPECIFIED; AMB_ENDPOINT_TYPE,The treatment and efficacy endpoint are unspecified.
PRM-1117,Does the treatment improve survival?,AMBIGUOUS,AMB_ENTITY_UNSPECIFIED; AMB_ENDPOINT_TYPE,The treatment and survival analysis context are unspecified.
PRM-1118,What are the results of the trial?,AMBIGUOUS,AMB_ENTITY_UNSPECIFIED; AMB_DOCUMENT_TYPE,The trial and requested results are unspecified.
PRM-1119,Is the treatment effective?,AMBIGUOUS,AMB_ENTITY_UNSPECIFIED; AMB_ENDPOINT_TYPE,The treatment and definition of effectiveness are unspecified.
PRM-1120,What dose should I take?,AMBIGUOUS,AMB_ENTITY_UNSPECIFIED; AMB_DOSAGE_STRENGTH,The drug and dosing context are missing.
PRM-1121,What are the adverse events?,AMBIGUOUS,AMB_ENTITY_UNSPECIFIED; AMB_ENDPOINT_TYPE,The product and adverse-event context are unspecified.
PRM-1122,What is the treatment duration?,AMBIGUOUS,AMB_ENTITY_UNSPECIFIED; AMB_REGIMEN_SCHEDULE,The treatment and duration context are missing.
PRM-1123,What is the usual dose?,AMBIGUOUS,AMB_ENTITY_UNSPECIFIED; AMB_DOSAGE_STRENGTH,The product and dosing details are unspecified.
PRM-1124,What are the benefits of this treatment?,AMBIGUOUS,AMB_ENTITY_UNSPECIFIED; AMB_ENDPOINT_TYPE,The treatment and outcome measure are unspecified.
PRM-1125,What are the risks of this medicine?,AMBIGUOUS,AMB_ENTITY_UNSPECIFIED; AMB_ENDPOINT_TYPE,The medicine and safety endpoint are unspecified.
PRM-1126,Can this drug be used during pregnancy?,AMBIGUOUS,AMB_ENTITY_UNSPECIFIED; AMB_ARM_POPULATION,The drug and target population context are unspecified.
PRM-1127,What is the proper route?,AMBIGUOUS,AMB_ENTITY_UNSPECIFIED; AMB_ROUTE_FORMULATION,The product and route are unspecified.
PRM-1128,How often should it be taken?,AMBIGUOUS,AMB_ENTITY_UNSPECIFIED; AMB_REGIMEN_SCHEDULE,The product and dosing schedule are unspecified.
PRM-1129,What is the best dose?,AMBIGUOUS,AMB_ENTITY_UNSPECIFIED; AMB_DOSAGE_STRENGTH,The product and dose-selection context are unspecified.
PRM-1130,What are the treatment outcomes?,AMBIGUOUS,AMB_ENTITY_UNSPECIFIED; AMB_ENDPOINT_TYPE,The treatment and outcome definition are unspecified.
PRM-1131,What is the recommended treatment?,AMBIGUOUS,AMB_ENTITY_UNSPECIFIED; AMB_REGIMEN_SCHEDULE,The disease/product and treatment context are unspecified.
PRM-1132,What are the serious side effects?,AMBIGUOUS,AMB_ENTITY_UNSPECIFIED; AMB_ENDPOINT_TYPE,The product and safety definition are unspecified.
PRM-1133,What is the correct formulation?,AMBIGUOUS,AMB_ENTITY_UNSPECIFIED; AMB_ROUTE_FORMULATION,The product and formulation context are unspecified.
PRM-1134,What is the approved dose?,AMBIGUOUS,AMB_ENTITY_UNSPECIFIED; AMB_DOSAGE_STRENGTH; AMB_REGULATORY_JURISDICTION,"The product, dose, and approval authority are unspecified."
PRM-1135,What are the trial findings?,AMBIGUOUS,AMB_ENTITY_UNSPECIFIED; AMB_DOCUMENT_TYPE,The trial and source document are unspecified.
PRM-1136,What is the response rate?,AMBIGUOUS,AMB_ENTITY_UNSPECIFIED; AMB_ENDPOINT_TYPE,The treatment and response definition are unspecified.
PRM-1137,What is the survival rate?,AMBIGUOUS,AMB_ENTITY_UNSPECIFIED; AMB_ENDPOINT_TYPE,"The treatment, population, and survival definition are unspecified."
PRM-1138,Is it safe to use?,AMBIGUOUS,AMB_ENTITY_UNSPECIFIED; AMB_ARM_POPULATION,The product and population are unspecified.
PRM-1139,What are the precautions?,AMBIGUOUS,AMB_ENTITY_UNSPECIFIED,The product is unspecified.
PRM-1140,What is the treatment schedule?,AMBIGUOUS,AMB_ENTITY_UNSPECIFIED; AMB_REGIMEN_SCHEDULE,The treatment and schedule are unspecified.
PRM-1141,What is the dose for adults?,AMBIGUOUS,AMB_ENTITY_UNSPECIFIED; AMB_DOSAGE_STRENGTH; AMB_ARM_POPULATION,The drug and dosing details are missing.
PRM-1142,What is the dose for children?,AMBIGUOUS,AMB_ENTITY_UNSPECIFIED; AMB_DOSAGE_STRENGTH; AMB_ARM_POPULATION,The drug and pediatric age group are unspecified.
PRM-1143,What are the pediatric indications?,AMBIGUOUS,AMB_ENTITY_UNSPECIFIED; AMB_ARM_POPULATION,The product and pediatric population are unspecified.
PRM-1144,What are the adult indications?,AMBIGUOUS,AMB_ENTITY_UNSPECIFIED; AMB_ARM_POPULATION,The product and adult population are unspecified.
PRM-1145,What is the recommended frequency?,AMBIGUOUS,AMB_ENTITY_UNSPECIFIED; AMB_REGIMEN_SCHEDULE,The product and dosing schedule are unspecified.
PRM-1146,What is the maximum daily dose?,AMBIGUOUS,AMB_ENTITY_UNSPECIFIED; AMB_DOSAGE_STRENGTH,The product is unspecified.
PRM-1147,What is the minimum dose?,AMBIGUOUS,AMB_ENTITY_UNSPECIFIED; AMB_DOSAGE_STRENGTH,The product and dosing context are unspecified.
PRM-1148,What is the maintenance dose?,AMBIGUOUS,AMB_ENTITY_UNSPECIFIED; AMB_DOSAGE_STRENGTH; AMB_REGIMEN_SCHEDULE,The product and maintenance regimen are unspecified.
PRM-1149,What is the loading dose?,AMBIGUOUS,AMB_ENTITY_UNSPECIFIED; AMB_DOSAGE_STRENGTH; AMB_REGIMEN_SCHEDULE,The product and loading regimen are unspecified.
PRM-1150,What is the starting dose?,AMBIGUOUS,AMB_ENTITY_UNSPECIFIED; AMB_DOSAGE_STRENGTH,The product and dosing context are unspecified.
PRM-1151,What are the safety results?,AMBIGUOUS,AMB_ENTITY_UNSPECIFIED; AMB_ENDPOINT_TYPE,The product and safety endpoint are unspecified.
PRM-1152,What are the efficacy results?,AMBIGUOUS,AMB_ENTITY_UNSPECIFIED; AMB_ENDPOINT_TYPE,The product and efficacy endpoint are unspecified.
PRM-1153,What is the response to treatment?,AMBIGUOUS,AMB_ENTITY_UNSPECIFIED; AMB_ENDPOINT_TYPE,The treatment and response definition are unspecified.
PRM-1154,What is the survival benefit?,AMBIGUOUS,AMB_ENTITY_UNSPECIFIED; AMB_ENDPOINT_TYPE,The treatment and survival endpoint are unspecified.
PRM-1155,What is the risk of treatment?,AMBIGUOUS,AMB_ENTITY_UNSPECIFIED; AMB_ENDPOINT_TYPE,The treatment and risk endpoint are unspecified.
PRM-1156,What is the benefit of treatment?,AMBIGUOUS,AMB_ENTITY_UNSPECIFIED; AMB_ENDPOINT_TYPE,The treatment and benefit measure are unspecified.
PRM-1157,What is the treatment response rate?,AMBIGUOUS,AMB_ENTITY_UNSPECIFIED; AMB_ENDPOINT_TYPE,The treatment and response criteria are unspecified.
PRM-1158,What are the trial outcomes?,AMBIGUOUS,AMB_ENTITY_UNSPECIFIED; AMB_DOCUMENT_TYPE; AMB_ENDPOINT_TYPE,"The trial, source, and outcome definitions are unspecified."
PRM-1159,What is the study result?,AMBIGUOUS,AMB_ENTITY_UNSPECIFIED; AMB_DOCUMENT_TYPE,The study and requested result are unspecified.
PRM-1160,What are the study findings?,AMBIGUOUS,AMB_ENTITY_UNSPECIFIED; AMB_DOCUMENT_TYPE,The study and source are unspecified.
PRM-1161,What is the approved indication?,AMBIGUOUS,AMB_ENTITY_UNSPECIFIED; AMB_REGULATORY_JURISDICTION,The product and regulatory authority are unspecified.
PRM-1162,What is the approved use?,AMBIGUOUS,AMB_ENTITY_UNSPECIFIED; AMB_REGULATORY_JURISDICTION,The product and regulatory context are unspecified.
PRM-1163,What does the label say?,AMBIGUOUS,AMB_ENTITY_UNSPECIFIED; AMB_DOCUMENT_TYPE; AMB_REGULATORY_JURISDICTION,"The product, label version, and authority are unspecified."
PRM-1164,What does the latest label say?,AMBIGUOUS,AMB_ENTITY_UNSPECIFIED; AMB_VERSION_TEMPORAL; AMB_REGULATORY_JURISDICTION,"The product, label date/version, and authority are unspecified."
PRM-1165,What does the latest study show?,AMBIGUOUS,AMB_ENTITY_UNSPECIFIED; AMB_VERSION_TEMPORAL; AMB_DOCUMENT_TYPE,"The product, study, and temporal reference are unspecified."
PRM-1166,What does the trial show?,AMBIGUOUS,AMB_ENTITY_UNSPECIFIED; AMB_DOCUMENT_TYPE,The trial and product are unspecified.
PRM-1167,What is the latest safety information?,AMBIGUOUS,AMB_ENTITY_UNSPECIFIED; AMB_VERSION_TEMPORAL; AMB_ENDPOINT_TYPE,"The product, time point, and safety endpoint are unspecified."
PRM-1168,What is the latest efficacy information?,AMBIGUOUS,AMB_ENTITY_UNSPECIFIED; AMB_VERSION_TEMPORAL; AMB_ENDPOINT_TYPE,"The product, time point, and efficacy endpoint are unspecified."
PRM-1169,Is the drug approved?,AMBIGUOUS,AMB_ENTITY_UNSPECIFIED; AMB_REGULATORY_JURISDICTION,The drug and regulatory authority are unspecified.
PRM-1170,Is this treatment approved?,AMBIGUOUS,AMB_ENTITY_UNSPECIFIED; AMB_REGULATORY_JURISDICTION,The treatment and regulatory authority are unspecified.
PRM-1171,What is the drug's half-life?,AMBIGUOUS,AMB_ENTITY_UNSPECIFIED,The drug is not identified.
PRM-1172,What is its clearance?,AMBIGUOUS,AMB_ENTITY_UNSPECIFIED; AMB_ENDPOINT_TYPE,The referenced product is not identified.
PRM-1173,What is its dose?,AMBIGUOUS,AMB_ENTITY_UNSPECIFIED; AMB_DOSAGE_STRENGTH,The referenced product is not identified.
PRM-1174,What are its side effects?,AMBIGUOUS,AMB_ENTITY_UNSPECIFIED,The referenced product is not identified.
PRM-1175,What are its indications?,AMBIGUOUS,AMB_ENTITY_UNSPECIFIED,The referenced product is not identified.
PRM-1176,Is it safe for children?,AMBIGUOUS,AMB_ENTITY_UNSPECIFIED; AMB_ARM_POPULATION,The product and pediatric population are unspecified.
PRM-1177,How often should it be taken?,AMBIGUOUS,AMB_ENTITY_UNSPECIFIED; AMB_REGIMEN_SCHEDULE,The product and regimen are unspecified.
PRM-1178,Can it be taken with food?,AMBIGUOUS,AMB_ENTITY_UNSPECIFIED; AMB_ROUTE_FORMULATION,The product and formulation are unspecified.
PRM-1179,Can it be used during pregnancy?,AMBIGUOUS,AMB_ENTITY_UNSPECIFIED; AMB_ARM_POPULATION,The product and pregnancy population are unspecified.
PRM-1180,Can it be used in elderly patients?,AMBIGUOUS,AMB_ENTITY_UNSPECIFIED; AMB_ARM_POPULATION,The product and elderly population are unspecified.
PRM-1181,What is the treatment effect?,AMBIGUOUS,AMB_ENTITY_UNSPECIFIED; AMB_ENDPOINT_TYPE,The product and treatment-effect endpoint are unspecified.
PRM-1182,What is the clinical benefit?,AMBIGUOUS,AMB_ENTITY_UNSPECIFIED; AMB_ENDPOINT_TYPE,The product and benefit measure are unspecified.
PRM-1183,What is the safety profile?,AMBIGUOUS,AMB_ENTITY_UNSPECIFIED; AMB_ENDPOINT_TYPE,The product and safety endpoint are unspecified.
PRM-1184,What is the efficacy profile?,AMBIGUOUS,AMB_ENTITY_UNSPECIFIED; AMB_ENDPOINT_TYPE,The product and efficacy endpoint are unspecified.
PRM-1185,What is the exposure?,AMBIGUOUS,AMB_ENTITY_UNSPECIFIED; AMB_ENDPOINT_TYPE,The product and exposure parameter are unspecified.
PRM-1186,What is the pharmacokinetic profile?,AMBIGUOUS,AMB_ENTITY_UNSPECIFIED; AMB_ENDPOINT_TYPE,The product and PK parameters are unspecified.
PRM-1187,What is the pharmacodynamic effect?,AMBIGUOUS,AMB_ENTITY_UNSPECIFIED; AMB_ENDPOINT_TYPE,The product and PD endpoint are unspecified.
PRM-1188,What is the response duration?,AMBIGUOUS,AMB_ENTITY_UNSPECIFIED; AMB_ENDPOINT_TYPE,The product and response definition are unspecified.
PRM-1189,What is the progression-free survival?,AMBIGUOUS,AMB_ENTITY_UNSPECIFIED; AMB_ENDPOINT_TYPE,The treatment and PFS population/analysis are unspecified.
PRM-1190,What is the overall survival?,AMBIGUOUS,AMB_ENTITY_UNSPECIFIED; AMB_ENDPOINT_TYPE,The treatment and OS analysis are unspecified.
PRM-1191,What is the response rate?,AMBIGUOUS,AMB_ENTITY_UNSPECIFIED; AMB_ENDPOINT_TYPE,The treatment and response criteria are unspecified.
PRM-1192,What is the adverse event rate?,AMBIGUOUS,AMB_ENTITY_UNSPECIFIED; AMB_ENDPOINT_TYPE,The product and event definition are unspecified.
PRM-1193,What is the serious adverse event rate?,AMBIGUOUS,AMB_ENTITY_UNSPECIFIED; AMB_ENDPOINT_TYPE,The product and safety-analysis context are unspecified.
PRM-1194,What is the toxicity profile?,AMBIGUOUS,AMB_ENTITY_UNSPECIFIED; AMB_ENDPOINT_TYPE,The product and toxicity endpoint are unspecified.
PRM-1195,What is the recommended regimen?,AMBIGUOUS,AMB_ENTITY_UNSPECIFIED; AMB_REGIMEN_SCHEDULE,The product and regimen are unspecified.
PRM-1196,What is the treatment arm?,AMBIGUOUS,AMB_ENTITY_UNSPECIFIED; AMB_ARM_POPULATION,The study/product and treatment-arm context are unspecified.
PRM-1197,What is the comparator?,AMBIGUOUS,AMB_ENTITY_UNSPECIFIED; AMB_COMPARATOR_MISSING,The study and comparator context are unspecified.
PRM-1198,What is the study population?,AMBIGUOUS,AMB_ENTITY_UNSPECIFIED; AMB_ARM_POPULATION,The study/product and population are unspecified.
PRM-1199,What is the endpoint?,AMBIGUOUS,AMB_ENTITY_UNSPECIFIED; AMB_ENDPOINT_TYPE,The study/product and endpoint are unspecified.
PRM-1200,What are the treatment results?,AMBIGUOUS,AMB_ENTITY_UNSPECIFIED; AMB_ENDPOINT_TYPE,The treatment and requested outcome measure are unspecified.
PRM-1201,What are the side effects?,AMBIGUOUS,AMB_ENTITY_UNSPECIFIED,No drug or treatment is specified.
PRM-1202,What is the dose?,AMBIGUOUS,AMB_ENTITY_UNSPECIFIED; AMB_DOSAGE_STRENGTH,The drug and dosing context are missing.
PRM-1203,What are the indications?,AMBIGUOUS,AMB_ENTITY_UNSPECIFIED,The drug is not specified.
PRM-1204,What are the warnings?,AMBIGUOUS,AMB_ENTITY_UNSPECIFIED,The drug is not identified.
PRM-1205,What is the half-life?,AMBIGUOUS,AMB_ENTITY_UNSPECIFIED,The drug is not identified.
PRM-1206,What are the contraindications?,AMBIGUOUS,AMB_ENTITY_UNSPECIFIED,The product is unspecified.
PRM-1207,What is the storage temperature?,AMBIGUOUS,AMB_ENTITY_UNSPECIFIED,The product is unspecified.
PRM-1208,What are the interactions?,AMBIGUOUS,AMB_ENTITY_UNSPECIFIED,The drug is unspecified.
PRM-1209,What is the maximum dose?,AMBIGUOUS,AMB_ENTITY_UNSPECIFIED; AMB_DOSAGE_STRENGTH,The drug is not specified.
PRM-1210,What is the recommended dose?,AMBIGUOUS,AMB_ENTITY_UNSPECIFIED; AMB_DOSAGE_STRENGTH,The product is unspecified.
PRM-1211,Is it safe?,AMBIGUOUS,AMB_ENTITY_UNSPECIFIED,The treatment is unspecified.
PRM-1212,Is it effective?,AMBIGUOUS,AMB_ENTITY_UNSPECIFIED; AMB_ENDPOINT_TYPE,The treatment and effectiveness measure are unspecified.
PRM-1213,What is the treatment?,AMBIGUOUS,AMB_ENTITY_UNSPECIFIED,The disease or treatment context is missing.
PRM-1214,What is the dosage?,AMBIGUOUS,AMB_ENTITY_UNSPECIFIED; AMB_DOSAGE_STRENGTH,The product is unspecified.
PRM-1215,How often should it be taken?,AMBIGUOUS,AMB_ENTITY_UNSPECIFIED; AMB_REGIMEN_SCHEDULE,The product and schedule are missing.
PRM-1216,How long should it be taken?,AMBIGUOUS,AMB_ENTITY_UNSPECIFIED; AMB_REGIMEN_SCHEDULE,The treatment is unspecified.
PRM-1217,What are the benefits?,AMBIGUOUS,AMB_ENTITY_UNSPECIFIED; AMB_ENDPOINT_TYPE,The treatment and outcome are unspecified.
PRM-1218,What are the risks?,AMBIGUOUS,AMB_ENTITY_UNSPECIFIED; AMB_ENDPOINT_TYPE,The treatment is unspecified.
PRM-1219,What are the results?,AMBIGUOUS,AMB_ENTITY_UNSPECIFIED; AMB_ENDPOINT_TYPE,The study or treatment is unspecified.
PRM-1220,What is the outcome?,AMBIGUOUS,AMB_ENTITY_UNSPECIFIED; AMB_ENDPOINT_TYPE,The study and endpoint are unspecified.
PRM-1221,What is the dose for children?,AMBIGUOUS,AMB_ENTITY_UNSPECIFIED; AMB_DOSAGE_STRENGTH; AMB_ARM_POPULATION,The drug and pediatric age group are missing.
PRM-1222,What is the dose for adults?,AMBIGUOUS,AMB_ENTITY_UNSPECIFIED; AMB_DOSAGE_STRENGTH; AMB_ARM_POPULATION,The drug is not specified.
PRM-1223,Is it safe for children?,AMBIGUOUS,AMB_ENTITY_UNSPECIFIED; AMB_ARM_POPULATION,The drug and pediatric population are unspecified.
PRM-1224,Is it safe for adults?,AMBIGUOUS,AMB_ENTITY_UNSPECIFIED; AMB_ARM_POPULATION,The drug is unspecified.
PRM-1225,Can children take it?,AMBIGUOUS,AMB_ENTITY_UNSPECIFIED; AMB_ARM_POPULATION,The product is unspecified.
PRM-1226,Can adults take it?,AMBIGUOUS,AMB_ENTITY_UNSPECIFIED; AMB_ARM_POPULATION,The product is unspecified.
PRM-1227,Can I take it daily?,AMBIGUOUS,AMB_ENTITY_UNSPECIFIED; AMB_REGIMEN_SCHEDULE,The product and regimen are missing.
PRM-1228,Can I take it at night?,AMBIGUOUS,AMB_ENTITY_UNSPECIFIED; AMB_REGIMEN_SCHEDULE,The product is unspecified.
PRM-1229,Can I take it with food?,AMBIGUOUS,AMB_ENTITY_UNSPECIFIED; AMB_ROUTE_FORMULATION,The product is unspecified.
PRM-1230,Can I take it with water?,AMBIGUOUS,AMB_ENTITY_UNSPECIFIED,The product is unspecified.
PRM-1231,What is its dose?,AMBIGUOUS,AMB_ENTITY_UNSPECIFIED; AMB_DOSAGE_STRENGTH,The referenced drug is unknown.
PRM-1232,What are its side effects?,AMBIGUOUS,AMB_ENTITY_UNSPECIFIED,The referenced drug is unknown.
PRM-1233,What are its indications?,AMBIGUOUS,AMB_ENTITY_UNSPECIFIED,The referenced drug is unknown.
PRM-1234,What are its warnings?,AMBIGUOUS,AMB_ENTITY_UNSPECIFIED,The referenced product is unknown.
PRM-1235,What is its half-life?,AMBIGUOUS,AMB_ENTITY_UNSPECIFIED,The drug is not identified.
PRM-1236,What is its storage condition?,AMBIGUOUS,AMB_ENTITY_UNSPECIFIED,The product is unknown.
PRM-1237,What are its interactions?,AMBIGUOUS,AMB_ENTITY_UNSPECIFIED,The drug is unknown.
PRM-1238,Is it approved?,AMBIGUOUS,AMB_ENTITY_UNSPECIFIED; AMB_REGULATORY_JURISDICTION,The product and regulatory authority are unspecified.
PRM-1239,Is it available?,AMBIGUOUS,AMB_ENTITY_UNSPECIFIED,The product is unspecified.
PRM-1240,Is it effective?,AMBIGUOUS,AMB_ENTITY_UNSPECIFIED; AMB_ENDPOINT_TYPE,The treatment is unspecified.
PRM-1241,What is the best dose?,AMBIGUOUS,AMB_ENTITY_UNSPECIFIED; AMB_DOSAGE_STRENGTH,The product is unspecified.
PRM-1242,What is the usual dose?,AMBIGUOUS,AMB_ENTITY_UNSPECIFIED; AMB_DOSAGE_STRENGTH,The product is unspecified.
PRM-1243,What is the starting dose?,AMBIGUOUS,AMB_ENTITY_UNSPECIFIED; AMB_DOSAGE_STRENGTH,The drug is unspecified.
PRM-1244,What is the daily dose?,AMBIGUOUS,AMB_ENTITY_UNSPECIFIED; AMB_DOSAGE_STRENGTH,The drug is unspecified.
PRM-1245,What is the treatment dose?,AMBIGUOUS,AMB_ENTITY_UNSPECIFIED; AMB_DOSAGE_STRENGTH,The treatment is unspecified.
PRM-1246,What is the treatment duration?,AMBIGUOUS,AMB_ENTITY_UNSPECIFIED; AMB_REGIMEN_SCHEDULE,The treatment is unspecified.
PRM-1247,What is the treatment schedule?,AMBIGUOUS,AMB_ENTITY_UNSPECIFIED; AMB_REGIMEN_SCHEDULE,The treatment is unspecified.
PRM-1248,What is the treatment plan?,AMBIGUOUS,AMB_ENTITY_UNSPECIFIED; AMB_REGIMEN_SCHEDULE,No specific treatment is identified.
PRM-1249,What is the treatment response?,AMBIGUOUS,AMB_ENTITY_UNSPECIFIED; AMB_ENDPOINT_TYPE,The treatment and response criteria are unspecified.
PRM-1250,What is the treatment outcome?,AMBIGUOUS,AMB_ENTITY_UNSPECIFIED; AMB_ENDPOINT_TYPE,The treatment and outcome are unspecified.
PRM-1251,What is the survival rate?,AMBIGUOUS,AMB_ENTITY_UNSPECIFIED; AMB_ENDPOINT_TYPE,The treatment and population are unspecified.
PRM-1252,What is the response rate?,AMBIGUOUS,AMB_ENTITY_UNSPECIFIED; AMB_ENDPOINT_TYPE,The treatment and response definition are unspecified.
PRM-1253,What is the success rate?,AMBIGUOUS,AMB_ENTITY_UNSPECIFIED; AMB_ENDPOINT_TYPE,The treatment and success measure are unspecified.
PRM-1254,What is the efficacy?,AMBIGUOUS,AMB_ENTITY_UNSPECIFIED; AMB_ENDPOINT_TYPE,The treatment and efficacy endpoint are unspecified.
PRM-1255,What is the safety profile?,AMBIGUOUS,AMB_ENTITY_UNSPECIFIED; AMB_ENDPOINT_TYPE,The product is unspecified.
PRM-1256,What is the toxicity?,AMBIGUOUS,AMB_ENTITY_UNSPECIFIED; AMB_ENDPOINT_TYPE,The product is unspecified.
PRM-1257,What are the safety results?,AMBIGUOUS,AMB_ENTITY_UNSPECIFIED; AMB_ENDPOINT_TYPE,The product is unspecified.
PRM-1258,What are the efficacy results?,AMBIGUOUS,AMB_ENTITY_UNSPECIFIED; AMB_ENDPOINT_TYPE,The treatment is unspecified.
PRM-1259,What are the trial results?,AMBIGUOUS,AMB_ENTITY_UNSPECIFIED; AMB_DOCUMENT_TYPE,The trial is unspecified.
PRM-1260,What are the study results?,AMBIGUOUS,AMB_ENTITY_UNSPECIFIED; AMB_DOCUMENT_TYPE,The study is unspecified.
PRM-1261,What is the study about?,AMBIGUOUS,AMB_ENTITY_UNSPECIFIED; AMB_DOCUMENT_TYPE,The study is not identified.
PRM-1262,What does the study show?,AMBIGUOUS,AMB_ENTITY_UNSPECIFIED; AMB_DOCUMENT_TYPE,The study is unspecified.
PRM-1263,What does the trial show?,AMBIGUOUS,AMB_ENTITY_UNSPECIFIED; AMB_DOCUMENT_TYPE,The trial is unspecified.
PRM-1264,What are the findings?,AMBIGUOUS,AMB_ENTITY_UNSPECIFIED; AMB_DOCUMENT_TYPE,The study or document is unspecified.
PRM-1265,What is the result?,AMBIGUOUS,AMB_ENTITY_UNSPECIFIED; AMB_ENDPOINT_TYPE,The subject and requested result are unspecified.
PRM-1266,What is the outcome?,AMBIGUOUS,AMB_ENTITY_UNSPECIFIED; AMB_ENDPOINT_TYPE,The subject and outcome are unspecified.
PRM-1267,What is the endpoint?,AMBIGUOUS,AMB_ENTITY_UNSPECIFIED; AMB_ENDPOINT_TYPE,The study and endpoint are unspecified.
PRM-1268,What is the primary endpoint?,AMBIGUOUS,AMB_ENTITY_UNSPECIFIED; AMB_ENDPOINT_TYPE,The study is unspecified.
PRM-1269,What is the secondary endpoint?,AMBIGUOUS,AMB_ENTITY_UNSPECIFIED; AMB_ENDPOINT_TYPE,The study is unspecified.
PRM-1270,What is the study population?,AMBIGUOUS,AMB_ENTITY_UNSPECIFIED; AMB_ARM_POPULATION,The study is unspecified.
PRM-1271,Who were the patients?,AMBIGUOUS,AMB_ENTITY_UNSPECIFIED; AMB_ARM_POPULATION,The study or treatment population is unspecified.
PRM-1272,Who received the treatment?,AMBIGUOUS,AMB_ENTITY_UNSPECIFIED; AMB_ARM_POPULATION,The treatment is unspecified.
PRM-1273,Who was included?,AMBIGUOUS,AMB_ENTITY_UNSPECIFIED; AMB_ARM_POPULATION,The study and population are unspecified.
PRM-1274,Who was excluded?,AMBIGUOUS,AMB_ENTITY_UNSPECIFIED; AMB_ARM_POPULATION,The study and population are unspecified.
PRM-1275,What are the inclusion criteria?,AMBIGUOUS,AMB_ENTITY_UNSPECIFIED; AMB_ARM_POPULATION,The study is unspecified.
PRM-1276,What are the exclusion criteria?,AMBIGUOUS,AMB_ENTITY_UNSPECIFIED; AMB_ARM_POPULATION,The study is unspecified.
PRM-1277,What is the comparator?,AMBIGUOUS,AMB_ENTITY_UNSPECIFIED; AMB_COMPARATOR_MISSING,The study and treatment comparison are unspecified.
PRM-1278,What is the control group?,AMBIGUOUS,AMB_ENTITY_UNSPECIFIED; AMB_COMPARATOR_MISSING,The study is unspecified.
PRM-1279,What is the treatment arm?,AMBIGUOUS,AMB_ENTITY_UNSPECIFIED; AMB_ARM_POPULATION,The study is unspecified.
PRM-1280,What is the control arm?,AMBIGUOUS,AMB_ENTITY_UNSPECIFIED; AMB_COMPARATOR_MISSING,The study is unspecified.
PRM-1281,What is the study dose?,AMBIGUOUS,AMB_ENTITY_UNSPECIFIED; AMB_DOSAGE_STRENGTH,The drug and study are unspecified.
PRM-1282,What is the trial dose?,AMBIGUOUS,AMB_ENTITY_UNSPECIFIED; AMB_DOSAGE_STRENGTH,The trial and drug are unspecified.
PRM-1283,What is the study duration?,AMBIGUOUS,AMB_ENTITY_UNSPECIFIED; AMB_REGIMEN_SCHEDULE,The study is unspecified.
PRM-1284,What is the trial duration?,AMBIGUOUS,AMB_ENTITY_UNSPECIFIED; AMB_REGIMEN_SCHEDULE,The trial is unspecified.
PRM-1285,What is the study date?,AMBIGUOUS,AMB_ENTITY_UNSPECIFIED; AMB_VERSION_TEMPORAL,The study is unspecified.
PRM-1286,What is the latest result?,AMBIGUOUS,AMB_ENTITY_UNSPECIFIED; AMB_VERSION_TEMPORAL,The subject and time reference are unspecified.
PRM-1287,What is the latest dose?,AMBIGUOUS,AMB_ENTITY_UNSPECIFIED; AMB_VERSION_TEMPORAL; AMB_DOSAGE_STRENGTH,The product and time reference are unspecified.
PRM-1288,What is the latest safety data?,AMBIGUOUS,AMB_ENTITY_UNSPECIFIED; AMB_VERSION_TEMPORAL,The product and time reference are unspecified.
PRM-1289,What is the latest efficacy data?,AMBIGUOUS,AMB_ENTITY_UNSPECIFIED; AMB_VERSION_TEMPORAL,The treatment and time reference are unspecified.
PRM-1290,What does the latest report say?,AMBIGUOUS,AMB_ENTITY_UNSPECIFIED; AMB_VERSION_TEMPORAL; AMB_DOCUMENT_TYPE,The report and subject are unspecified.
PRM-1291,Is the drug approved?,AMBIGUOUS,AMB_ENTITY_UNSPECIFIED; AMB_REGULATORY_JURISDICTION,No specific drug or authority is provided.
PRM-1292,Is the medicine approved?,AMBIGUOUS,AMB_ENTITY_UNSPECIFIED; AMB_REGULATORY_JURISDICTION,The medicine and authority are unspecified.
PRM-1293,What is the approved dose?,AMBIGUOUS,AMB_ENTITY_UNSPECIFIED; AMB_DOSAGE_STRENGTH; AMB_REGULATORY_JURISDICTION,The product and regulatory context are missing.
PRM-1294,What is the approved use?,AMBIGUOUS,AMB_ENTITY_UNSPECIFIED; AMB_REGULATORY_JURISDICTION,The product and authority are unspecified.
PRM-1295,What does the label say?,AMBIGUOUS,AMB_ENTITY_UNSPECIFIED; AMB_DOCUMENT_TYPE,The product label is unspecified.
PRM-1296,What does the report say?,AMBIGUOUS,AMB_ENTITY_UNSPECIFIED; AMB_DOCUMENT_TYPE,The report and subject are unspecified.
PRM-1297,What does the protocol say?,AMBIGUOUS,AMB_ENTITY_UNSPECIFIED; AMB_DOCUMENT_TYPE,The protocol is unspecified.
PRM-1298,What does the guideline say?,AMBIGUOUS,AMB_ENTITY_UNSPECIFIED; AMB_DOCUMENT_TYPE,The guideline and subject are unspecified.
PRM-1299,What does the FDA say?,AMBIGUOUS,AMB_ENTITY_UNSPECIFIED,The product and specific FDA document are unspecified.
PRM-1300,What does the EMA say?,AMBIGUOUS,AMB_ENTITY_UNSPECIFIED,The product and specific EMA document are unspecified.
PRM-1301,What are the common side effects of this medicine?,AMBIGUOUS,AMB_ENTITY_UNSPECIFIED,Does not identify the specific medicine.
PRM-1302,What is the recommended dose for this drug?,AMBIGUOUS,AMB_ENTITY_UNSPECIFIED,The drug name is not specified.
PRM-1303,Can this antibiotic be used in children?,AMBIGUOUS,AMB_ENTITY_UNSPECIFIED,Does not identify the antibiotic.
PRM-1304,What are the warnings for this tablet?,AMBIGUOUS,AMB_ENTITY_UNSPECIFIED,The specific tablet is not identified.
PRM-1305,What is the maximum dose of this medication?,AMBIGUOUS,AMB_ENTITY_UNSPECIFIED,The medication is unspecified.
PRM-1306,Is this drug safe during pregnancy?,AMBIGUOUS,AMB_ENTITY_UNSPECIFIED,The drug is not named.
PRM-1307,What are the indications for this medicine?,AMBIGUOUS,AMB_ENTITY_UNSPECIFIED,The medicine is unspecified.
PRM-1308,What are the interactions of this drug?,AMBIGUOUS,AMB_ENTITY_UNSPECIFIED,No specific drug is provided.
PRM-1309,How should this medicine be stored?,AMBIGUOUS,AMB_ENTITY_UNSPECIFIED,The medicine is not identified.
PRM-1310,What is the usual dose for this antibiotic?,AMBIGUOUS,AMB_ENTITY_UNSPECIFIED,The antibiotic is unspecified.
PRM-1311,What are the benefits of this treatment?,AMBIGUOUS,AMB_ENTITY_UNSPECIFIED,The treatment is not identified.
PRM-1312,What are the risks of this medicine?,AMBIGUOUS,AMB_ENTITY_UNSPECIFIED,No medicine name is given.
PRM-1313,Can this medication be taken with food?,AMBIGUOUS,AMB_ENTITY_UNSPECIFIED,The medication is unspecified.
PRM-1314,How often should this drug be taken?,AMBIGUOUS,AMB_ENTITY_UNSPECIFIED,The drug is not identified.
PRM-1315,How long should I use this medicine?,AMBIGUOUS,AMB_ENTITY_UNSPECIFIED,The medicine is unspecified.
PRM-1316,Is this treatment approved for children?,AMBIGUOUS,AMB_ENTITY_UNSPECIFIED,The treatment is not specified.
PRM-1317,What is the recommended dose of this tablet?,AMBIGUOUS,AMB_ENTITY_UNSPECIFIED,The tablet is not identified.
PRM-1318,What are the common reactions to this injection?,AMBIGUOUS,AMB_ENTITY_UNSPECIFIED,The injection is unspecified.
PRM-1319,Is this antibiotic effective?,AMBIGUOUS,AMB_ENTITY_UNSPECIFIED,The antibiotic is not named.
PRM-1320,What are the contraindications for this drug?,AMBIGUOUS,AMB_ENTITY_UNSPECIFIED,The specific drug is missing.
PRM-1321,What is the best dose for this medicine?,AMBIGUOUS,AMB_ENTITY_UNSPECIFIED,The medicine is not identified.
PRM-1322,What are the adverse events for this treatment?,AMBIGUOUS,AMB_ENTITY_UNSPECIFIED,The treatment is unspecified.
PRM-1323,Can this drug cause dizziness?,AMBIGUOUS,AMB_ENTITY_UNSPECIFIED,The drug is not identified.
PRM-1324,Can this medicine cause sleepiness?,AMBIGUOUS,AMB_ENTITY_UNSPECIFIED,The medicine is unspecified.
PRM-1325,What is the storage condition for this drug?,AMBIGUOUS,AMB_ENTITY_UNSPECIFIED,The drug is not specified.
PRM-1326,What is the approved use of this medicine?,AMBIGUOUS,AMB_ENTITY_UNSPECIFIED,The medicine is unspecified.
PRM-1327,What are the serious side effects of this drug?,AMBIGUOUS,AMB_ENTITY_UNSPECIFIED,No drug name is provided.
PRM-1328,Can this tablet be given to children?,AMBIGUOUS,AMB_ENTITY_UNSPECIFIED,The tablet is not identified.
PRM-1329,What is the pediatric dose for this medicine?,AMBIGUOUS,AMB_ENTITY_UNSPECIFIED,The medicine is unspecified.
PRM-1330,What are the precautions for this drug?,AMBIGUOUS,AMB_ENTITY_UNSPECIFIED,The drug is not identified.
PRM-1331,What is the usual route for this medication?,AMBIGUOUS,AMB_ENTITY_UNSPECIFIED,The medication is unspecified.
PRM-1332,Is this medicine available as an injection?,AMBIGUOUS,AMB_ENTITY_UNSPECIFIED,The medicine is not named.
PRM-1333,What is the half-life of this drug?,AMBIGUOUS,AMB_ENTITY_UNSPECIFIED,The specific drug is missing.
PRM-1334,What is the onset of action of this medicine?,AMBIGUOUS,AMB_ENTITY_UNSPECIFIED,The medicine is unspecified.
PRM-1335,How is this drug eliminated?,AMBIGUOUS,AMB_ENTITY_UNSPECIFIED,The drug is not identified.
PRM-1336,What are the pharmacokinetic properties of this medicine?,AMBIGUOUS,AMB_ENTITY_UNSPECIFIED,The medicine is unspecified.
PRM-1337,What are the clinical uses of this drug?,AMBIGUOUS,AMB_ENTITY_UNSPECIFIED,The drug is not named.
PRM-1338,What is the formulation of this medicine?,AMBIGUOUS,AMB_ENTITY_UNSPECIFIED,No specific medicine is given.
PRM-1339,What is the strength of this tablet?,AMBIGUOUS,AMB_ENTITY_UNSPECIFIED,The tablet is not identified.
PRM-1340,What is the shelf life of this medication?,AMBIGUOUS,AMB_ENTITY_UNSPECIFIED,The medication is unspecified.
PRM-1341,Is this drug prescription-only?,AMBIGUOUS,AMB_ENTITY_UNSPECIFIED,The drug is not identified.
PRM-1342,What are the overdose symptoms for this medicine?,AMBIGUOUS,AMB_ENTITY_UNSPECIFIED,The medicine is unspecified.
PRM-1343,What should be done if this drug is missed?,AMBIGUOUS,AMB_ENTITY_UNSPECIFIED,The drug is not identified.
PRM-1344,Can this medicine be stopped suddenly?,AMBIGUOUS,AMB_ENTITY_UNSPECIFIED,The medicine is unspecified.
PRM-1345,What are the withdrawal effects of this drug?,AMBIGUOUS,AMB_ENTITY_UNSPECIFIED,The specific drug is missing.
PRM-1346,What is the recommended treatment duration for this medicine?,AMBIGUOUS,AMB_ENTITY_UNSPECIFIED,The medicine is not identified.
PRM-1347,Can this drug be used for pain?,AMBIGUOUS,AMB_ENTITY_UNSPECIFIED,The drug is unspecified.
PRM-1348,Can this medicine treat an infection?,AMBIGUOUS,AMB_ENTITY_UNSPECIFIED,The medicine is not named.
PRM-1349,What infections does this antibiotic treat?,AMBIGUOUS,AMB_ENTITY_UNSPECIFIED,The antibiotic is unspecified.
PRM-1350,What cancers is this drug used for?,AMBIGUOUS,AMB_ENTITY_UNSPECIFIED,The drug is not identified.
PRM-1351,What is the approved age range for this medicine?,AMBIGUOUS,AMB_ENTITY_UNSPECIFIED,The medicine is unspecified.
PRM-1352,What is the adult dose of this drug?,AMBIGUOUS,AMB_ENTITY_UNSPECIFIED,The drug is not specified.
PRM-1353,What is the child dose of this medicine?,AMBIGUOUS,AMB_ENTITY_UNSPECIFIED,The medicine is not identified.
PRM-1354,What are the common laboratory abnormalities with this drug?,AMBIGUOUS,AMB_ENTITY_UNSPECIFIED,The drug is unspecified.
PRM-1355,What monitoring is needed for this medicine?,AMBIGUOUS,AMB_ENTITY_UNSPECIFIED,The medicine is not identified.
PRM-1356,Does this drug require dose adjustment?,AMBIGUOUS,AMB_ENTITY_UNSPECIFIED,The drug is unspecified.
PRM-1357,Is this medicine affected by kidney function?,AMBIGUOUS,AMB_ENTITY_UNSPECIFIED,The medicine is not identified.
PRM-1358,Is this drug affected by liver disease?,AMBIGUOUS,AMB_ENTITY_UNSPECIFIED,The drug is unspecified.
PRM-1359,What are the renal dosing recommendations for this medicine?,AMBIGUOUS,AMB_ENTITY_UNSPECIFIED,The medicine is not specified.
PRM-1360,What are the liver dosing recommendations for this drug?,AMBIGUOUS,AMB_ENTITY_UNSPECIFIED,The drug is not identified.
PRM-1361,Is this medicine safe for older adults?,AMBIGUOUS,AMB_ENTITY_UNSPECIFIED,The medicine is unspecified.
PRM-1362,Can this drug be used in patients with kidney problems?,AMBIGUOUS,AMB_ENTITY_UNSPECIFIED,The drug is not identified.
PRM-1363,Can this medicine be used in liver disease?,AMBIGUOUS,AMB_ENTITY_UNSPECIFIED,The medicine is unspecified.
PRM-1364,What is the pregnancy warning for this drug?,AMBIGUOUS,AMB_ENTITY_UNSPECIFIED,The drug is not specified.
PRM-1365,What is the breastfeeding warning for this medicine?,AMBIGUOUS,AMB_ENTITY_UNSPECIFIED,The medicine is not identified.
PRM-1366,What are the allergy warnings for this drug?,AMBIGUOUS,AMB_ENTITY_UNSPECIFIED,The drug is unspecified.
PRM-1367,Can this medicine cause an allergic reaction?,AMBIGUOUS,AMB_ENTITY_UNSPECIFIED,The medicine is not named.
PRM-1368,What are the food interactions for this drug?,AMBIGUOUS,AMB_ENTITY_UNSPECIFIED,The drug is not identified.
PRM-1369,What are the alcohol warnings for this medicine?,AMBIGUOUS,AMB_ENTITY_UNSPECIFIED,The medicine is unspecified.
PRM-1370,Can this drug be taken with other medicines?,AMBIGUOUS,AMB_ENTITY_UNSPECIFIED,The drug is not specified.
PRM-1371,What is the mechanism of action of this medicine?,AMBIGUOUS,AMB_ENTITY_UNSPECIFIED,The medicine is not identified.
PRM-1372,What target does this drug affect?,AMBIGUOUS,AMB_ENTITY_UNSPECIFIED,The drug is unspecified.
PRM-1373,What class does this medicine belong to?,AMBIGUOUS,AMB_ENTITY_UNSPECIFIED,The medicine is not named.
PRM-1374,Is this drug a biologic?,AMBIGUOUS,AMB_ENTITY_UNSPECIFIED,The drug is not identified.
PRM-1375,Is this medicine an antibiotic?,AMBIGUOUS,AMB_ENTITY_UNSPECIFIED,The medicine is unspecified.
PRM-1376,Is this drug an antiviral?,AMBIGUOUS,AMB_ENTITY_UNSPECIFIED,The drug is not identified.
PRM-1377,Is this medicine used for cancer?,AMBIGUOUS,AMB_ENTITY_UNSPECIFIED,The medicine is unspecified.
PRM-1378,Is this drug used for diabetes?,AMBIGUOUS,AMB_ENTITY_UNSPECIFIED,The drug is not specified.
PRM-1379,What is the indication for this injection?,AMBIGUOUS,AMB_ENTITY_UNSPECIFIED,The injection is not identified.
PRM-1380,What is the dose of this injection?,AMBIGUOUS,AMB_ENTITY_UNSPECIFIED,The specific injection is missing.
PRM-1381,What are the side effects of this injection?,AMBIGUOUS,AMB_ENTITY_UNSPECIFIED,The injection is unspecified.
PRM-1382,How should this injection be stored?,AMBIGUOUS,AMB_ENTITY_UNSPECIFIED,The injection is not identified.
PRM-1383,What is the shelf life of this injection?,AMBIGUOUS,AMB_ENTITY_UNSPECIFIED,The specific injection is missing.
PRM-1384,Can this injection be given at home?,AMBIGUOUS,AMB_ENTITY_UNSPECIFIED,The injection is unspecified.
PRM-1385,What is the dose of this syrup?,AMBIGUOUS,AMB_ENTITY_UNSPECIFIED,The syrup is not identified.
PRM-1386,What are the side effects of this syrup?,AMBIGUOUS,AMB_ENTITY_UNSPECIFIED,The specific syrup is missing.
PRM-1387,Can this syrup be given to babies?,AMBIGUOUS,AMB_ENTITY_UNSPECIFIED,The syrup is unspecified.
PRM-1388,How should this capsule be taken?,AMBIGUOUS,AMB_ENTITY_UNSPECIFIED,The capsule is not identified.
PRM-1389,What are the warnings for this capsule?,AMBIGUOUS,AMB_ENTITY_UNSPECIFIED,The specific capsule is missing.
PRM-1390,What is the dose of this capsule?,AMBIGUOUS,AMB_ENTITY_UNSPECIFIED,The capsule is unspecified.
PRM-1391,What is the efficacy of this treatment?,AMBIGUOUS,AMB_ENTITY_UNSPECIFIED,The treatment is not identified.
PRM-1392,What are the clinical results for this drug?,AMBIGUOUS,AMB_ENTITY_UNSPECIFIED,The drug is unspecified.
PRM-1393,What are the trial results for this medicine?,AMBIGUOUS,AMB_ENTITY_UNSPECIFIED,The medicine is not identified.
PRM-1394,What is the response rate for this treatment?,AMBIGUOUS,AMB_ENTITY_UNSPECIFIED,The treatment is unspecified.
PRM-1395,What is the survival benefit of this drug?,AMBIGUOUS,AMB_ENTITY_UNSPECIFIED,The drug is not identified.
PRM-1396,What are the safety results for this medicine?,AMBIGUOUS,AMB_ENTITY_UNSPECIFIED,The medicine is unspecified.
PRM-1397,What are the trial endpoints for this drug?,AMBIGUOUS,AMB_ENTITY_UNSPECIFIED,The drug is not identified.
PRM-1398,What is the recommended dose for this treatment?,AMBIGUOUS,AMB_ENTITY_UNSPECIFIED,The treatment is unspecified.
PRM-1399,What are the contraindications for this medicine?,AMBIGUOUS,AMB_ENTITY_UNSPECIFIED,The medicine is not identified.
PRM-1400,What are the adverse effects of this drug?,AMBIGUOUS,AMB_ENTITY_UNSPECIFIED,The drug is not specified.
PRM-1401,What are the common side effects of Amoxicillin?,VALID,VALID,Specifies the drug name.
PRM-1402,What is the recommended dose of Paracetamol for adults?,VALID,VALID,Specifies the drug and population.
PRM-1403,Can Amoxicillin be used in children?,VALID,VALID,Specifies the antibiotic and population.
PRM-1404,What are the warnings for Ibuprofen tablets?,VALID,VALID,Specifies the drug and formulation.
PRM-1405,What is the maximum daily dose of Metformin?,VALID,VALID,Specifies the drug and dose parameter.
PRM-1406,Is Amoxicillin safe during pregnancy?,VALID,VALID,Specifies the drug and population.
PRM-1407,What are the indications for Azithromycin?,VALID,VALID,Specifies the drug.
PRM-1408,What are the drug interactions of Warfarin?,VALID,VALID,Specifies the drug and information type.
PRM-1409,How should Insulin Glargine be stored?,VALID,VALID,Specifies the drug.
PRM-1410,What is the usual dose of Ciprofloxacin?,VALID,VALID,Specifies the drug and dose.
PRM-1411,What are the benefits of Pembrolizumab?,VALID,VALID,Specifies the treatment.
PRM-1412,What are the risks of Prednisolone?,VALID,VALID,Specifies the drug.
PRM-1413,Can Metformin be taken with food?,VALID,VALID,Specifies the drug.
PRM-1414,How often should Amoxicillin be taken?,VALID,VALID,Specifies the drug and dosing frequency.
PRM-1415,How long should Azithromycin be used?,VALID,VALID,Specifies the drug.
PRM-1416,Is Pembrolizumab approved for children?,VALID,VALID,Specifies the drug and population.
PRM-1417,What is the recommended dose of Aspirin?,VALID,VALID,Specifies the drug and dose parameter.
PRM-1418,What are the common reactions to Insulin Aspart?,VALID,VALID,Specifies the drug.
PRM-1419,Is Ciprofloxacin effective against bacterial infections?,VALID,VALID,Specifies the drug and indication context.
PRM-1420,What are the contraindications for Warfarin?,VALID,VALID,Specifies the drug.
PRM-1421,What is the usual dose of Amlodipine?,VALID,VALID,Specifies the drug.
PRM-1422,What are the adverse events of Pembrolizumab?,VALID,VALID,Specifies the drug.
PRM-1423,Can Metformin cause dizziness?,VALID,VALID,Specifies the drug.
PRM-1424,Can Diphenhydramine cause sleepiness?,VALID,VALID,Specifies the drug.
PRM-1425,What are the storage conditions for Insulin Glargine?,VALID,VALID,Specifies the drug.
PRM-1426,What are the approved uses of Atorvastatin?,VALID,VALID,Specifies the drug.
PRM-1427,What are the serious side effects of Warfarin?,VALID,VALID,Specifies the drug.
PRM-1428,Can Amoxicillin tablets be given to children?,VALID,VALID,"Specifies the drug, formulation, and population."
PRM-1429,What is the pediatric dose of Amoxicillin?,VALID,VALID,Specifies the drug and population.
PRM-1430,What precautions are needed with Methotrexate?,VALID,VALID,Specifies the drug.
PRM-1431,What is the usual route of administration for Insulin Aspart?,VALID,VALID,Specifies the drug.
PRM-1432,Is Insulin Glargine available as an injection?,VALID,VALID,Specifies the drug.
PRM-1433,What is the half-life of Ibuprofen?,VALID,VALID,Specifies the drug and parameter.
PRM-1434,What is the onset of action of Salbutamol?,VALID,VALID,Specifies the drug and parameter.
PRM-1435,How is Metformin eliminated from the body?,VALID,VALID,Specifies the drug.
PRM-1436,What are the pharmacokinetic properties of Amoxicillin?,VALID,VALID,Specifies the drug and information type.
PRM-1437,What are the clinical uses of Dexamethasone?,VALID,VALID,Specifies the drug.
PRM-1438,What formulation is available for Paracetamol?,VALID,VALID,Specifies the drug.
PRM-1439,What is the strength of this Atorvastatin tablet?,VALID,VALID,Specifies the drug and formulation.
PRM-1440,What is the shelf life of Amoxicillin suspension?,VALID,VALID,Specifies the drug and formulation.
PRM-1441,Is Warfarin prescription-only?,VALID,VALID,Specifies the drug.
PRM-1442,What are the overdose symptoms of Paracetamol?,VALID,VALID,Specifies the drug.
PRM-1443,What should I do if I miss a dose of Metformin?,VALID,VALID,Specifies the drug.
PRM-1444,Can Prednisolone be stopped suddenly?,VALID,VALID,Specifies the drug.
PRM-1445,What are the withdrawal effects of Prednisolone?,VALID,VALID,Specifies the drug.
PRM-1446,What is the recommended treatment duration for Amoxicillin?,VALID,VALID,Specifies the drug.
PRM-1447,Can Ibuprofen be used for pain?,VALID,VALID,Specifies the drug and use.
PRM-1448,Can Amoxicillin treat bacterial infections?,VALID,VALID,Specifies the drug and indication.
PRM-1449,What infections can Amoxicillin treat?,VALID,VALID,Specifies the antibiotic.
PRM-1450,What cancers is Pembrolizumab used to treat?,VALID,VALID,Specifies the drug and indication.
PRM-1451,What is the approved age range for Cetirizine?,VALID,VALID,Specifies the drug and population.
PRM-1452,What is the adult dose of Paracetamol?,VALID,VALID,Specifies the drug and population.
PRM-1453,What is the child dose of Ibuprofen?,VALID,VALID,Specifies the drug and population.
PRM-1454,What laboratory abnormalities can occur with Methotrexate?,VALID,VALID,Specifies the drug and outcome.
PRM-1455,What monitoring is needed for Warfarin treatment?,VALID,VALID,Specifies the drug.
PRM-1456,Does Metformin require dose adjustment?,VALID,VALID,Specifies the drug.
PRM-1457,Is Metformin affected by kidney function?,VALID,VALID,Specifies the drug and condition.
PRM-1458,Is Paracetamol affected by liver disease?,VALID,VALID,Specifies the drug and condition.
PRM-1459,What are the renal dosing recommendations for Metformin?,VALID,VALID,Specifies the drug and dosing context.
PRM-1460,What are the liver dosing recommendations for Paracetamol?,VALID,VALID,Specifies the drug and dosing context.
PRM-1461,Is Cetirizine safe for older adults?,VALID,VALID,Specifies the drug and population.
PRM-1462,Can Metformin be used in patients with kidney problems?,VALID,VALID,Specifies the drug and patient condition.
PRM-1463,Can Paracetamol be used in patients with liver disease?,VALID,VALID,Specifies the drug and condition.
PRM-1464,What is the pregnancy warning for Warfarin?,VALID,VALID,Specifies the drug and population.
PRM-1465,What is the breastfeeding warning for Amoxicillin?,VALID,VALID,Specifies the drug and population.
PRM-1466,What are the allergy warnings for Penicillin?,VALID,VALID,Specifies the drug.
PRM-1467,Can Amoxicillin cause an allergic reaction?,VALID,VALID,Specifies the drug.
PRM-1468,What are the food interactions for Warfarin?,VALID,VALID,Specifies the drug.
PRM-1469,What are the alcohol warnings for Metronidazole?,VALID,VALID,Specifies the drug.
PRM-1470,Can Warfarin be taken with other medicines?,VALID,VALID,Specifies the drug.
PRM-1471,What is the mechanism of action of Aspirin?,VALID,VALID,Specifies the drug and information type.
PRM-1472,What target does Imatinib affect?,VALID,VALID,Specifies the drug and target question.
PRM-1473,What drug class does Amlodipine belong to?,VALID,VALID,Specifies the drug.
PRM-1474,Is Pembrolizumab a biologic medicine?,VALID,VALID,Specifies the drug.
PRM-1475,Is Amoxicillin an antibiotic?,VALID,VALID,Specifies the drug.
PRM-1476,Is Oseltamivir an antiviral?,VALID,VALID,Specifies the drug.
PRM-1477,Is Pembrolizumab used for cancer treatment?,VALID,VALID,Specifies the drug and indication.
PRM-1478,Is Metformin used for diabetes?,VALID,VALID,Specifies the drug and indication.
PRM-1479,What are the indications for Insulin Glargine injection?,VALID,VALID,Specifies the drug and formulation.
PRM-1480,What is the dose of Insulin Glargine injection?,VALID,VALID,Specifies the drug and formulation.
PRM-1481,What are the side effects of Insulin Aspart injection?,VALID,VALID,Specifies the drug and formulation.
PRM-1482,How should Insulin Glargine injection be stored?,VALID,VALID,Specifies the drug and formulation.
PRM-1483,What is the shelf life of Amoxicillin injection?,VALID,VALID,Specifies the drug and formulation.
PRM-1484,Can Insulin Aspart injection be administered at home?,VALID,VALID,Specifies the drug and formulation.
PRM-1485,What is the dose of Amoxicillin syrup?,VALID,VALID,Specifies the drug and formulation.
PRM-1486,What are the side effects of Azithromycin syrup?,VALID,VALID,Specifies the drug and formulation.
PRM-1487,Can Paracetamol syrup be given to babies?,VALID,VALID,"Specifies the drug, formulation, and population."
PRM-1488,How should Omeprazole capsules be taken?,VALID,VALID,Specifies the drug and formulation.
PRM-1489,What are the warnings for Omeprazole capsules?,VALID,VALID,Specifies the drug and formulation.
PRM-1490,What is the dose of Omeprazole capsules?,VALID,VALID,Specifies the drug and formulation.
PRM-1491,What is the efficacy of Pembrolizumab?,VALID,VALID,Specifies the treatment.
PRM-1492,What are the clinical results for Atorvastatin?,VALID,VALID,Specifies the drug.
PRM-1493,What are the trial results for Pembrolizumab?,VALID,VALID,Specifies the drug.
PRM-1494,What is the response rate for Pembrolizumab in cancer trials?,VALID,VALID,Specifies the drug and clinical context.
PRM-1495,What is the survival benefit of Pembrolizumab?,VALID,VALID,Specifies the drug and outcome.
PRM-1496,What are the safety results for Atorvastatin?,VALID,VALID,Specifies the drug.
PRM-1497,What are the trial endpoints for Pembrolizumab?,VALID,VALID,Specifies the drug and trial information.
PRM-1498,What is the recommended dose of Amoxicillin?,VALID,VALID,Specifies the drug and dose parameter.
PRM-1499,What are the contraindications for Methotrexate?,VALID,VALID,Specifies the drug.
PRM-1500,What are the adverse effects of Amlodipine?,VALID,VALID,Specifies the drug.
PRM-1501,What is the dose of Cetirizine?,VALID,VALID,Specifies the drug.
PRM-1502,What are the side effects of Cetirizine?,VALID,VALID,Specifies the drug.
PRM-1503,Can Cetirizine be used in children?,VALID,VALID,Specifies the drug and population.
PRM-1504,What are the uses of Cetirizine?,VALID,VALID,Specifies the drug.
PRM-1505,How should Cetirizine be stored?,VALID,VALID,Specifies the drug.
PRM-1506,What is the dose of Omeprazole?,VALID,VALID,Specifies the drug.
PRM-1507,What are the side effects of Omeprazole?,VALID,VALID,Specifies the drug.
PRM-1508,Can Omeprazole be taken daily?,VALID,VALID,Specifies the drug.
PRM-1509,What are the uses of Omeprazole?,VALID,VALID,Specifies the drug.
PRM-1510,What are the warnings for Omeprazole?,VALID,VALID,Specifies the drug.
PRM-1511,What is the dose of Losartan?,VALID,VALID,Specifies the drug.
PRM-1512,What are the side effects of Losartan?,VALID,VALID,Specifies the drug.
PRM-1513,Can Losartan be used for hypertension?,VALID,VALID,Specifies the drug and indication.
PRM-1514,What are the contraindications for Losartan?,VALID,VALID,Specifies the drug.
PRM-1515,How should Losartan be taken?,VALID,VALID,Specifies the drug.
PRM-1516,What is the dose of Levothyroxine?,VALID,VALID,Specifies the drug.
PRM-1517,What are the side effects of Levothyroxine?,VALID,VALID,Specifies the drug.
PRM-1518,When should Levothyroxine be taken?,VALID,VALID,Specifies the drug.
PRM-1519,Can Levothyroxine be taken with food?,VALID,VALID,Specifies the drug.
PRM-1520,What are the uses of Levothyroxine?,VALID,VALID,Specifies the drug.
PRM-1521,What is the dose of Salbutamol?,VALID,VALID,Specifies the drug.
PRM-1522,What are the side effects of Salbutamol?,VALID,VALID,Specifies the drug.
PRM-1523,Can Salbutamol be used for asthma?,VALID,VALID,Specifies the drug and indication.
PRM-1524,How often should Salbutamol be used?,VALID,VALID,Specifies the drug.
PRM-1525,What are the warnings for Salbutamol?,VALID,VALID,Specifies the drug.
PRM-1526,What is the dose of Doxycycline?,VALID,VALID,Specifies the drug.
PRM-1527,What are the side effects of Doxycycline?,VALID,VALID,Specifies the drug.
PRM-1528,Can Doxycycline treat bacterial infections?,VALID,VALID,Specifies the drug and indication.
PRM-1529,Can Doxycycline be taken with food?,VALID,VALID,Specifies the drug.
PRM-1530,What are the contraindications for Doxycycline?,VALID,VALID,Specifies the drug.
PRM-1531,What is the dose of Fluoxetine?,VALID,VALID,Specifies the drug.
PRM-1532,What are the side effects of Fluoxetine?,VALID,VALID,Specifies the drug.
PRM-1533,What is Fluoxetine used for?,VALID,VALID,Specifies the drug.
PRM-1534,Can Fluoxetine cause sleepiness?,VALID,VALID,Specifies the drug.
PRM-1535,Can Fluoxetine be stopped suddenly?,VALID,VALID,Specifies the drug.
PRM-1536,What is the dose of Sertraline?,VALID,VALID,Specifies the drug.
PRM-1537,What are the side effects of Sertraline?,VALID,VALID,Specifies the drug.
PRM-1538,What is Sertraline used for?,VALID,VALID,Specifies the drug.
PRM-1539,Can Sertraline interact with other drugs?,VALID,VALID,Specifies the drug.
PRM-1540,What are the warnings for Sertraline?,VALID,VALID,Specifies the drug.
PRM-1541,What is the dose of Pantoprazole?,VALID,VALID,Specifies the drug.
PRM-1542,What are the side effects of Pantoprazole?,VALID,VALID,Specifies the drug.
PRM-1543,What is Pantoprazole used for?,VALID,VALID,Specifies the drug.
PRM-1544,Can Pantoprazole be taken before food?,VALID,VALID,Specifies the drug.
PRM-1545,What are the warnings for Pantoprazole?,VALID,VALID,Specifies the drug.
PRM-1546,What is the dose of Diclofenac?,VALID,VALID,Specifies the drug.
PRM-1547,What are the side effects of Diclofenac?,VALID,VALID,Specifies the drug.
PRM-1548,Can Diclofenac be used for pain?,VALID,VALID,Specifies the drug and indication.
PRM-1549,What are the contraindications for Diclofenac?,VALID,VALID,Specifies the drug.
PRM-1550,Can Diclofenac cause stomach problems?,VALID,VALID,Specifies the drug.
PRM-1551,What is the dose of Tramadol?,VALID,VALID,Specifies the drug.
PRM-1552,What are the side effects of Tramadol?,VALID,VALID,Specifies the drug.
PRM-1553,What is Tramadol used for?,VALID,VALID,Specifies the drug.
PRM-1554,Can Tramadol cause drowsiness?,VALID,VALID,Specifies the drug.
PRM-1555,What are the warnings for Tramadol?,VALID,VALID,Specifies the drug.
PRM-1556,What is the dose of Furosemide?,VALID,VALID,Specifies the drug.
PRM-1557,What are the side effects of Furosemide?,VALID,VALID,Specifies the drug.
PRM-1558,What is Furosemide used for?,VALID,VALID,Specifies the drug.
PRM-1559,Can Furosemide affect potassium levels?,VALID,VALID,Specifies the drug.
PRM-1560,What monitoring is needed with Furosemide?,VALID,VALID,Specifies the drug.
PRM-1561,What is the dose of Lisinopril?,VALID,VALID,Specifies the drug.
PRM-1562,What are the side effects of Lisinopril?,VALID,VALID,Specifies the drug.
PRM-1563,What is Lisinopril used for?,VALID,VALID,Specifies the drug.
PRM-1564,Can Lisinopril cause cough?,VALID,VALID,Specifies the drug.
PRM-1565,What are the contraindications for Lisinopril?,VALID,VALID,Specifies the drug.
PRM-1566,What is the dose of Atenolol?,VALID,VALID,Specifies the drug.
PRM-1567,What are the side effects of Atenolol?,VALID,VALID,Specifies the drug.
PRM-1568,What is Atenolol used for?,VALID,VALID,Specifies the drug.
PRM-1569,Can Atenolol lower heart rate?,VALID,VALID,Specifies the drug.
PRM-1570,What are the warnings for Atenolol?,VALID,VALID,Specifies the drug.
PRM-1571,What is the dose of Clopidogrel?,VALID,VALID,Specifies the drug.
PRM-1572,What are the side effects of Clopidogrel?,VALID,VALID,Specifies the drug.
PRM-1573,What is Clopidogrel used for?,VALID,VALID,Specifies the drug.
PRM-1574,Can Clopidogrel increase bleeding risk?,VALID,VALID,Specifies the drug.
PRM-1575,What are the contraindications for Clopidogrel?,VALID,VALID,Specifies the drug.
PRM-1576,What is the dose of Acyclovir?,VALID,VALID,Specifies the drug.
PRM-1577,What are the side effects of Acyclovir?,VALID,VALID,Specifies the drug.
PRM-1578,What is Acyclovir used for?,VALID,VALID,Specifies the drug.
PRM-1579,Can Acyclovir treat viral infections?,VALID,VALID,Specifies the drug and indication.
PRM-1580,How should Acyclovir be stored?,VALID,VALID,Specifies the drug.
PRM-1581,What is the dose of Fluconazole?,VALID,VALID,Specifies the drug.
PRM-1582,What are the side effects of Fluconazole?,VALID,VALID,Specifies the drug.
PRM-1583,What is Fluconazole used for?,VALID,VALID,Specifies the drug.
PRM-1584,Can Fluconazole interact with Warfarin?,VALID,VALID,Specifies both drugs.
PRM-1585,What are the warnings for Fluconazole?,VALID,VALID,Specifies the drug.
PRM-1586,What is the dose of Ondansetron?,VALID,VALID,Specifies the drug.
PRM-1587,What are the side effects of Ondansetron?,VALID,VALID,Specifies the drug.
PRM-1588,What is Ondansetron used for?,VALID,VALID,Specifies the drug.
PRM-1589,Can Ondansetron cause headache?,VALID,VALID,Specifies the drug.
PRM-1590,What are the contraindications for Ondansetron?,VALID,VALID,Specifies the drug.
PRM-1591,What is the dose of Hydrochlorothiazide?,VALID,VALID,Specifies the drug.
PRM-1592,What are the side effects of Hydrochlorothiazide?,VALID,VALID,Specifies the drug.
PRM-1593,What is Hydrochlorothiazide used for?,VALID,VALID,Specifies the drug.
PRM-1594,Can Hydrochlorothiazide lower blood pressure?,VALID,VALID,Specifies the drug and effect.
PRM-1595,What monitoring is needed for Hydrochlorothiazide?,VALID,VALID,Specifies the drug.
PRM-1596,What is the dose of Montelukast?,VALID,VALID,Specifies the drug.
PRM-1597,What are the side effects of Montelukast?,VALID,VALID,Specifies the drug.
PRM-1598,What is Montelukast used for?,VALID,VALID,Specifies the drug.
PRM-1599,Can Montelukast be used for asthma?,VALID,VALID,Specifies the drug and indication.
PRM-1600,What are the warnings for Montelukast?,VALID,VALID,Specifies the drug.
PRM-1601,What is the dose of Ranitidine?,VALID,VALID,Specifies the drug.
PRM-1602,What are the side effects of Ranitidine?,VALID,VALID,Specifies the drug.
PRM-1603,What is Ranitidine used for?,VALID,VALID,Specifies the drug.
PRM-1604,Can Ranitidine cause headache?,VALID,VALID,Specifies the drug.
PRM-1605,What are the warnings for Ranitidine?,VALID,VALID,Specifies the drug.
PRM-1606,What is the dose of Famotidine?,VALID,VALID,Specifies the drug.
PRM-1607,What are the side effects of Famotidine?,VALID,VALID,Specifies the drug.
PRM-1608,What is Famotidine used for?,VALID,VALID,Specifies the drug.
PRM-1609,Can Famotidine be taken with food?,VALID,VALID,Specifies the drug.
PRM-1610,What are the contraindications for Famotidine?,VALID,VALID,Specifies the drug.
PRM-1611,What is the dose of Naproxen?,VALID,VALID,Specifies the drug.
PRM-1612,What are the side effects of Naproxen?,VALID,VALID,Specifies the drug.
PRM-1613,What is Naproxen used for?,VALID,VALID,Specifies the drug.
PRM-1614,Can Naproxen cause stomach pain?,VALID,VALID,Specifies the drug.
PRM-1615,What are the warnings for Naproxen?,VALID,VALID,Specifies the drug.
PRM-1616,What is the dose of Meloxicam?,VALID,VALID,Specifies the drug.
PRM-1617,What are the side effects of Meloxicam?,VALID,VALID,Specifies the drug.
PRM-1618,What is Meloxicam used for?,VALID,VALID,Specifies the drug.
PRM-1619,Can Meloxicam be used for arthritis?,VALID,VALID,Specifies the drug and indication.
PRM-1620,What are the contraindications for Meloxicam?,VALID,VALID,Specifies the drug.
PRM-1621,What is the dose of Gabapentin?,VALID,VALID,Specifies the drug.
PRM-1622,What are the side effects of Gabapentin?,VALID,VALID,Specifies the drug.
PRM-1623,What is Gabapentin used for?,VALID,VALID,Specifies the drug.
PRM-1624,Can Gabapentin cause dizziness?,VALID,VALID,Specifies the drug.
PRM-1625,What are the warnings for Gabapentin?,VALID,VALID,Specifies the drug.
PRM-1626,What is the dose of Pregabalin?,VALID,VALID,Specifies the drug.
PRM-1627,What are the side effects of Pregabalin?,VALID,VALID,Specifies the drug.
PRM-1628,What is Pregabalin used for?,VALID,VALID,Specifies the drug.
PRM-1629,Can Pregabalin cause sleepiness?,VALID,VALID,Specifies the drug.
PRM-1630,What are the contraindications for Pregabalin?,VALID,VALID,Specifies the drug.
PRM-1631,What is the dose of Amiodarone?,VALID,VALID,Specifies the drug.
PRM-1632,What are the side effects of Amiodarone?,VALID,VALID,Specifies the drug.
PRM-1633,What is Amiodarone used for?,VALID,VALID,Specifies the drug.
PRM-1634,Can Amiodarone affect heart rhythm?,VALID,VALID,Specifies the drug.
PRM-1635,What monitoring is needed for Amiodarone?,VALID,VALID,Specifies the drug.
PRM-1636,What is the dose of Digoxin?,VALID,VALID,Specifies the drug.
PRM-1637,What are the side effects of Digoxin?,VALID,VALID,Specifies the drug.
PRM-1638,What is Digoxin used for?,VALID,VALID,Specifies the drug.
PRM-1639,Can Digoxin cause nausea?,VALID,VALID,Specifies the drug.
PRM-1640,What are the warnings for Digoxin?,VALID,VALID,Specifies the drug.
PRM-1641,What is the dose of Atropine?,VALID,VALID,Specifies the drug.
PRM-1642,What are the side effects of Atropine?,VALID,VALID,Specifies the drug.
PRM-1643,What is Atropine used for?,VALID,VALID,Specifies the drug.
PRM-1644,Can Atropine increase heart rate?,VALID,VALID,Specifies the drug.
PRM-1645,What are the contraindications for Atropine?,VALID,VALID,Specifies the drug.
PRM-1646,What is the dose of Epinephrine?,VALID,VALID,Specifies the drug.
PRM-1647,What are the side effects of Epinephrine?,VALID,VALID,Specifies the drug.
PRM-1648,What is Epinephrine used for?,VALID,VALID,Specifies the drug.
PRM-1649,Can Epinephrine increase blood pressure?,VALID,VALID,Specifies the drug.
PRM-1650,What are the warnings for Epinephrine?,VALID,VALID,Specifies the drug.
PRM-1651,What is the dose of Prednisone?,VALID,VALID,Specifies the drug.
PRM-1652,What are the side effects of Prednisone?,VALID,VALID,Specifies the drug.
PRM-1653,What is Prednisone used for?,VALID,VALID,Specifies the drug.
PRM-1654,Can Prednisone increase blood sugar?,VALID,VALID,Specifies the drug.
PRM-1655,Can Prednisone be stopped suddenly?,VALID,VALID,Specifies the drug.
PRM-1656,What is the dose of Hydrocortisone?,VALID,VALID,Specifies the drug.
PRM-1657,What are the side effects of Hydrocortisone?,VALID,VALID,Specifies the drug.
PRM-1658,What is Hydrocortisone used for?,VALID,VALID,Specifies the drug.
PRM-1659,Can Hydrocortisone be used on the skin?,VALID,VALID,Specifies the drug and route.
PRM-1660,What are the warnings for Hydrocortisone?,VALID,VALID,Specifies the drug.
PRM-1661,What is the dose of Clindamycin?,VALID,VALID,Specifies the drug.
PRM-1662,What are the side effects of Clindamycin?,VALID,VALID,Specifies the drug.
PRM-1663,What is Clindamycin used for?,VALID,VALID,Specifies the drug.
PRM-1664,Can Clindamycin treat skin infections?,VALID,VALID,Specifies the drug and indication.
PRM-1665,What are the contraindications for Clindamycin?,VALID,VALID,Specifies the drug.
PRM-1666,What is the dose of Ceftriaxone?,VALID,VALID,Specifies the drug.
PRM-1667,What are the side effects of Ceftriaxone?,VALID,VALID,Specifies the drug.
PRM-1668,What is Ceftriaxone used for?,VALID,VALID,Specifies the drug.
PRM-1669,Can Ceftriaxone be used in children?,VALID,VALID,Specifies the drug and population.
PRM-1670,What are the warnings for Ceftriaxone?,VALID,VALID,Specifies the drug.
PRM-1671,What is the dose of Meropenem?,VALID,VALID,Specifies the drug.
PRM-1672,What are the side effects of Meropenem?,VALID,VALID,Specifies the drug.
PRM-1673,What is Meropenem used for?,VALID,VALID,Specifies the drug.
PRM-1674,Can Meropenem treat serious infections?,VALID,VALID,Specifies the drug and indication.
PRM-1675,What are the contraindications for Meropenem?,VALID,VALID,Specifies the drug.
PRM-1676,What is the dose of Vancomycin?,VALID,VALID,Specifies the drug.
PRM-1677,What are the side effects of Vancomycin?,VALID,VALID,Specifies the drug.
PRM-1678,What is Vancomycin used for?,VALID,VALID,Specifies the drug.
PRM-1679,Can Vancomycin affect kidney function?,VALID,VALID,Specifies the drug.
PRM-1680,What monitoring is needed for Vancomycin?,VALID,VALID,Specifies the drug.
PRM-1681,What is the dose of Metronidazole?,VALID,VALID,Specifies the drug.
PRM-1682,What are the side effects of Metronidazole?,VALID,VALID,Specifies the drug.
PRM-1683,What is Metronidazole used for?,VALID,VALID,Specifies the drug.
PRM-1684,Can Metronidazole be taken with alcohol?,VALID,VALID,Specifies the drug and interaction.
PRM-1685,What are the warnings for Metronidazole?,VALID,VALID,Specifies the drug.
PRM-1686,What is the dose of Rifampicin?,VALID,VALID,Specifies the drug.
PRM-1687,What are the side effects of Rifampicin?,VALID,VALID,Specifies the drug.
PRM-1688,What is Rifampicin used for?,VALID,VALID,Specifies the drug.
PRM-1689,Can Rifampicin affect liver function?,VALID,VALID,Specifies the drug.
PRM-1690,What are the contraindications for Rifampicin?,VALID,VALID,Specifies the drug.
PRM-1691,What is the dose of Isoniazid?,VALID,VALID,Specifies the drug.
PRM-1692,What are the side effects of Isoniazid?,VALID,VALID,Specifies the drug.
PRM-1693,What is Isoniazid used for?,VALID,VALID,Specifies the drug.
PRM-1694,Can Isoniazid affect the liver?,VALID,VALID,Specifies the drug.
PRM-1695,What monitoring is needed for Isoniazid?,VALID,VALID,Specifies the drug.
PRM-1696,What is the dose of Ethambutol?,VALID,VALID,Specifies the drug.
PRM-1697,What are the side effects of Ethambutol?,VALID,VALID,Specifies the drug.
PRM-1698,What is Ethambutol used for?,VALID,VALID,Specifies the drug.
PRM-1699,Can Ethambutol affect vision?,VALID,VALID,Specifies the drug.
PRM-1700,What are the warnings for Ethambutol?,VALID,VALID,Specifies the drug.
PRM-1701,What are the side effects of this medicine?,AMBIGUOUS,AMB_ENTITY_UNSPECIFIED,The medicine is not identified.
PRM-1702,What is the dose of this drug?,AMBIGUOUS,AMB_ENTITY_UNSPECIFIED,The drug is not specified.
PRM-1703,Can this medicine be used in children?,AMBIGUOUS,AMB_ENTITY_UNSPECIFIED,The medicine is unspecified.
PRM-1704,What are the warnings for this tablet?,AMBIGUOUS,AMB_ENTITY_UNSPECIFIED,The tablet is not identified.
PRM-1705,Is this drug safe?,AMBIGUOUS,AMB_ENTITY_UNSPECIFIED,The drug is not named.
PRM-1706,What is this medicine used for?,AMBIGUOUS,AMB_ENTITY_UNSPECIFIED,The medicine is unspecified.
PRM-1707,How often should I take this?,AMBIGUOUS,AMB_ENTITY_UNSPECIFIED,The medicine and dose are missing.
PRM-1708,Can I take this with food?,AMBIGUOUS,AMB_ENTITY_UNSPECIFIED,The medicine is not identified.
PRM-1709,What are the risks of this treatment?,AMBIGUOUS,AMB_ENTITY_UNSPECIFIED,The treatment is unspecified.
PRM-1710,What is the maximum dose?,AMBIGUOUS,AMB_ENTITY_UNSPECIFIED,The drug is not specified.
PRM-1711,What are the common reactions?,AMBIGUOUS,AMB_ENTITY_UNSPECIFIED,The treatment or drug is missing.
PRM-1712,Is it safe during pregnancy?,AMBIGUOUS,AMB_ENTITY_UNSPECIFIED,No drug or treatment is identified.
PRM-1713,What are the contraindications?,AMBIGUOUS,AMB_ENTITY_UNSPECIFIED,The relevant drug is missing.
PRM-1714,What is the usual dose?,AMBIGUOUS,AMB_ENTITY_UNSPECIFIED,No drug is specified.
PRM-1715,Can this cause dizziness?,AMBIGUOUS,AMB_ENTITY_UNSPECIFIED,The drug or treatment is unspecified.
PRM-1716,Can it cause sleepiness?,AMBIGUOUS,AMB_ENTITY_UNSPECIFIED,The referenced substance is unclear.
PRM-1717,What are the side effects?,AMBIGUOUS,AMB_ENTITY_UNSPECIFIED,No drug or treatment is specified.
PRM-1718,How should it be stored?,AMBIGUOUS,AMB_ENTITY_UNSPECIFIED,The product is not identified.
PRM-1719,What is the shelf life?,AMBIGUOUS,AMB_ENTITY_UNSPECIFIED,The product is unspecified.
PRM-1720,Can it be used for pain?,AMBIGUOUS,AMB_ENTITY_UNSPECIFIED,The medicine is not identified.
PRM-1721,What is the recommended treatment?,AMBIGUOUS,AMB_ENTITY_UNSPECIFIED,No specific treatment is given.
PRM-1722,What medicine should I take?,AMBIGUOUS,AMB_ENTITY_UNSPECIFIED,No condition or medicine is specified.
PRM-1723,What is the best drug for this?,AMBIGUOUS,AMB_ENTITY_UNSPECIFIED,The condition and drug are unclear.
PRM-1724,Is this treatment effective?,AMBIGUOUS,AMB_ENTITY_UNSPECIFIED,The treatment is not identified.
PRM-1725,How long should I take it?,AMBIGUOUS,AMB_ENTITY_UNSPECIFIED,The medicine is unspecified.
PRM-1726,Should I stop taking it?,AMBIGUOUS,AMB_ENTITY_UNSPECIFIED,The medicine is not identified.
PRM-1727,Can I take it every day?,AMBIGUOUS,AMB_ENTITY_UNSPECIFIED,The medicine is unspecified.
PRM-1728,What happens if I miss a dose?,AMBIGUOUS,AMB_ENTITY_UNSPECIFIED,The drug is not identified.
PRM-1729,What happens if I take too much?,AMBIGUOUS,AMB_ENTITY_UNSPECIFIED,The substance is unspecified.
PRM-1730,Can I take both medicines together?,AMBIGUOUS,AMB_ENTITY_UNSPECIFIED,Neither medicine is identified.
PRM-1731,What are the drug interactions?,AMBIGUOUS,AMB_ENTITY_UNSPECIFIED,No drug is specified.
PRM-1732,Can this interact with other drugs?,AMBIGUOUS,AMB_ENTITY_UNSPECIFIED,The drug is unspecified.
PRM-1733,Is this an antibiotic?,AMBIGUOUS,AMB_ENTITY_UNSPECIFIED,The medicine is not identified.
PRM-1734,Is this an antiviral?,AMBIGUOUS,AMB_ENTITY_UNSPECIFIED,The drug is unspecified.
PRM-1735,Is this a steroid?,AMBIGUOUS,AMB_ENTITY_UNSPECIFIED,The product is not identified.
PRM-1736,Is this a biologic?,AMBIGUOUS,AMB_ENTITY_UNSPECIFIED,The drug is unspecified.
PRM-1737,What drug class is this?,AMBIGUOUS,AMB_ENTITY_UNSPECIFIED,The drug is not identified.
PRM-1738,What is the mechanism of this drug?,AMBIGUOUS,AMB_ENTITY_UNSPECIFIED,The drug is unspecified.
PRM-1739,What does this medicine do?,AMBIGUOUS,AMB_ENTITY_UNSPECIFIED,The medicine is not identified.
PRM-1740,How does this treatment work?,AMBIGUOUS,AMB_ENTITY_UNSPECIFIED,The treatment is unspecified.
PRM-1741,What are the benefits of this drug?,AMBIGUOUS,AMB_ENTITY_UNSPECIFIED,The drug is not identified.
PRM-1742,What are the disadvantages of this medicine?,AMBIGUOUS,AMB_ENTITY_UNSPECIFIED,The medicine is unspecified.
PRM-1743,Is this medicine harmful?,AMBIGUOUS,AMB_ENTITY_UNSPECIFIED,The medicine is not identified.
PRM-1744,Is this drug dangerous?,AMBIGUOUS,AMB_ENTITY_UNSPECIFIED,The drug is unspecified.
PRM-1745,What should I avoid with this medicine?,AMBIGUOUS,AMB_ENTITY_UNSPECIFIED,The medicine is not identified.
PRM-1746,Can this medicine cause an allergy?,AMBIGUOUS,AMB_ENTITY_UNSPECIFIED,The medicine is unspecified.
PRM-1747,What are the allergy warnings?,AMBIGUOUS,AMB_ENTITY_UNSPECIFIED,No drug is specified.
PRM-1748,Can this cause stomach problems?,AMBIGUOUS,AMB_ENTITY_UNSPECIFIED,The drug or treatment is missing.
PRM-1749,Can this affect the liver?,AMBIGUOUS,AMB_ENTITY_UNSPECIFIED,The medicine is not identified.
PRM-1750,Can this affect the kidneys?,AMBIGUOUS,AMB_ENTITY_UNSPECIFIED,The drug is unspecified.
PRM-1751,What is the renal dose?,AMBIGUOUS,AMB_ENTITY_UNSPECIFIED,The drug is not specified.
PRM-1752,What is the liver dose?,AMBIGUOUS,AMB_ENTITY_UNSPECIFIED,The medicine is unspecified.
PRM-1753,Does this need dose adjustment?,AMBIGUOUS,AMB_ENTITY_UNSPECIFIED,The drug is not identified.
PRM-1754,What monitoring is needed?,AMBIGUOUS,AMB_ENTITY_UNSPECIFIED,The treatment is unspecified.
PRM-1755,What tests should be done?,AMBIGUOUS,AMB_ENTITY_UNSPECIFIED,The drug or treatment context is missing.
PRM-1756,How should this injection be stored?,AMBIGUOUS,AMB_ENTITY_UNSPECIFIED,The injection is not identified.
PRM-1757,What is the dose of this injection?,AMBIGUOUS,AMB_ENTITY_UNSPECIFIED,The injection is unspecified.
PRM-1758,Can this injection be given at home?,AMBIGUOUS,AMB_ENTITY_UNSPECIFIED,The injection is not identified.
PRM-1759,What are the side effects of this injection?,AMBIGUOUS,AMB_ENTITY_UNSPECIFIED,The injection is unspecified.
PRM-1760,What is this injection used for?,AMBIGUOUS,AMB_ENTITY_UNSPECIFIED,The injection is not identified.
PRM-1761,What is the dose of this syrup?,AMBIGUOUS,AMB_ENTITY_UNSPECIFIED,The syrup is unspecified.
PRM-1762,Can this syrup be given to children?,AMBIGUOUS,AMB_ENTITY_UNSPECIFIED,The syrup is not identified.
PRM-1763,What are the side effects of this syrup?,AMBIGUOUS,AMB_ENTITY_UNSPECIFIED,The syrup is unspecified.
PRM-1764,How should this syrup be stored?,AMBIGUOUS,AMB_ENTITY_UNSPECIFIED,The product is not identified.
PRM-1765,What is this syrup used for?,AMBIGUOUS,AMB_ENTITY_UNSPECIFIED,The syrup is unspecified.
PRM-1766,What is the dose of this capsule?,AMBIGUOUS,AMB_ENTITY_UNSPECIFIED,The capsule is not identified.
PRM-1767,Can this capsule be taken daily?,AMBIGUOUS,AMB_ENTITY_UNSPECIFIED,The capsule is unspecified.
PRM-1768,What are the warnings for this capsule?,AMBIGUOUS,AMB_ENTITY_UNSPECIFIED,The capsule is not identified.
PRM-1769,What are the side effects of this capsule?,AMBIGUOUS,AMB_ENTITY_UNSPECIFIED,The product is unspecified.
PRM-1770,How should this capsule be stored?,AMBIGUOUS,AMB_ENTITY_UNSPECIFIED,The capsule is not identified.
PRM-1771,What are the trial results for our drug?,AMBIGUOUS,AMB_ENTITY_UNSPECIFIED,The specific drug is not named.
PRM-1772,What are the safety results for our treatment?,AMBIGUOUS,AMB_ENTITY_UNSPECIFIED,The treatment is unspecified.
PRM-1773,What is the response rate for this drug?,AMBIGUOUS,AMB_ENTITY_UNSPECIFIED,The drug is not identified.
PRM-1774,What is the survival benefit of our medicine?,AMBIGUOUS,AMB_ENTITY_UNSPECIFIED,The medicine is unspecified.
PRM-1775,What are the clinical results for our treatment?,AMBIGUOUS,AMB_ENTITY_UNSPECIFIED,The treatment is not identified.
PRM-1776,What is the efficacy of our lead drug?,AMBIGUOUS,AMB_ENTITY_UNSPECIFIED,The specific drug is missing.
PRM-1777,What are the indications for our main drug?,AMBIGUOUS,AMB_ENTITY_UNSPECIFIED,The drug is described vaguely.
PRM-1778,What are the side effects of our new medicine?,AMBIGUOUS,AMB_ENTITY_UNSPECIFIED,The medicine is not named.
PRM-1779,What is the dose of the new drug?,AMBIGUOUS,AMB_ENTITY_UNSPECIFIED,The drug is unspecified.
PRM-1780,Is our treatment approved?,AMBIGUOUS,AMB_ENTITY_UNSPECIFIED,The treatment is not identified.
PRM-1781,What are the side effects of the new antibiotic?,AMBIGUOUS,AMB_ENTITY_UNSPECIFIED,The specific antibiotic is missing.
PRM-1782,What is the dose of the common painkiller?,AMBIGUOUS,AMB_ENTITY_UNSPECIFIED,The specific painkiller is not identified.
PRM-1783,What are the warnings for the diabetes drug?,AMBIGUOUS,AMB_ENTITY_UNSPECIFIED,The specific diabetes drug is missing.
PRM-1784,What is the dose of the cancer medicine?,AMBIGUOUS,AMB_ENTITY_UNSPECIFIED,The specific medicine is not named.
PRM-1785,What are the uses of the blood pressure drug?,AMBIGUOUS,AMB_ENTITY_UNSPECIFIED,The drug is described generically.
PRM-1786,What are the side effects of the cholesterol medicine?,AMBIGUOUS,AMB_ENTITY_UNSPECIFIED,The specific medicine is missing.
PRM-1787,Can the allergy medicine cause sleepiness?,AMBIGUOUS,AMB_ENTITY_UNSPECIFIED,The specific medicine is not identified.
PRM-1788,What is the dose of the fever medicine?,AMBIGUOUS,AMB_ENTITY_UNSPECIFIED,The specific medicine is missing.
PRM-1789,What are the warnings for the heart medicine?,AMBIGUOUS,AMB_ENTITY_UNSPECIFIED,The specific drug is not identified.
PRM-1790,Can the diabetes medicine be taken with food?,AMBIGUOUS,AMB_ENTITY_UNSPECIFIED,The specific medicine is missing.
PRM-1791,What is the best dose for this treatment?,AMBIGUOUS,AMB_ENTITY_UNSPECIFIED,The treatment is unspecified.
PRM-1792,Can this medicine be used for adults?,AMBIGUOUS,AMB_ENTITY_UNSPECIFIED,The medicine is not identified.
PRM-1793,Can this drug be used for children?,AMBIGUOUS,AMB_ENTITY_UNSPECIFIED,The drug is unspecified.
PRM-1794,Is this treatment approved for pregnancy?,AMBIGUOUS,AMB_ENTITY_UNSPECIFIED,The treatment is not identified.
PRM-1795,What is the maximum amount of this medicine?,AMBIGUOUS,AMB_ENTITY_UNSPECIFIED,The medicine is unspecified.
PRM-1796,How quickly does this drug work?,AMBIGUOUS,AMB_ENTITY_UNSPECIFIED,The drug is not identified.
PRM-1797,How long does this medicine last?,AMBIGUOUS,AMB_ENTITY_UNSPECIFIED,The medicine is unspecified.
PRM-1798,Can this treatment be used daily?,AMBIGUOUS,AMB_ENTITY_UNSPECIFIED,The treatment is not identified.
PRM-1799,What happens if I stop this drug?,AMBIGUOUS,AMB_ENTITY_UNSPECIFIED,The drug is not specified.
PRM-1800,What should I know about this medicine?,AMBIGUOUS,AMB_ENTITY_UNSPECIFIED,The medicine is not identified.
PRM-1801,What is this medicine for?,AMBIGUOUS,AMB_ENTITY_UNSPECIFIED,The medicine is not identified.
PRM-1802,How much of this drug should I take?,AMBIGUOUS,AMB_ENTITY_UNSPECIFIED,The drug is unspecified.
PRM-1803,Is this medicine safe for children?,AMBIGUOUS,AMB_ENTITY_UNSPECIFIED,The medicine is not identified.
PRM-1804,Can this drug cause nausea?,AMBIGUOUS,AMB_ENTITY_UNSPECIFIED,The drug is unspecified.
PRM-1805,What are the common effects of this medicine?,AMBIGUOUS,AMB_ENTITY_UNSPECIFIED,The medicine is not identified.
PRM-1806,Can I take this drug at night?,AMBIGUOUS,AMB_ENTITY_UNSPECIFIED,The drug is unspecified.
PRM-1807,Should this medicine be taken with food?,AMBIGUOUS,AMB_ENTITY_UNSPECIFIED,The medicine is not identified.
PRM-1808,How many times should I take this drug?,AMBIGUOUS,AMB_ENTITY_UNSPECIFIED,The drug is unspecified.
PRM-1809,What happens if I take this medicine twice?,AMBIGUOUS,AMB_ENTITY_UNSPECIFIED,The medicine is not identified.
PRM-1810,Can this drug be taken every day?,AMBIGUOUS,AMB_ENTITY_UNSPECIFIED,The drug is unspecified.
PRM-1811,Is this medicine available as a tablet?,AMBIGUOUS,AMB_ENTITY_UNSPECIFIED,The medicine is not identified.
PRM-1812,Is this drug available as a syrup?,AMBIGUOUS,AMB_ENTITY_UNSPECIFIED,The drug is unspecified.
PRM-1813,Is this medicine available as an injection?,AMBIGUOUS,AMB_ENTITY_UNSPECIFIED,The medicine is not identified.
PRM-1814,What strength does this drug come in?,AMBIGUOUS,AMB_ENTITY_UNSPECIFIED,The drug is unspecified.
PRM-1815,How should this medicine be stored?,AMBIGUOUS,AMB_ENTITY_UNSPECIFIED,The medicine is not identified.
PRM-1816,Does this drug need refrigeration?,AMBIGUOUS,AMB_ENTITY_UNSPECIFIED,The drug is unspecified.
PRM-1817,How long can this medicine be stored?,AMBIGUOUS,AMB_ENTITY_UNSPECIFIED,The medicine is not identified.
PRM-1818,Can this drug be frozen?,AMBIGUOUS,AMB_ENTITY_UNSPECIFIED,The drug is unspecified.
PRM-1819,What is the shelf life of this medicine?,AMBIGUOUS,AMB_ENTITY_UNSPECIFIED,The medicine is not identified.
PRM-1820,Does this drug expire?,AMBIGUOUS,AMB_ENTITY_UNSPECIFIED,The drug is unspecified.
PRM-1821,What should I avoid while taking this medicine?,AMBIGUOUS,AMB_ENTITY_UNSPECIFIED,The medicine is not identified.
PRM-1822,Can I drink alcohol with this drug?,AMBIGUOUS,AMB_ENTITY_UNSPECIFIED,The drug is unspecified.
PRM-1823,Can I take vitamins with this medicine?,AMBIGUOUS,AMB_ENTITY_UNSPECIFIED,The medicine is not identified.
PRM-1824,Can I take this drug with another medicine?,AMBIGUOUS,AMB_ENTITY_UNSPECIFIED,The drug is unspecified.
PRM-1825,Does this medicine interact with food?,AMBIGUOUS,AMB_ENTITY_UNSPECIFIED,The medicine is not identified.
PRM-1826,Does this drug interact with alcohol?,AMBIGUOUS,AMB_ENTITY_UNSPECIFIED,The drug is unspecified.
PRM-1827,What medicines should I avoid with this drug?,AMBIGUOUS,AMB_ENTITY_UNSPECIFIED,The drug is not identified.
PRM-1828,Can this medicine interact with antibiotics?,AMBIGUOUS,AMB_ENTITY_UNSPECIFIED,The medicine is unspecified.
PRM-1829,Can this drug interact with painkillers?,AMBIGUOUS,AMB_ENTITY_UNSPECIFIED,The drug is not identified.
PRM-1830,Is this medicine affected by food?,AMBIGUOUS,AMB_ENTITY_UNSPECIFIED,The medicine is unspecified.
PRM-1831,What are the serious effects of this drug?,AMBIGUOUS,AMB_ENTITY_UNSPECIFIED,The drug is not identified.
PRM-1832,Can this medicine cause bleeding?,AMBIGUOUS,AMB_ENTITY_UNSPECIFIED,The medicine is unspecified.
PRM-1833,Can this drug cause a rash?,AMBIGUOUS,AMB_ENTITY_UNSPECIFIED,The drug is not identified.
PRM-1834,Can this medicine cause vomiting?,AMBIGUOUS,AMB_ENTITY_UNSPECIFIED,The medicine is unspecified.
PRM-1835,Can this drug cause diarrhea?,AMBIGUOUS,AMB_ENTITY_UNSPECIFIED,The drug is not identified.
PRM-1836,Can this medicine cause a headache?,AMBIGUOUS,AMB_ENTITY_UNSPECIFIED,The medicine is unspecified.
PRM-1837,Can this drug affect the heart?,AMBIGUOUS,AMB_ENTITY_UNSPECIFIED,The drug is not identified.
PRM-1838,Can this medicine affect blood pressure?,AMBIGUOUS,AMB_ENTITY_UNSPECIFIED,The medicine is unspecified.
PRM-1839,Can this drug affect blood sugar?,AMBIGUOUS,AMB_ENTITY_UNSPECIFIED,The drug is not identified.
PRM-1840,Can this medicine affect the brain?,AMBIGUOUS,AMB_ENTITY_UNSPECIFIED,The medicine is unspecified.
PRM-1841,What is the mechanism of this medicine?,AMBIGUOUS,AMB_ENTITY_UNSPECIFIED,The medicine is not identified.
PRM-1842,How does this drug work?,AMBIGUOUS,AMB_ENTITY_UNSPECIFIED,The drug is unspecified.
PRM-1843,What does this treatment target?,AMBIGUOUS,AMB_ENTITY_UNSPECIFIED,The treatment is not identified.
PRM-1844,What class is this medicine?,AMBIGUOUS,AMB_ENTITY_UNSPECIFIED,The medicine is unspecified.
PRM-1845,Is this drug an antibiotic?,AMBIGUOUS,AMB_ENTITY_UNSPECIFIED,The drug is not identified.
PRM-1846,Is this medicine an antiviral?,AMBIGUOUS,AMB_ENTITY_UNSPECIFIED,The medicine is unspecified.
PRM-1847,Is this drug a steroid?,AMBIGUOUS,AMB_ENTITY_UNSPECIFIED,The drug is not identified.
PRM-1848,Is this medicine a biologic?,AMBIGUOUS,AMB_ENTITY_UNSPECIFIED,The medicine is not identified.
PRM-1849,Is this drug a painkiller?,AMBIGUOUS,AMB_ENTITY_UNSPECIFIED,The drug is unspecified.
PRM-1850,Is this medicine an antidepressant?,AMBIGUOUS,AMB_ENTITY_UNSPECIFIED,The medicine is not identified.
PRM-1851,What are the uses of this drug?,AMBIGUOUS,AMB_ENTITY_UNSPECIFIED,The drug is unspecified.
PRM-1852,Can this medicine treat an infection?,AMBIGUOUS,AMB_ENTITY_UNSPECIFIED,The medicine is not identified.
PRM-1853,Can this drug treat pain?,AMBIGUOUS,AMB_ENTITY_UNSPECIFIED,The drug is unspecified.
PRM-1854,Can this medicine treat fever?,AMBIGUOUS,AMB_ENTITY_UNSPECIFIED,The medicine is not identified.
PRM-1855,Can this drug treat diabetes?,AMBIGUOUS,AMB_ENTITY_UNSPECIFIED,The drug is not identified.
PRM-1856,Can this medicine treat asthma?,AMBIGUOUS,AMB_ENTITY_UNSPECIFIED,The medicine is unspecified.
PRM-1857,Can this drug treat high blood pressure?,AMBIGUOUS,AMB_ENTITY_UNSPECIFIED,The drug is not identified.
PRM-1858,Can this medicine treat cancer?,AMBIGUOUS,AMB_ENTITY_UNSPECIFIED,The medicine is unspecified.
PRM-1859,Can this drug treat allergies?,AMBIGUOUS,AMB_ENTITY_UNSPECIFIED,The drug is not identified.
PRM-1860,Can this medicine treat a cough?,AMBIGUOUS,AMB_ENTITY_UNSPECIFIED,The medicine is unspecified.
PRM-1861,What is the pediatric dose of this drug?,AMBIGUOUS,AMB_ENTITY_UNSPECIFIED,The drug is not identified.
PRM-1862,What is the adult dose of this medicine?,AMBIGUOUS,AMB_ENTITY_UNSPECIFIED,The medicine is unspecified.
PRM-1863,Is this treatment safe for older people?,AMBIGUOUS,AMB_ENTITY_UNSPECIFIED,The treatment is not identified.
PRM-1864,Can children take this medicine?,AMBIGUOUS,AMB_ENTITY_UNSPECIFIED,The medicine is unspecified.
PRM-1865,Can pregnant women take this drug?,AMBIGUOUS,AMB_ENTITY_UNSPECIFIED,The drug is not identified.
PRM-1866,Can breastfeeding mothers use this medicine?,AMBIGUOUS,AMB_ENTITY_UNSPECIFIED,The medicine is unspecified.
PRM-1867,Is this drug safe for older adults?,AMBIGUOUS,AMB_ENTITY_UNSPECIFIED,The drug is not identified.
PRM-1868,Can this medicine be used in kidney disease?,AMBIGUOUS,AMB_ENTITY_UNSPECIFIED,The medicine is unspecified.
PRM-1869,Can this drug be used in liver disease?,AMBIGUOUS,AMB_ENTITY_UNSPECIFIED,The drug is not identified.
PRM-1870,Does this medicine need a lower dose for children?,AMBIGUOUS,AMB_ENTITY_UNSPECIFIED,The medicine is not identified.
PRM-1871,What is the half-life of this drug?,AMBIGUOUS,AMB_ENTITY_UNSPECIFIED,The drug is unspecified.
PRM-1872,How quickly does this medicine work?,AMBIGUOUS,AMB_ENTITY_UNSPECIFIED,The medicine is not identified.
PRM-1873,How long does this drug stay in the body?,AMBIGUOUS,AMB_ENTITY_UNSPECIFIED,The drug is unspecified.
PRM-1874,How is this medicine removed from the body?,AMBIGUOUS,AMB_ENTITY_UNSPECIFIED,The medicine is not identified.
PRM-1875,Does this drug affect the kidneys?,AMBIGUOUS,AMB_ENTITY_UNSPECIFIED,The drug is unspecified.
PRM-1876,Does this medicine affect the liver?,AMBIGUOUS,AMB_ENTITY_UNSPECIFIED,The medicine is not identified.
PRM-1877,Does this drug need blood tests?,AMBIGUOUS,AMB_ENTITY_UNSPECIFIED,The drug is not identified.
PRM-1878,How should this medicine be monitored?,AMBIGUOUS,AMB_ENTITY_UNSPECIFIED,The medicine is unspecified.
PRM-1879,Does this drug need regular monitoring?,AMBIGUOUS,AMB_ENTITY_UNSPECIFIED,The drug is not identified.
PRM-1880,What tests are needed with this medicine?,AMBIGUOUS,AMB_ENTITY_UNSPECIFIED,The medicine is unspecified.
PRM-1881,What are the clinical results of this drug?,AMBIGUOUS,AMB_ENTITY_UNSPECIFIED,The drug is not identified.
PRM-1882,What is the response rate of this treatment?,AMBIGUOUS,AMB_ENTITY_UNSPECIFIED,The treatment is unspecified.
PRM-1883,What is the success rate of this medicine?,AMBIGUOUS,AMB_ENTITY_UNSPECIFIED,The medicine is not identified.
PRM-1884,What are the safety results for this drug?,AMBIGUOUS,AMB_ENTITY_UNSPECIFIED,The drug is unspecified.
PRM-1885,What are the trial results for this treatment?,AMBIGUOUS,AMB_ENTITY_UNSPECIFIED,The treatment is not identified.
PRM-1886,What are the benefits seen in the trial?,AMBIGUOUS,AMB_ENTITY_UNSPECIFIED,The drug or trial is not identified.
PRM-1887,What were the adverse events in the study?,AMBIGUOUS,AMB_ENTITY_UNSPECIFIED,The study or treatment is not identified.
PRM-1888,What was the dose used in the trial?,AMBIGUOUS,AMB_ENTITY_UNSPECIFIED,The drug and trial are unspecified.
PRM-1889,What was the treatment response?,AMBIGUOUS,AMB_ENTITY_UNSPECIFIED,The treatment is not identified.
PRM-1890,What was the survival rate?,AMBIGUOUS,AMB_ENTITY_UNSPECIFIED,"The drug, study, and population are unspecified."
PRM-1891,What is the dose of our new drug?,AMBIGUOUS,AMB_ENTITY_UNSPECIFIED,The new drug is not named.
PRM-1892,What are the side effects of our medicine?,AMBIGUOUS,AMB_ENTITY_UNSPECIFIED,The medicine is not identified.
PRM-1893,Is our treatment safe?,AMBIGUOUS,AMB_ENTITY_UNSPECIFIED,The treatment is unspecified.
PRM-1894,What are the uses of our drug?,AMBIGUOUS,AMB_ENTITY_UNSPECIFIED,The drug is not named.
PRM-1895,What is the maximum dose of our medicine?,AMBIGUOUS,AMB_ENTITY_UNSPECIFIED,The medicine is unspecified.
PRM-1896,What are the warnings for our treatment?,AMBIGUOUS,AMB_ENTITY_UNSPECIFIED,The treatment is not identified.
PRM-1897,What is the best dose for the new medicine?,AMBIGUOUS,AMB_ENTITY_UNSPECIFIED,The medicine is not named.
PRM-1898,Can the new drug be used in children?,AMBIGUOUS,AMB_ENTITY_UNSPECIFIED,The specific drug is missing.
PRM-1899,What are the side effects of the main drug?,AMBIGUOUS,AMB_ENTITY_UNSPECIFIED,The drug is described vaguely.
PRM-1900,What is the recommended dose for the main treatment?,AMBIGUOUS,AMB_ENTITY_UNSPECIFIED,The treatment is not specifically identified.
PRM-1901,What is the dose for this?,AMBIGUOUS,AMB_ENTITY_UNSPECIFIED,The drug or treatment is not identified.
PRM-1902,Is this safe to take?,AMBIGUOUS,AMB_ENTITY_UNSPECIFIED,The medicine is not specified.
PRM-1903,What does this medicine do?,AMBIGUOUS,AMB_ENTITY_UNSPECIFIED,The medicine is not identified.
PRM-1904,How much should I take?,AMBIGUOUS,AMB_ENTITY_UNSPECIFIED,No drug or treatment is specified.
PRM-1905,Can I take this every day?,AMBIGUOUS,AMB_ENTITY_UNSPECIFIED,The medicine is unspecified.
PRM-1906,What are the side effects?,AMBIGUOUS,AMB_ENTITY_UNSPECIFIED,No specific drug is mentioned.
PRM-1907,What are the risks?,AMBIGUOUS,AMB_ENTITY_UNSPECIFIED,The treatment or drug is missing.
PRM-1908,Is this medicine effective?,AMBIGUOUS,AMB_ENTITY_UNSPECIFIED,The medicine is not identified.
PRM-1909,What is this used for?,AMBIGUOUS,AMB_ENTITY_UNSPECIFIED,The product is unspecified.
PRM-1910,How long should I take it?,AMBIGUOUS,AMB_ENTITY_UNSPECIFIED,The medicine is not identified.
PRM-1911,Can I stop taking it?,AMBIGUOUS,AMB_ENTITY_UNSPECIFIED,The drug is unspecified.
PRM-1912,What happens if I stop?,AMBIGUOUS,AMB_ENTITY_UNSPECIFIED,The medicine is not identified.
PRM-1913,What happens if I take too much?,AMBIGUOUS,AMB_ENTITY_UNSPECIFIED,The substance is unspecified.
PRM-1914,What happens if I miss it?,AMBIGUOUS,AMB_ENTITY_UNSPECIFIED,The medication is not identified.
PRM-1915,Can I take it with food?,AMBIGUOUS,AMB_ENTITY_UNSPECIFIED,The medicine is unspecified.
PRM-1916,Can I take it at night?,AMBIGUOUS,AMB_ENTITY_UNSPECIFIED,The drug is not identified.
PRM-1917,Should I take it in the morning?,AMBIGUOUS,AMB_ENTITY_UNSPECIFIED,The medicine is unspecified.
PRM-1918,How often should I take it?,AMBIGUOUS,AMB_ENTITY_UNSPECIFIED,The drug is not identified.
PRM-1919,How many tablets should I take?,AMBIGUOUS,AMB_ENTITY_UNSPECIFIED,The tablet and drug are unspecified.
PRM-1920,How many doses do I need?,AMBIGUOUS,AMB_ENTITY_UNSPECIFIED,The medicine is not identified.
PRM-1921,What are the warnings?,AMBIGUOUS,AMB_ENTITY_UNSPECIFIED,The relevant drug is missing.
PRM-1922,What are the precautions?,AMBIGUOUS,AMB_ENTITY_UNSPECIFIED,No medicine is specified.
PRM-1923,What are the contraindications?,AMBIGUOUS,AMB_ENTITY_UNSPECIFIED,The drug is not identified.
PRM-1924,What interactions should I know about?,AMBIGUOUS,AMB_ENTITY_UNSPECIFIED,The interacting drug is unspecified.
PRM-1925,Can this interact with other medicines?,AMBIGUOUS,AMB_ENTITY_UNSPECIFIED,The medicine is not identified.
PRM-1926,Can I take this with alcohol?,AMBIGUOUS,AMB_ENTITY_UNSPECIFIED,The drug is unspecified.
PRM-1927,Can I take this with vitamins?,AMBIGUOUS,AMB_ENTITY_UNSPECIFIED,The medicine is not identified.
PRM-1928,What should I avoid?,AMBIGUOUS,AMB_ENTITY_UNSPECIFIED,No drug or treatment is specified.
PRM-1929,What should I eat with it?,AMBIGUOUS,AMB_ENTITY_UNSPECIFIED,The medicine is unspecified.
PRM-1930,Should I take it with water?,AMBIGUOUS,AMB_ENTITY_UNSPECIFIED,The drug is not identified.
PRM-1931,Can this cause a headache?,AMBIGUOUS,AMB_ENTITY_UNSPECIFIED,The medicine is unspecified.
PRM-1932,Can this cause nausea?,AMBIGUOUS,AMB_ENTITY_UNSPECIFIED,The drug is not identified.
PRM-1933,Can this cause vomiting?,AMBIGUOUS,AMB_ENTITY_UNSPECIFIED,The medicine is unspecified.
PRM-1934,Can this cause diarrhea?,AMBIGUOUS,AMB_ENTITY_UNSPECIFIED,The drug is not identified.
PRM-1935,Can this cause a rash?,AMBIGUOUS,AMB_ENTITY_UNSPECIFIED,The medicine is unspecified.
PRM-1936,Can this cause bleeding?,AMBIGUOUS,AMB_ENTITY_UNSPECIFIED,The drug is not identified.
PRM-1937,Can this cause dizziness?,AMBIGUOUS,AMB_ENTITY_UNSPECIFIED,The medicine is unspecified.
PRM-1938,Can this cause sleepiness?,AMBIGUOUS,AMB_ENTITY_UNSPECIFIED,The drug is not identified.
PRM-1939,Can this affect my heart?,AMBIGUOUS,AMB_ENTITY_UNSPECIFIED,The medicine is unspecified.
PRM-1940,Can this affect my liver?,AMBIGUOUS,AMB_ENTITY_UNSPECIFIED,The drug is not identified.
PRM-1941,Can this affect my kidneys?,AMBIGUOUS,AMB_ENTITY_UNSPECIFIED,The medicine is unspecified.
PRM-1942,Can this affect my blood pressure?,AMBIGUOUS,AMB_ENTITY_UNSPECIFIED,The drug is not identified.
PRM-1943,Can this affect blood sugar?,AMBIGUOUS,AMB_ENTITY_UNSPECIFIED,The medicine is unspecified.
PRM-1944,Can this cause weight gain?,AMBIGUOUS,AMB_ENTITY_UNSPECIFIED,The drug or treatment is missing.
PRM-1945,Can this cause weight loss?,AMBIGUOUS,AMB_ENTITY_UNSPECIFIED,The medicine is unspecified.
PRM-1946,Can this cause tiredness?,AMBIGUOUS,AMB_ENTITY_UNSPECIFIED,The drug is not identified.
PRM-1947,Can this cause weakness?,AMBIGUOUS,AMB_ENTITY_UNSPECIFIED,The medicine is unspecified.
PRM-1948,Can this cause an allergy?,AMBIGUOUS,AMB_ENTITY_UNSPECIFIED,The drug is not identified.
PRM-1949,Can this cause breathing problems?,AMBIGUOUS,AMB_ENTITY_UNSPECIFIED,The medicine is unspecified.
PRM-1950,Can this cause stomach problems?,AMBIGUOUS,AMB_ENTITY_UNSPECIFIED,The drug is not identified.
PRM-1951,What is the mechanism?,AMBIGUOUS,AMB_ENTITY_UNSPECIFIED,No drug or treatment is specified.
PRM-1952,How does it work?,AMBIGUOUS,AMB_ENTITY_UNSPECIFIED,The treatment is not identified.
PRM-1953,What does it target?,AMBIGUOUS,AMB_ENTITY_UNSPECIFIED,The drug is unspecified.
PRM-1954,What class is it?,AMBIGUOUS,AMB_ENTITY_UNSPECIFIED,The medicine is not identified.
PRM-1955,Is it an antibiotic?,AMBIGUOUS,AMB_ENTITY_UNSPECIFIED,The drug is unspecified.
PRM-1956,Is it an antiviral?,AMBIGUOUS,AMB_ENTITY_UNSPECIFIED,The medicine is not identified.
PRM-1957,Is it a steroid?,AMBIGUOUS,AMB_ENTITY_UNSPECIFIED,The drug is unspecified.
PRM-1958,Is it a biologic?,AMBIGUOUS,AMB_ENTITY_UNSPECIFIED,The medicine is not identified.
PRM-1959,Is it a painkiller?,AMBIGUOUS,AMB_ENTITY_UNSPECIFIED,The drug is not identified.
PRM-1960,Is it an antidepressant?,AMBIGUOUS,AMB_ENTITY_UNSPECIFIED,The medicine is unspecified.
PRM-1961,What is the pediatric dose?,AMBIGUOUS,AMB_ENTITY_UNSPECIFIED,The drug is not identified.
PRM-1962,What is the adult dose?,AMBIGUOUS,AMB_ENTITY_UNSPECIFIED,The medicine is unspecified.
PRM-1963,Is it safe for children?,AMBIGUOUS,AMB_ENTITY_UNSPECIFIED,The drug is not identified.
PRM-1964,Is it safe for adults?,AMBIGUOUS,AMB_ENTITY_UNSPECIFIED,The medicine is unspecified.
PRM-1965,Is it safe during pregnancy?,AMBIGUOUS,AMB_ENTITY_UNSPECIFIED,The drug is not identified.
PRM-1966,Is it safe during breastfeeding?,AMBIGUOUS,AMB_ENTITY_UNSPECIFIED,The medicine is unspecified.
PRM-1967,Can older people use it?,AMBIGUOUS,AMB_ENTITY_UNSPECIFIED,The drug is not identified.
PRM-1968,Can children take it?,AMBIGUOUS,AMB_ENTITY_UNSPECIFIED,The medicine is unspecified.
PRM-1969,Can pregnant women use it?,AMBIGUOUS,AMB_ENTITY_UNSPECIFIED,The drug is not identified.
PRM-1970,Can people with kidney disease use it?,AMBIGUOUS,AMB_ENTITY_UNSPECIFIED,The medicine is not identified.
PRM-1971,What is the half-life?,AMBIGUOUS,AMB_ENTITY_UNSPECIFIED,No drug is specified.
PRM-1972,How fast does it work?,AMBIGUOUS,AMB_ENTITY_UNSPECIFIED,The medicine is unspecified.
PRM-1973,How long does it work?,AMBIGUOUS,AMB_ENTITY_UNSPECIFIED,The drug is not identified.
PRM-1974,How long does it stay in the body?,AMBIGUOUS,AMB_ENTITY_UNSPECIFIED,The medicine is unspecified.
PRM-1975,How is it removed from the body?,AMBIGUOUS,AMB_ENTITY_UNSPECIFIED,The drug is not identified.
PRM-1976,Does it need monitoring?,AMBIGUOUS,AMB_ENTITY_UNSPECIFIED,The medicine is unspecified.
PRM-1977,What tests are needed?,AMBIGUOUS,AMB_ENTITY_UNSPECIFIED,The drug or treatment is missing.
PRM-1978,Does it require blood tests?,AMBIGUOUS,AMB_ENTITY_UNSPECIFIED,The medicine is not identified.
PRM-1979,Does it require dose adjustment?,AMBIGUOUS,AMB_ENTITY_UNSPECIFIED,The drug is unspecified.
PRM-1980,Does it affect kidney function?,AMBIGUOUS,AMB_ENTITY_UNSPECIFIED,The medicine is not identified.
PRM-1981,What are the trial results?,AMBIGUOUS,AMB_ENTITY_UNSPECIFIED,The trial and treatment are unspecified.
PRM-1982,What were the safety results?,AMBIGUOUS,AMB_ENTITY_UNSPECIFIED,The drug or study is missing.
PRM-1983,What was the response rate?,AMBIGUOUS,AMB_ENTITY_UNSPECIFIED,The treatment and study are unspecified.
PRM-1984,What was the survival rate?,AMBIGUOUS,AMB_ENTITY_UNSPECIFIED,The study and treatment are missing.
PRM-1985,What were the adverse events?,AMBIGUOUS,AMB_ENTITY_UNSPECIFIED,The study or drug is unspecified.
PRM-1986,What was the treatment dose?,AMBIGUOUS,AMB_ENTITY_UNSPECIFIED,The treatment is not identified.
PRM-1987,What was the treatment response?,AMBIGUOUS,AMB_ENTITY_UNSPECIFIED,The treatment is unspecified.
PRM-1988,What were the trial outcomes?,AMBIGUOUS,AMB_ENTITY_UNSPECIFIED,The trial and treatment are not identified.
PRM-1989,What were the main findings?,AMBIGUOUS,AMB_ENTITY_UNSPECIFIED,The study or treatment is unspecified.
PRM-1990,What were the study results?,AMBIGUOUS,AMB_ENTITY_UNSPECIFIED,The study is not identified.
PRM-1991,What is the dose of the new medicine?,AMBIGUOUS,AMB_ENTITY_UNSPECIFIED,The specific medicine is not named.
PRM-1992,What are the side effects of the new drug?,AMBIGUOUS,AMB_ENTITY_UNSPECIFIED,The drug is not identified.
PRM-1993,Is the new treatment safe?,AMBIGUOUS,AMB_ENTITY_UNSPECIFIED,The treatment is unspecified.
PRM-1994,What is the new medicine used for?,AMBIGUOUS,AMB_ENTITY_UNSPECIFIED,The medicine is not identified.
PRM-1995,What is the maximum dose of the new drug?,AMBIGUOUS,AMB_ENTITY_UNSPECIFIED,The drug is not named.
PRM-1996,What are the warnings for the new treatment?,AMBIGUOUS,AMB_ENTITY_UNSPECIFIED,The treatment is unspecified.
PRM-1997,Can the new medicine be used in children?,AMBIGUOUS,AMB_ENTITY_UNSPECIFIED,The medicine is not identified.
PRM-1998,What are the benefits of the new drug?,AMBIGUOUS,AMB_ENTITY_UNSPECIFIED,The drug is not named.
PRM-1999,What are the risks of the new medicine?,AMBIGUOUS,AMB_ENTITY_UNSPECIFIED,The medicine is unspecified.
PRM-2000,What should I know about the new treatment?,AMBIGUOUS,AMB_ENTITY_UNSPECIFIED,The treatment is not specifically identified.